==========================================
SLURM_JOB_ID = 2490993
SLURM_NODELIST = gnode047
SLURM_JOB_GPUS = 1
==========================================
===> Training (relbias) -> /scratch/akr/eub_relbias_20250909_090330/checkpoints
sentencepiece_trainer.cc(78) LOG(INFO) Starts training with : 
trainer_spec {
  input: /tmp/tmpv0d58dla
  input_format: 
  model_prefix: /scratch/akr/eub_relbias_20250909_090330/checkpoints/src_spm
  model_type: BPE
  vocab_size: 12000
  self_test_sample_size: 0
  character_coverage: 1
  input_sentence_size: 0
  shuffle_input_sentence: 1
  seed_sentencepiece_size: 1000000
  shrinking_factor: 0.75
  max_sentence_length: 4192
  num_threads: 16
  num_sub_iterations: 2
  max_sentencepiece_length: 16
  split_by_unicode_script: 1
  split_by_number: 1
  split_by_whitespace: 1
  split_digits: 0
  pretokenization_delimiter: 
  treat_whitespace_as_suffix: 0
  allow_whitespace_only_pieces: 0
  required_chars: 
  byte_fallback: 0
  vocabulary_output_piece_score: 1
  train_extremely_large_corpus: 0
  seed_sentencepieces_file: 
  hard_vocab_limit: 1
  use_all_vocab: 0
  unk_id: 0
  bos_id: -1
  eos_id: -1
  pad_id: -1
  unk_piece: <unk>
  bos_piece: <s>
  eos_piece: </s>
  pad_piece: <pad>
  unk_surface:  ⁇ 
  enable_differential_privacy: 0
  differential_privacy_noise_level: 0
  differential_privacy_clipping_threshold: 0
}
normalizer_spec {
  name: nmt_nfkc
  add_dummy_prefix: 1
  remove_extra_whitespaces: 1
  escape_whitespaces: 1
  normalization_rule_tsv: 
}
denormalizer_spec {}
trainer_interface.cc(355) LOG(INFO) SentenceIterator is not specified. Using MultiFileSentenceIterator.
trainer_interface.cc(186) LOG(INFO) Loading corpus: /tmp/tmpv0d58dla
trainer_interface.cc(411) LOG(INFO) Loaded all 90000 sentences
trainer_interface.cc(427) LOG(INFO) Adding meta_piece: <unk>
trainer_interface.cc(432) LOG(INFO) Normalizing sentences...
trainer_interface.cc(541) LOG(INFO) all chars count=12503548
trainer_interface.cc(562) LOG(INFO) Alphabet size=219
trainer_interface.cc(563) LOG(INFO) Final character coverage=1
trainer_interface.cc(594) LOG(INFO) Done! preprocessed 90000 sentences.
trainer_interface.cc(600) LOG(INFO) Tokenizing input sentences with whitespace: 90000
trainer_interface.cc(611) LOG(INFO) Done! 201550
bpe_model_trainer.cc(159) LOG(INFO) Updating active symbols. max_freq=244662 min_freq=95
bpe_model_trainer.cc(268) LOG(INFO) Added: freq=72267 size=20 all=4609 active=2108 piece=es
bpe_model_trainer.cc(268) LOG(INFO) Added: freq=39296 size=40 all=5944 active=3443 piece=us
bpe_model_trainer.cc(268) LOG(INFO) Added: freq=28804 size=60 all=7531 active=5030 piece=el
bpe_model_trainer.cc(268) LOG(INFO) Added: freq=22028 size=80 all=9380 active=6879 piece=ra
bpe_model_trainer.cc(268) LOG(INFO) Added: freq=16872 size=100 all=11183 active=8682 piece=im
bpe_model_trainer.cc(159) LOG(INFO) Updating active symbols. max_freq=16846 min_freq=1568
bpe_model_trainer.cc(268) LOG(INFO) Added: freq=13132 size=120 all=12734 active=2444 piece=▁K
bpe_model_trainer.cc(268) LOG(INFO) Added: freq=10931 size=140 all=13954 active=3664 piece=▁la
bpe_model_trainer.cc(268) LOG(INFO) Added: freq=9764 size=160 all=15191 active=4901 piece=issa
bpe_model_trainer.cc(268) LOG(INFO) Added: freq=8576 size=180 all=16511 active=6221 piece=▁pa
bpe_model_trainer.cc(268) LOG(INFO) Added: freq=7607 size=200 all=17818 active=7528 piece=vät
bpe_model_trainer.cc(159) LOG(INFO) Updating active symbols. max_freq=7328 min_freq=1356
bpe_model_trainer.cc(268) LOG(INFO) Added: freq=6862 size=220 all=19306 active=2442 piece=yy
bpe_model_trainer.cc(268) LOG(INFO) Added: freq=6224 size=240 all=20401 active=3537 piece=▁parlament
bpe_model_trainer.cc(268) LOG(INFO) Added: freq=5658 size=260 all=21627 active=4763 piece=▁ol
bpe_model_trainer.cc(268) LOG(INFO) Added: freq=5299 size=280 all=22562 active=5698 piece=▁oik
bpe_model_trainer.cc(268) LOG(INFO) Added: freq=4811 size=300 all=23475 active=6611 piece=rke
bpe_model_trainer.cc(159) LOG(INFO) Updating active symbols. max_freq=4754 min_freq=1004
bpe_model_trainer.cc(268) LOG(INFO) Added: freq=4402 size=320 all=24799 active=2445 piece=ttava
bpe_model_trainer.cc(268) LOG(INFO) Added: freq=4128 size=340 all=25956 active=3602 piece=ikka
bpe_model_trainer.cc(268) LOG(INFO) Added: freq=3878 size=360 all=27317 active=4963 piece=stu
bpe_model_trainer.cc(268) LOG(INFO) Added: freq=3667 size=380 all=28197 active=5843 piece=rjestel
bpe_model_trainer.cc(268) LOG(INFO) Added: freq=3461 size=400 all=29587 active=7233 piece=▁sekä
bpe_model_trainer.cc(159) LOG(INFO) Updating active symbols. max_freq=3459 min_freq=710
bpe_model_trainer.cc(268) LOG(INFO) Added: freq=3312 size=420 all=30586 active=2467 piece=os
bpe_model_trainer.cc(268) LOG(INFO) Added: freq=3066 size=440 all=31556 active=3437 piece=▁var
bpe_model_trainer.cc(268) LOG(INFO) Added: freq=2895 size=460 all=32453 active=4334 piece=di
bpe_model_trainer.cc(268) LOG(INFO) Added: freq=2737 size=480 all=33872 active=5753 piece=▁liitty
bpe_model_trainer.cc(268) LOG(INFO) Added: freq=2596 size=500 all=34713 active=6594 piece=kan
bpe_model_trainer.cc(159) LOG(INFO) Updating active symbols. max_freq=2579 min_freq=533
bpe_model_trainer.cc(268) LOG(INFO) Added: freq=2441 size=520 all=35635 active=2516 piece=▁aika
bpe_model_trainer.cc(268) LOG(INFO) Added: freq=2362 size=540 all=36527 active=3408 piece=▁On
bpe_model_trainer.cc(268) LOG(INFO) Added: freq=2255 size=560 all=37672 active=4553 piece=▁tieto
bpe_model_trainer.cc(268) LOG(INFO) Added: freq=2161 size=580 all=38449 active=5330 piece=▁Parlamentin
bpe_model_trainer.cc(268) LOG(INFO) Added: freq=2094 size=600 all=39252 active=6133 piece=97
bpe_model_trainer.cc(159) LOG(INFO) Updating active symbols. max_freq=2091 min_freq=451
bpe_model_trainer.cc(268) LOG(INFO) Added: freq=1981 size=620 all=40001 active=2677 piece=mus
bpe_model_trainer.cc(268) LOG(INFO) Added: freq=1895 size=640 all=40885 active=3561 piece=eto
bpe_model_trainer.cc(268) LOG(INFO) Added: freq=1814 size=660 all=42150 active=4826 piece=mpäris
bpe_model_trainer.cc(268) LOG(INFO) Added: freq=1776 size=680 all=43094 active=5770 piece=ins
bpe_model_trainer.cc(268) LOG(INFO) Added: freq=1746 size=700 all=43921 active=6597 piece=ytä
bpe_model_trainer.cc(159) LOG(INFO) Updating active symbols. max_freq=1745 min_freq=376
bpe_model_trainer.cc(268) LOG(INFO) Added: freq=1692 size=720 all=44968 active=3195 piece=uttaa
bpe_model_trainer.cc(268) LOG(INFO) Added: freq=1637 size=740 all=45664 active=3891 piece=▁tiet
bpe_model_trainer.cc(268) LOG(INFO) Added: freq=1595 size=760 all=46387 active=4614 piece=kau
bpe_model_trainer.cc(268) LOG(INFO) Added: freq=1568 size=780 all=47146 active=5373 piece=tusten
bpe_model_trainer.cc(268) LOG(INFO) Added: freq=1534 size=800 all=48105 active=6332 piece=▁olemme
bpe_model_trainer.cc(159) LOG(INFO) Updating active symbols. max_freq=1534 min_freq=325
bpe_model_trainer.cc(268) LOG(INFO) Added: freq=1473 size=820 all=48850 active=3147 piece=desta
bpe_model_trainer.cc(268) LOG(INFO) Added: freq=1423 size=840 all=49594 active=3891 piece=▁tarkistu
bpe_model_trainer.cc(268) LOG(INFO) Added: freq=1383 size=860 all=50124 active=4421 piece=don
bpe_model_trainer.cc(268) LOG(INFO) Added: freq=1331 size=880 all=51124 active=5421 piece=▁py
bpe_model_trainer.cc(268) LOG(INFO) Added: freq=1295 size=900 all=51654 active=5951 piece=laa
bpe_model_trainer.cc(159) LOG(INFO) Updating active symbols. max_freq=1295 min_freq=284
bpe_model_trainer.cc(268) LOG(INFO) Added: freq=1269 size=920 all=52415 active=3208 piece=em
bpe_model_trainer.cc(268) LOG(INFO) Added: freq=1239 size=940 all=53397 active=4190 piece=▁le
bpe_model_trainer.cc(268) LOG(INFO) Added: freq=1211 size=960 all=53938 active=4731 piece=▁Puhemies
bpe_model_trainer.cc(268) LOG(INFO) Added: freq=1174 size=980 all=54516 active=5309 piece=staa
bpe_model_trainer.cc(268) LOG(INFO) Added: freq=1141 size=1000 all=55235 active=6028 piece=▁siis
bpe_model_trainer.cc(159) LOG(INFO) Updating active symbols. max_freq=1138 min_freq=255
bpe_model_trainer.cc(268) LOG(INFO) Added: freq=1111 size=1020 all=56259 active=3785 piece=▁arvoisa
bpe_model_trainer.cc(268) LOG(INFO) Added: freq=1088 size=1040 all=56838 active=4364 piece=kuuta
bpe_model_trainer.cc(268) LOG(INFO) Added: freq=1062 size=1060 all=57438 active=4964 piece=▁valmis
bpe_model_trainer.cc(268) LOG(INFO) Added: freq=1035 size=1080 all=58146 active=5672 piece=▁ky
bpe_model_trainer.cc(268) LOG(INFO) Added: freq=1008 size=1100 all=58960 active=6486 piece=▁lopu
bpe_model_trainer.cc(159) LOG(INFO) Updating active symbols. max_freq=1006 min_freq=230
bpe_model_trainer.cc(268) LOG(INFO) Added: freq=983 size=1120 all=59526 active=3501 piece=teiden
bpe_model_trainer.cc(268) LOG(INFO) Added: freq=968 size=1140 all=60288 active=4263 piece=▁tulevaisuu
bpe_model_trainer.cc(268) LOG(INFO) Added: freq=942 size=1160 all=60908 active=4883 piece=tut
bpe_model_trainer.cc(268) LOG(INFO) Added: freq=920 size=1180 all=61747 active=5722 piece=ippu
bpe_model_trainer.cc(268) LOG(INFO) Added: freq=901 size=1200 all=62496 active=6471 piece=▁ottaa
bpe_model_trainer.cc(159) LOG(INFO) Updating active symbols. max_freq=899 min_freq=208
bpe_model_trainer.cc(268) LOG(INFO) Added: freq=880 size=1220 all=62880 active=3506 piece=▁kulttu
bpe_model_trainer.cc(268) LOG(INFO) Added: freq=863 size=1240 all=63309 active=3935 piece=▁välillä
bpe_model_trainer.cc(268) LOG(INFO) Added: freq=845 size=1260 all=64034 active=4660 piece=▁pu
bpe_model_trainer.cc(268) LOG(INFO) Added: freq=831 size=1280 all=64577 active=5203 piece=yyden
bpe_model_trainer.cc(268) LOG(INFO) Added: freq=815 size=1300 all=65293 active=5919 piece=▁näiden
bpe_model_trainer.cc(159) LOG(INFO) Updating active symbols. max_freq=814 min_freq=192
bpe_model_trainer.cc(268) LOG(INFO) Added: freq=803 size=1320 all=65937 active=3907 piece=▁keskus
bpe_model_trainer.cc(268) LOG(INFO) Added: freq=789 size=1340 all=66330 active=4300 piece=▁d
bpe_model_trainer.cc(268) LOG(INFO) Added: freq=776 size=1360 all=67008 active=4978 piece=▁tänään
bpe_model_trainer.cc(268) LOG(INFO) Added: freq=764 size=1380 all=67555 active=5525 piece=▁mitään
bpe_model_trainer.cc(268) LOG(INFO) Added: freq=746 size=1400 all=68001 active=5971 piece=itto
bpe_model_trainer.cc(159) LOG(INFO) Updating active symbols. max_freq=746 min_freq=176
bpe_model_trainer.cc(268) LOG(INFO) Added: freq=731 size=1420 all=68735 active=4066 piece=▁kokon
bpe_model_trainer.cc(268) LOG(INFO) Added: freq=718 size=1440 all=69333 active=4664 piece=▁varten
bpe_model_trainer.cc(268) LOG(INFO) Added: freq=706 size=1460 all=69853 active=5184 piece=▁Jo
bpe_model_trainer.cc(268) LOG(INFO) Added: freq=695 size=1480 all=70495 active=5826 piece=▁unioni
bpe_model_trainer.cc(268) LOG(INFO) Added: freq=682 size=1500 all=71093 active=6424 piece=▁vaar
bpe_model_trainer.cc(159) LOG(INFO) Updating active symbols. max_freq=681 min_freq=165
bpe_model_trainer.cc(268) LOG(INFO) Added: freq=667 size=1520 all=71626 active=4076 piece=▁työs
bpe_model_trainer.cc(268) LOG(INFO) Added: freq=653 size=1540 all=72233 active=4683 piece=isteri
bpe_model_trainer.cc(268) LOG(INFO) Added: freq=644 size=1560 all=72934 active=5384 piece=tra
bpe_model_trainer.cc(268) LOG(INFO) Added: freq=635 size=1580 all=73598 active=6048 piece=▁rauh
bpe_model_trainer.cc(268) LOG(INFO) Added: freq=622 size=1600 all=74249 active=6699 piece=▁hyväksyä
bpe_model_trainer.cc(159) LOG(INFO) Updating active symbols. max_freq=621 min_freq=151
bpe_model_trainer.cc(268) LOG(INFO) Added: freq=611 size=1620 all=74788 active=4250 piece=▁osoitta
bpe_model_trainer.cc(268) LOG(INFO) Added: freq=601 size=1640 all=75245 active=4707 piece=▁demokraatt
bpe_model_trainer.cc(268) LOG(INFO) Added: freq=586 size=1660 all=75912 active=5374 piece=▁järj
bpe_model_trainer.cc(268) LOG(INFO) Added: freq=577 size=1680 all=76293 active=5755 piece=▁Ki
bpe_model_trainer.cc(268) LOG(INFO) Added: freq=563 size=1700 all=77071 active=6533 piece=▁enää
bpe_model_trainer.cc(159) LOG(INFO) Updating active symbols. max_freq=563 min_freq=142
bpe_model_trainer.cc(268) LOG(INFO) Added: freq=558 size=1720 all=77660 active=4443 piece=▁oh
bpe_model_trainer.cc(268) LOG(INFO) Added: freq=549 size=1740 all=78029 active=4812 piece=ile
bpe_model_trainer.cc(268) LOG(INFO) Added: freq=543 size=1760 all=78562 active=5345 piece=▁yksinkerta
bpe_model_trainer.cc(268) LOG(INFO) Added: freq=535 size=1780 all=79052 active=5835 piece=▁kansan
bpe_model_trainer.cc(268) LOG(INFO) Added: freq=529 size=1800 all=79464 active=6247 piece=▁missä
bpe_model_trainer.cc(159) LOG(INFO) Updating active symbols. max_freq=529 min_freq=133
bpe_model_trainer.cc(268) LOG(INFO) Added: freq=522 size=1820 all=80074 active=4582 piece=▁rakenn
bpe_model_trainer.cc(268) LOG(INFO) Added: freq=512 size=1840 all=80477 active=4985 piece=eilla
bpe_model_trainer.cc(268) LOG(INFO) Added: freq=505 size=1860 all=80992 active=5500 piece=▁yhteisen
bpe_model_trainer.cc(268) LOG(INFO) Added: freq=497 size=1880 all=81502 active=6010 piece=koulu
bpe_model_trainer.cc(268) LOG(INFO) Added: freq=490 size=1900 all=82136 active=6644 piece=▁prosenttia
bpe_model_trainer.cc(159) LOG(INFO) Updating active symbols. max_freq=489 min_freq=125
bpe_model_trainer.cc(268) LOG(INFO) Added: freq=481 size=1920 all=82566 active=4536 piece=AR
bpe_model_trainer.cc(268) LOG(INFO) Added: freq=472 size=1940 all=83221 active=5191 piece=▁merkitys
bpe_model_trainer.cc(268) LOG(INFO) Added: freq=465 size=1960 all=83807 active=5777 piece=vistä
bpe_model_trainer.cc(268) LOG(INFO) Added: freq=461 size=1980 all=84125 active=6095 piece=▁tutkimus
bpe_model_trainer.cc(268) LOG(INFO) Added: freq=455 size=2000 all=84591 active=6561 piece=7.
bpe_model_trainer.cc(159) LOG(INFO) Updating active symbols. max_freq=455 min_freq=118
bpe_model_trainer.cc(268) LOG(INFO) Added: freq=448 size=2020 all=85151 active=4752 piece=reett
bpe_model_trainer.cc(268) LOG(INFO) Added: freq=439 size=2040 all=85672 active=5273 piece=oitu
bpe_model_trainer.cc(268) LOG(INFO) Added: freq=434 size=2060 all=86254 active=5855 piece=▁An
bpe_model_trainer.cc(268) LOG(INFO) Added: freq=430 size=2080 all=86632 active=6233 piece=▁toimielin
bpe_model_trainer.cc(268) LOG(INFO) Added: freq=424 size=2100 all=87064 active=6665 piece=markkinoiden
bpe_model_trainer.cc(159) LOG(INFO) Updating active symbols. max_freq=424 min_freq=112
bpe_model_trainer.cc(268) LOG(INFO) Added: freq=418 size=2120 all=87585 active=4851 piece=uuta
bpe_model_trainer.cc(268) LOG(INFO) Added: freq=412 size=2140 all=88163 active=5429 piece=▁päätty
bpe_model_trainer.cc(268) LOG(INFO) Added: freq=407 size=2160 all=88712 active=5978 piece=ikkoja
bpe_model_trainer.cc(268) LOG(INFO) Added: freq=404 size=2180 all=89354 active=6620 piece=▁mahdollisimman
bpe_model_trainer.cc(268) LOG(INFO) Added: freq=399 size=2200 all=89775 active=7041 piece=IT
bpe_model_trainer.cc(159) LOG(INFO) Updating active symbols. max_freq=399 min_freq=107
bpe_model_trainer.cc(268) LOG(INFO) Added: freq=394 size=2220 all=90364 active=5037 piece=▁suora
bpe_model_trainer.cc(268) LOG(INFO) Added: freq=387 size=2240 all=90791 active=5464 piece=▁täyden
bpe_model_trainer.cc(268) LOG(INFO) Added: freq=383 size=2260 all=91192 active=5865 piece=ittö
bpe_model_trainer.cc(268) LOG(INFO) Added: freq=380 size=2280 all=91643 active=6316 piece=▁tarp
bpe_model_trainer.cc(268) LOG(INFO) Added: freq=375 size=2300 all=92037 active=6710 piece=stoin
bpe_model_trainer.cc(159) LOG(INFO) Updating active symbols. max_freq=375 min_freq=102
bpe_model_trainer.cc(268) LOG(INFO) Added: freq=371 size=2320 all=92331 active=4882 piece=tarv
bpe_model_trainer.cc(268) LOG(INFO) Added: freq=366 size=2340 all=92676 active=5227 piece=äni
bpe_model_trainer.cc(268) LOG(INFO) Added: freq=363 size=2360 all=93225 active=5776 piece=▁Val
bpe_model_trainer.cc(268) LOG(INFO) Added: freq=358 size=2380 all=93810 active=6361 piece=▁onni
bpe_model_trainer.cc(268) LOG(INFO) Added: freq=355 size=2400 all=94258 active=6809 piece=▁tutkintava
bpe_model_trainer.cc(159) LOG(INFO) Updating active symbols. max_freq=354 min_freq=97
bpe_model_trainer.cc(268) LOG(INFO) Added: freq=352 size=2420 all=94721 active=5172 piece=▁kasva
bpe_model_trainer.cc(268) LOG(INFO) Added: freq=346 size=2440 all=95036 active=5487 piece=▁suorit
bpe_model_trainer.cc(268) LOG(INFO) Added: freq=343 size=2460 all=95506 active=5957 piece=▁kaupa
bpe_model_trainer.cc(268) LOG(INFO) Added: freq=339 size=2480 all=95819 active=6270 piece=▁useita
bpe_model_trainer.cc(268) LOG(INFO) Added: freq=336 size=2500 all=96128 active=6579 piece=▁lisäänty
bpe_model_trainer.cc(159) LOG(INFO) Updating active symbols. max_freq=336 min_freq=93
bpe_model_trainer.cc(268) LOG(INFO) Added: freq=333 size=2520 all=96646 active=5303 piece=▁sala
bpe_model_trainer.cc(268) LOG(INFO) Added: freq=329 size=2540 all=97082 active=5739 piece=▁g
bpe_model_trainer.cc(268) LOG(INFO) Added: freq=325 size=2560 all=97569 active=6226 piece=▁t
bpe_model_trainer.cc(268) LOG(INFO) Added: freq=323 size=2580 all=97963 active=6620 piece=▁kehitystä
bpe_model_trainer.cc(268) LOG(INFO) Added: freq=319 size=2600 all=98189 active=6846 piece=▁sisältää
bpe_model_trainer.cc(159) LOG(INFO) Updating active symbols. max_freq=319 min_freq=89
bpe_model_trainer.cc(268) LOG(INFO) Added: freq=315 size=2620 all=98681 active=5401 piece=▁päättä
bpe_model_trainer.cc(268) LOG(INFO) Added: freq=311 size=2640 all=99049 active=5769 piece=neksi
bpe_model_trainer.cc(268) LOG(INFO) Added: freq=308 size=2660 all=99294 active=6014 piece=kasta
bpe_model_trainer.cc(268) LOG(INFO) Added: freq=305 size=2680 all=99573 active=6293 piece=▁kysymyksen
bpe_model_trainer.cc(268) LOG(INFO) Added: freq=301 size=2700 all=99909 active=6629 piece=▁rikko
bpe_model_trainer.cc(159) LOG(INFO) Updating active symbols. max_freq=301 min_freq=86
bpe_model_trainer.cc(268) LOG(INFO) Added: freq=299 size=2720 all=100219 active=5268 piece=▁kasvi
bpe_model_trainer.cc(268) LOG(INFO) Added: freq=297 size=2740 all=100520 active=5569 piece=▁saanut
bpe_model_trainer.cc(268) LOG(INFO) Added: freq=293 size=2760 all=100915 active=5964 piece=usa
bpe_model_trainer.cc(268) LOG(INFO) Added: freq=290 size=2780 all=101435 active=6484 piece=▁tunte
bpe_model_trainer.cc(268) LOG(INFO) Added: freq=287 size=2800 all=102046 active=7095 piece=▁sovell
bpe_model_trainer.cc(159) LOG(INFO) Updating active symbols. max_freq=287 min_freq=83
bpe_model_trainer.cc(268) LOG(INFO) Added: freq=284 size=2820 all=102337 active=5380 piece=▁institu
bpe_model_trainer.cc(268) LOG(INFO) Added: freq=282 size=2840 all=102678 active=5721 piece=▁mainittu
bpe_model_trainer.cc(268) LOG(INFO) Added: freq=279 size=2860 all=102990 active=6033 piece=▁Alger
bpe_model_trainer.cc(268) LOG(INFO) Added: freq=276 size=2880 all=103278 active=6321 piece=▁voimassa
bpe_model_trainer.cc(268) LOG(INFO) Added: freq=274 size=2900 all=103680 active=6723 piece=▁olleet
bpe_model_trainer.cc(159) LOG(INFO) Updating active symbols. max_freq=274 min_freq=80
bpe_model_trainer.cc(268) LOG(INFO) Added: freq=270 size=2920 all=103910 active=5414 piece=uol
bpe_model_trainer.cc(268) LOG(INFO) Added: freq=268 size=2940 all=104316 active=5820 piece=▁naiset
bpe_model_trainer.cc(268) LOG(INFO) Added: freq=265 size=2960 all=104671 active=6175 piece=ysti
bpe_model_trainer.cc(268) LOG(INFO) Added: freq=263 size=2980 all=105123 active=6627 piece=maatt
bpe_model_trainer.cc(268) LOG(INFO) Added: freq=261 size=3000 all=105553 active=7057 piece=▁monia
bpe_model_trainer.cc(159) LOG(INFO) Updating active symbols. max_freq=261 min_freq=77
bpe_model_trainer.cc(268) LOG(INFO) Added: freq=258 size=3020 all=106039 active=5759 piece=▁ali
bpe_model_trainer.cc(268) LOG(INFO) Added: freq=256 size=3040 all=106396 active=6116 piece=▁hyväksyn
bpe_model_trainer.cc(268) LOG(INFO) Added: freq=253 size=3060 all=106575 active=6295 piece=järjestelmää
bpe_model_trainer.cc(268) LOG(INFO) Added: freq=251 size=3080 all=107015 active=6735 piece=▁inf
bpe_model_trainer.cc(268) LOG(INFO) Added: freq=249 size=3100 all=107344 active=7064 piece=laaju
bpe_model_trainer.cc(159) LOG(INFO) Updating active symbols. max_freq=249 min_freq=74
bpe_model_trainer.cc(268) LOG(INFO) Added: freq=247 size=3120 all=107734 active=5727 piece=▁poliittista
bpe_model_trainer.cc(268) LOG(INFO) Added: freq=245 size=3140 all=108117 active=6110 piece=▁tapahtunut
bpe_model_trainer.cc(268) LOG(INFO) Added: freq=243 size=3160 all=108491 active=6484 piece=▁metsä
bpe_model_trainer.cc(268) LOG(INFO) Added: freq=241 size=3180 all=108784 active=6777 piece=▁vapaaehto
bpe_model_trainer.cc(268) LOG(INFO) Added: freq=239 size=3200 all=109118 active=7111 piece=▁tarpeen
bpe_model_trainer.cc(159) LOG(INFO) Updating active symbols. max_freq=239 min_freq=71
bpe_model_trainer.cc(268) LOG(INFO) Added: freq=236 size=3220 all=109411 active=5747 piece=ani
bpe_model_trainer.cc(268) LOG(INFO) Added: freq=235 size=3240 all=109857 active=6193 piece=tuksiin
bpe_model_trainer.cc(268) LOG(INFO) Added: freq=233 size=3260 all=110170 active=6506 piece=kuntien
bpe_model_trainer.cc(268) LOG(INFO) Added: freq=232 size=3280 all=110445 active=6781 piece=▁toimenpiteet
bpe_model_trainer.cc(268) LOG(INFO) Added: freq=230 size=3300 all=110888 active=7224 piece=▁jättää
bpe_model_trainer.cc(159) LOG(INFO) Updating active symbols. max_freq=230 min_freq=69
bpe_model_trainer.cc(268) LOG(INFO) Added: freq=228 size=3320 all=111214 active=5869 piece=▁yhteenso
bpe_model_trainer.cc(268) LOG(INFO) Added: freq=226 size=3340 all=111555 active=6210 piece=▁pyrkim
bpe_model_trainer.cc(268) LOG(INFO) Added: freq=224 size=3360 all=111957 active=6612 piece=ivat
bpe_model_trainer.cc(268) LOG(INFO) Added: freq=222 size=3380 all=112184 active=6839 piece=▁EY
bpe_model_trainer.cc(268) LOG(INFO) Added: freq=221 size=3400 all=112514 active=7169 piece=▁kansalliset
bpe_model_trainer.cc(159) LOG(INFO) Updating active symbols. max_freq=220 min_freq=67
bpe_model_trainer.cc(268) LOG(INFO) Added: freq=218 size=3420 all=112938 active=6050 piece=▁tii
bpe_model_trainer.cc(268) LOG(INFO) Added: freq=217 size=3440 all=113259 active=6371 piece=▁tiedot
bpe_model_trainer.cc(268) LOG(INFO) Added: freq=215 size=3460 all=113594 active=6706 piece=lon
bpe_model_trainer.cc(268) LOG(INFO) Added: freq=214 size=3480 all=113889 active=7001 piece=▁yhteensä
bpe_model_trainer.cc(268) LOG(INFO) Added: freq=212 size=3500 all=114006 active=7118 piece=▁monimutka
bpe_model_trainer.cc(159) LOG(INFO) Updating active symbols. max_freq=212 min_freq=65
bpe_model_trainer.cc(268) LOG(INFO) Added: freq=210 size=3520 all=114285 active=5957 piece=jetta
bpe_model_trainer.cc(268) LOG(INFO) Added: freq=208 size=3540 all=114627 active=6299 piece=▁YK
bpe_model_trainer.cc(268) LOG(INFO) Added: freq=207 size=3560 all=114948 active=6620 piece=kunnassa
bpe_model_trainer.cc(268) LOG(INFO) Added: freq=205 size=3580 all=115202 active=6874 piece=tasa
bpe_model_trainer.cc(268) LOG(INFO) Added: freq=204 size=3600 all=115750 active=7422 piece=istettu
bpe_model_trainer.cc(159) LOG(INFO) Updating active symbols. max_freq=204 min_freq=63
bpe_model_trainer.cc(268) LOG(INFO) Added: freq=203 size=3620 all=115978 active=5980 piece=▁käytän
bpe_model_trainer.cc(268) LOG(INFO) Added: freq=201 size=3640 all=116156 active=6158 piece=LT
bpe_model_trainer.cc(268) LOG(INFO) Added: freq=200 size=3660 all=116404 active=6406 piece=▁ministeri
bpe_model_trainer.cc(268) LOG(INFO) Added: freq=199 size=3680 all=116693 active=6695 piece=▁vaikutuksia
bpe_model_trainer.cc(268) LOG(INFO) Added: freq=197 size=3700 all=117111 active=7113 piece=▁Sillä
bpe_model_trainer.cc(159) LOG(INFO) Updating active symbols. max_freq=197 min_freq=61
bpe_model_trainer.cc(268) LOG(INFO) Added: freq=196 size=3720 all=117496 active=6240 piece=▁saaneet
bpe_model_trainer.cc(268) LOG(INFO) Added: freq=195 size=3740 all=117907 active=6651 piece=▁koskevassa
bpe_model_trainer.cc(268) LOG(INFO) Added: freq=193 size=3760 all=118274 active=7018 piece=▁johd
bpe_model_trainer.cc(268) LOG(INFO) Added: freq=192 size=3780 all=118658 active=7402 piece=▁sanottu
bpe_model_trainer.cc(268) LOG(INFO) Added: freq=190 size=3800 all=119004 active=7748 piece=sopimus
bpe_model_trainer.cc(159) LOG(INFO) Updating active symbols. max_freq=190 min_freq=59
bpe_model_trainer.cc(268) LOG(INFO) Added: freq=189 size=3820 all=119328 active=6247 piece=▁käytössä
bpe_model_trainer.cc(268) LOG(INFO) Added: freq=187 size=3840 all=119579 active=6498 piece=▁viiden
bpe_model_trainer.cc(268) LOG(INFO) Added: freq=186 size=3860 all=119778 active=6697 piece=▁tarkistukset
bpe_model_trainer.cc(268) LOG(INFO) Added: freq=184 size=3880 all=120049 active=6968 piece=50
bpe_model_trainer.cc(268) LOG(INFO) Added: freq=183 size=3900 all=120403 active=7322 piece=▁apua
bpe_model_trainer.cc(159) LOG(INFO) Updating active symbols. max_freq=183 min_freq=57
bpe_model_trainer.cc(268) LOG(INFO) Added: freq=182 size=3920 all=120615 active=6232 piece=▁nous
bpe_model_trainer.cc(268) LOG(INFO) Added: freq=181 size=3940 all=120896 active=6513 piece=▁ministerin
bpe_model_trainer.cc(268) LOG(INFO) Added: freq=180 size=3960 all=121137 active=6754 piece=▁voimakkaasti
bpe_model_trainer.cc(268) LOG(INFO) Added: freq=179 size=3980 all=121459 active=7076 piece=▁menettelyn
bpe_model_trainer.cc(268) LOG(INFO) Added: freq=178 size=4000 all=121840 active=7457 piece=▁joidenkin
bpe_model_trainer.cc(159) LOG(INFO) Updating active symbols. max_freq=178 min_freq=56
bpe_model_trainer.cc(268) LOG(INFO) Added: freq=177 size=4020 all=122181 active=6433 piece=▁tuotann
bpe_model_trainer.cc(268) LOG(INFO) Added: freq=176 size=4040 all=122599 active=6851 piece=▁erilaisia
bpe_model_trainer.cc(268) LOG(INFO) Added: freq=175 size=4060 all=122882 active=7134 piece=▁tuloksia
bpe_model_trainer.cc(268) LOG(INFO) Added: freq=174 size=4080 all=123094 active=7346 piece=▁kansalaisille
bpe_model_trainer.cc(268) LOG(INFO) Added: freq=172 size=4100 all=123375 active=7627 piece=tegia
bpe_model_trainer.cc(159) LOG(INFO) Updating active symbols. max_freq=172 min_freq=54
bpe_model_trainer.cc(268) LOG(INFO) Added: freq=171 size=4120 all=123545 active=6324 piece=▁näissä
bpe_model_trainer.cc(268) LOG(INFO) Added: freq=170 size=4140 all=123722 active=6501 piece=▁maanviljeli
bpe_model_trainer.cc(268) LOG(INFO) Added: freq=168 size=4160 all=124078 active=6857 piece=▁Joka
bpe_model_trainer.cc(268) LOG(INFO) Added: freq=167 size=4180 all=124248 active=7027 piece=ida
bpe_model_trainer.cc(268) LOG(INFO) Added: freq=166 size=4200 all=124637 active=7416 piece=▁tärkein
bpe_model_trainer.cc(159) LOG(INFO) Updating active symbols. max_freq=166 min_freq=53
bpe_model_trainer.cc(268) LOG(INFO) Added: freq=165 size=4220 all=124994 active=6588 piece=▁Talou
bpe_model_trainer.cc(268) LOG(INFO) Added: freq=164 size=4240 all=125377 active=6971 piece=▁entinen
bpe_model_trainer.cc(268) LOG(INFO) Added: freq=163 size=4260 all=125636 active=7230 piece=▁vaikeaa
bpe_model_trainer.cc(268) LOG(INFO) Added: freq=162 size=4280 all=125971 active=7565 piece=▁eurooppalaista
bpe_model_trainer.cc(268) LOG(INFO) Added: freq=160 size=4300 all=126284 active=7878 piece=struk
bpe_model_trainer.cc(159) LOG(INFO) Updating active symbols. max_freq=160 min_freq=51
bpe_model_trainer.cc(268) LOG(INFO) Added: freq=159 size=4320 all=126673 active=6698 piece=▁määräraho
bpe_model_trainer.cc(268) LOG(INFO) Added: freq=158 size=4340 all=126976 active=7001 piece=▁maita
bpe_model_trainer.cc(268) LOG(INFO) Added: freq=157 size=4360 all=127307 active=7332 piece=sson
bpe_model_trainer.cc(268) LOG(INFO) Added: freq=157 size=4380 all=127479 active=7504 piece=▁neuvottelut
bpe_model_trainer.cc(268) LOG(INFO) Added: freq=156 size=4400 all=127672 active=7697 piece=▁poliittisia
bpe_model_trainer.cc(159) LOG(INFO) Updating active symbols. max_freq=155 min_freq=50
bpe_model_trainer.cc(268) LOG(INFO) Added: freq=154 size=4420 all=127919 active=6631 piece=▁Yle
bpe_model_trainer.cc(268) LOG(INFO) Added: freq=153 size=4440 all=128131 active=6843 piece=alue
bpe_model_trainer.cc(268) LOG(INFO) Added: freq=152 size=4460 all=128480 active=7192 piece=▁arvon
bpe_model_trainer.cc(268) LOG(INFO) Added: freq=151 size=4480 all=128818 active=7530 piece=▁tutk
bpe_model_trainer.cc(268) LOG(INFO) Added: freq=150 size=4500 all=129091 active=7803 piece=▁Kiinan
bpe_model_trainer.cc(159) LOG(INFO) Updating active symbols. max_freq=150 min_freq=49
bpe_model_trainer.cc(268) LOG(INFO) Added: freq=149 size=4520 all=129364 active=6728 piece=▁gen
bpe_model_trainer.cc(268) LOG(INFO) Added: freq=149 size=4540 all=129576 active=6940 piece=▁esittämään
bpe_model_trainer.cc(268) LOG(INFO) Added: freq=148 size=4560 all=129747 active=7111 piece=▁kesäkuuta
bpe_model_trainer.cc(268) LOG(INFO) Added: freq=147 size=4580 all=129973 active=7337 piece=▁yhteisestä
bpe_model_trainer.cc(268) LOG(INFO) Added: freq=146 size=4600 all=130266 active=7630 piece=▁pitkälle
bpe_model_trainer.cc(159) LOG(INFO) Updating active symbols. max_freq=146 min_freq=48
bpe_model_trainer.cc(268) LOG(INFO) Added: freq=145 size=4620 all=130461 active=6709 piece=▁huolena
bpe_model_trainer.cc(268) LOG(INFO) Added: freq=144 size=4640 all=130621 active=6869 piece=▁riitä
bpe_model_trainer.cc(268) LOG(INFO) Added: freq=143 size=4660 all=130799 active=7047 piece=▁merkity
bpe_model_trainer.cc(268) LOG(INFO) Added: freq=142 size=4680 all=131085 active=7333 piece=▁puolue
bpe_model_trainer.cc(268) LOG(INFO) Added: freq=141 size=4700 all=131287 active=7535 piece=▁ammati
bpe_model_trainer.cc(159) LOG(INFO) Updating active symbols. max_freq=141 min_freq=47
bpe_model_trainer.cc(268) LOG(INFO) Added: freq=140 size=4720 all=131563 active=6824 piece=nissa
bpe_model_trainer.cc(268) LOG(INFO) Added: freq=139 size=4740 all=131816 active=7077 piece=isilta
bpe_model_trainer.cc(268) LOG(INFO) Added: freq=138 size=4760 all=132125 active=7386 piece=tusla
bpe_model_trainer.cc(268) LOG(INFO) Added: freq=137 size=4780 all=132323 active=7584 piece=▁sie
bpe_model_trainer.cc(268) LOG(INFO) Added: freq=137 size=4800 all=132586 active=7847 piece=▁mahdotonta
bpe_model_trainer.cc(159) LOG(INFO) Updating active symbols. max_freq=137 min_freq=46
bpe_model_trainer.cc(268) LOG(INFO) Added: freq=136 size=4820 all=132910 active=6952 piece=▁epävar
bpe_model_trainer.cc(268) LOG(INFO) Added: freq=135 size=4840 all=133340 active=7382 piece=▁arvioida
bpe_model_trainer.cc(268) LOG(INFO) Added: freq=134 size=4860 all=133526 active=7568 piece=▁suojel
bpe_model_trainer.cc(268) LOG(INFO) Added: freq=133 size=4880 all=133784 active=7826 piece=▁kokous
bpe_model_trainer.cc(268) LOG(INFO) Added: freq=132 size=4900 all=134024 active=8066 piece=▁Ruotsi
bpe_model_trainer.cc(159) LOG(INFO) Updating active symbols. max_freq=132 min_freq=44
bpe_model_trainer.cc(268) LOG(INFO) Added: freq=131 size=4920 all=134241 active=6914 piece=▁Az
bpe_model_trainer.cc(268) LOG(INFO) Added: freq=131 size=4940 all=134562 active=7235 piece=▁ongelmien
bpe_model_trainer.cc(268) LOG(INFO) Added: freq=130 size=4960 all=134815 active=7488 piece=▁kukaan
bpe_model_trainer.cc(268) LOG(INFO) Added: freq=129 size=4980 all=134976 active=7649 piece=rjaa
bpe_model_trainer.cc(268) LOG(INFO) Added: freq=129 size=5000 all=135224 active=7897 piece=▁hyväksyttävä
bpe_model_trainer.cc(159) LOG(INFO) Updating active symbols. max_freq=128 min_freq=44
bpe_model_trainer.cc(268) LOG(INFO) Added: freq=128 size=5020 all=135474 active=7008 piece=▁esiinty
bpe_model_trainer.cc(268) LOG(INFO) Added: freq=127 size=5040 all=135653 active=7187 piece=▁seka
bpe_model_trainer.cc(268) LOG(INFO) Added: freq=126 size=5060 all=135855 active=7389 piece=12
bpe_model_trainer.cc(268) LOG(INFO) Added: freq=126 size=5080 all=136143 active=7677 piece=▁muutosehdo
bpe_model_trainer.cc(268) LOG(INFO) Added: freq=125 size=5100 all=136515 active=8049 piece=stojen
bpe_model_trainer.cc(159) LOG(INFO) Updating active symbols. max_freq=125 min_freq=43
bpe_model_trainer.cc(268) LOG(INFO) Added: freq=124 size=5120 all=136829 active=7123 piece=sille
bpe_model_trainer.cc(268) LOG(INFO) Added: freq=123 size=5140 all=136992 active=7286 piece=IO
bpe_model_trainer.cc(268) LOG(INFO) Added: freq=123 size=5160 all=137281 active=7575 piece=▁kertomus
bpe_model_trainer.cc(268) LOG(INFO) Added: freq=122 size=5180 all=137509 active=7803 piece=ittaan
bpe_model_trainer.cc(268) LOG(INFO) Added: freq=121 size=5200 all=137655 active=7949 piece=sem
bpe_model_trainer.cc(159) LOG(INFO) Updating active symbols. max_freq=121 min_freq=42
bpe_model_trainer.cc(268) LOG(INFO) Added: freq=121 size=5220 all=137903 active=7121 piece=▁siirtymä
bpe_model_trainer.cc(268) LOG(INFO) Added: freq=120 size=5240 all=138168 active=7386 piece=▁Etelä
bpe_model_trainer.cc(268) LOG(INFO) Added: freq=119 size=5260 all=138312 active=7530 piece=seet
bpe_model_trainer.cc(268) LOG(INFO) Added: freq=119 size=5280 all=138548 active=7766 piece=▁tuotannon
bpe_model_trainer.cc(268) LOG(INFO) Added: freq=118 size=5300 all=138939 active=8157 piece=▁tuonti
bpe_model_trainer.cc(159) LOG(INFO) Updating active symbols. max_freq=118 min_freq=41
bpe_model_trainer.cc(268) LOG(INFO) Added: freq=117 size=5320 all=139179 active=7162 piece=▁etukä
bpe_model_trainer.cc(268) LOG(INFO) Added: freq=117 size=5340 all=139298 active=7281 piece=▁sopimuksesta
bpe_model_trainer.cc(268) LOG(INFO) Added: freq=116 size=5360 all=139704 active=7687 piece=▁Talous
bpe_model_trainer.cc(268) LOG(INFO) Added: freq=115 size=5380 all=139898 active=7881 piece=▁Han
bpe_model_trainer.cc(268) LOG(INFO) Added: freq=115 size=5400 all=140133 active=8116 piece=▁vuositta
bpe_model_trainer.cc(159) LOG(INFO) Updating active symbols. max_freq=115 min_freq=40
bpe_model_trainer.cc(268) LOG(INFO) Added: freq=114 size=5420 all=140450 active=7312 piece=▁saksa
bpe_model_trainer.cc(268) LOG(INFO) Added: freq=114 size=5440 all=140516 active=7378 piece=▁ympäristönsuoje
bpe_model_trainer.cc(268) LOG(INFO) Added: freq=113 size=5460 all=140774 active=7636 piece=▁yhdiste
bpe_model_trainer.cc(268) LOG(INFO) Added: freq=112 size=5480 all=140958 active=7820 piece=isun
bpe_model_trainer.cc(268) LOG(INFO) Added: freq=112 size=5500 all=141221 active=8083 piece=▁vakavia
bpe_model_trainer.cc(159) LOG(INFO) Updating active symbols. max_freq=112 min_freq=40
bpe_model_trainer.cc(268) LOG(INFO) Added: freq=111 size=5520 all=141410 active=7251 piece=yleis
bpe_model_trainer.cc(268) LOG(INFO) Added: freq=110 size=5540 all=141583 active=7424 piece=▁II
bpe_model_trainer.cc(268) LOG(INFO) Added: freq=110 size=5560 all=141709 active=7550 piece=▁tunnus
bpe_model_trainer.cc(268) LOG(INFO) Added: freq=109 size=5580 all=141884 active=7725 piece=▁Tutki
bpe_model_trainer.cc(268) LOG(INFO) Added: freq=109 size=5600 all=142016 active=7857 piece=▁yhteiseen
bpe_model_trainer.cc(159) LOG(INFO) Updating active symbols. max_freq=109 min_freq=39
bpe_model_trainer.cc(268) LOG(INFO) Added: freq=108 size=5620 all=142208 active=7292 piece=▁toiv
bpe_model_trainer.cc(268) LOG(INFO) Added: freq=108 size=5640 all=142437 active=7521 piece=▁aikataulu
bpe_model_trainer.cc(268) LOG(INFO) Added: freq=107 size=5660 all=142579 active=7663 piece=llani
bpe_model_trainer.cc(268) LOG(INFO) Added: freq=107 size=5680 all=142821 active=7905 piece=▁korvaus
bpe_model_trainer.cc(268) LOG(INFO) Added: freq=106 size=5700 all=142970 active=8054 piece=set
bpe_model_trainer.cc(159) LOG(INFO) Updating active symbols. max_freq=106 min_freq=38
bpe_model_trainer.cc(268) LOG(INFO) Added: freq=106 size=5720 all=143317 active=7474 piece=▁vaaran
bpe_model_trainer.cc(268) LOG(INFO) Added: freq=105 size=5740 all=143448 active=7605 piece=iha
bpe_model_trainer.cc(268) LOG(INFO) Added: freq=105 size=5760 all=143688 active=7845 piece=▁vakautta
bpe_model_trainer.cc(268) LOG(INFO) Added: freq=104 size=5780 all=143873 active=8030 piece=pasi
bpe_model_trainer.cc(268) LOG(INFO) Added: freq=104 size=5800 all=144177 active=8334 piece=▁Itävallan
bpe_model_trainer.cc(159) LOG(INFO) Updating active symbols. max_freq=104 min_freq=38
bpe_model_trainer.cc(268) LOG(INFO) Added: freq=103 size=5820 all=144423 active=7455 piece=▁eräs
bpe_model_trainer.cc(268) LOG(INFO) Added: freq=103 size=5840 all=144599 active=7631 piece=▁vastausta
bpe_model_trainer.cc(268) LOG(INFO) Added: freq=102 size=5860 all=144828 active=7860 piece=▁resur
bpe_model_trainer.cc(268) LOG(INFO) Added: freq=102 size=5880 all=144954 active=7986 piece=▁Hollannin
bpe_model_trainer.cc(268) LOG(INFO) Added: freq=101 size=5900 all=145120 active=8152 piece=▁Keh
bpe_model_trainer.cc(159) LOG(INFO) Updating active symbols. max_freq=101 min_freq=37
bpe_model_trainer.cc(268) LOG(INFO) Added: freq=101 size=5920 all=145301 active=7428 piece=▁käydään
bpe_model_trainer.cc(268) LOG(INFO) Added: freq=100 size=5940 all=145342 active=7469 piece=RE
bpe_model_trainer.cc(268) LOG(INFO) Added: freq=100 size=5960 all=145640 active=7767 piece=valtain
bpe_model_trainer.cc(268) LOG(INFO) Added: freq=100 size=5980 all=145750 active=7877 piece=▁valtuudet
bpe_model_trainer.cc(268) LOG(INFO) Added: freq=99 size=6000 all=146069 active=8196 piece=tönsä
bpe_model_trainer.cc(159) LOG(INFO) Updating active symbols. max_freq=99 min_freq=36
bpe_model_trainer.cc(268) LOG(INFO) Added: freq=99 size=6020 all=146325 active=7542 piece=▁kunkin
bpe_model_trainer.cc(268) LOG(INFO) Added: freq=98 size=6040 all=146373 active=7590 piece=ow
bpe_model_trainer.cc(268) LOG(INFO) Added: freq=98 size=6060 all=146660 active=7877 piece=▁parem
bpe_model_trainer.cc(268) LOG(INFO) Added: freq=98 size=6080 all=146769 active=7986 piece=▁Tomlinson
bpe_model_trainer.cc(268) LOG(INFO) Added: freq=97 size=6100 all=146912 active=8129 piece=▁Op
bpe_model_trainer.cc(159) LOG(INFO) Updating active symbols. max_freq=97 min_freq=36
bpe_model_trainer.cc(268) LOG(INFO) Added: freq=97 size=6120 all=147267 active=7692 piece=▁kahdesta
bpe_model_trainer.cc(268) LOG(INFO) Added: freq=96 size=6140 all=147512 active=7937 piece=▁10.
bpe_model_trainer.cc(268) LOG(INFO) Added: freq=96 size=6160 all=147796 active=8221 piece=ityksellä
bpe_model_trainer.cc(268) LOG(INFO) Added: freq=95 size=6180 all=148062 active=8487 piece=▁Man
bpe_model_trainer.cc(268) LOG(INFO) Added: freq=95 size=6200 all=148302 active=8727 piece=▁puoleen
bpe_model_trainer.cc(159) LOG(INFO) Updating active symbols. max_freq=95 min_freq=35
bpe_model_trainer.cc(268) LOG(INFO) Added: freq=94 size=6220 all=148492 active=7602 piece=▁lei
bpe_model_trainer.cc(268) LOG(INFO) Added: freq=94 size=6240 all=148720 active=7830 piece=▁viikon
bpe_model_trainer.cc(268) LOG(INFO) Added: freq=94 size=6260 all=148777 active=7887 piece=▁ulkosuhteiden
bpe_model_trainer.cc(268) LOG(INFO) Added: freq=93 size=6280 all=149150 active=8260 piece=tilla
bpe_model_trainer.cc(268) LOG(INFO) Added: freq=93 size=6300 all=149428 active=8538 piece=▁käytävä
bpe_model_trainer.cc(159) LOG(INFO) Updating active symbols. max_freq=93 min_freq=34
bpe_model_trainer.cc(268) LOG(INFO) Added: freq=93 size=6320 all=149546 active=7585 piece=▁maaliskuuta
bpe_model_trainer.cc(268) LOG(INFO) Added: freq=92 size=6340 all=149883 active=7922 piece=vyyden
bpe_model_trainer.cc(268) LOG(INFO) Added: freq=92 size=6360 all=150004 active=8043 piece=▁vähemmis
bpe_model_trainer.cc(268) LOG(INFO) Added: freq=91 size=6380 all=150186 active=8225 piece=▁tien
bpe_model_trainer.cc(268) LOG(INFO) Added: freq=91 size=6400 all=150380 active=8419 piece=▁pilarin
bpe_model_trainer.cc(159) LOG(INFO) Updating active symbols. max_freq=91 min_freq=34
bpe_model_trainer.cc(268) LOG(INFO) Added: freq=91 size=6420 all=150432 active=7571 piece=▁keskustelemme
bpe_model_trainer.cc(268) LOG(INFO) Added: freq=90 size=6440 all=150753 active=7892 piece=täminen
bpe_model_trainer.cc(268) LOG(INFO) Added: freq=90 size=6460 all=150883 active=8022 piece=▁koskevissa
bpe_model_trainer.cc(268) LOG(INFO) Added: freq=89 size=6480 all=151210 active=8349 piece=ranga
bpe_model_trainer.cc(268) LOG(INFO) Added: freq=89 size=6500 all=151529 active=8668 piece=▁kieltää
bpe_model_trainer.cc(159) LOG(INFO) Updating active symbols. max_freq=89 min_freq=33
bpe_model_trainer.cc(268) LOG(INFO) Added: freq=89 size=6520 all=151596 active=7643 piece=▁välityksellä
bpe_model_trainer.cc(268) LOG(INFO) Added: freq=88 size=6540 all=151779 active=7826 piece=▁keskey
bpe_model_trainer.cc(268) LOG(INFO) Added: freq=88 size=6560 all=151843 active=7890 piece=▁ratkaisua
bpe_model_trainer.cc(268) LOG(INFO) Added: freq=87 size=6580 all=152074 active=8121 piece=▁syvä
bpe_model_trainer.cc(268) LOG(INFO) Added: freq=87 size=6600 all=152296 active=8343 piece=▁koordino
bpe_model_trainer.cc(159) LOG(INFO) Updating active symbols. max_freq=87 min_freq=33
bpe_model_trainer.cc(268) LOG(INFO) Added: freq=86 size=6620 all=152356 active=7670 piece=kua
bpe_model_trainer.cc(268) LOG(INFO) Added: freq=86 size=6640 all=152619 active=7933 piece=itellen
bpe_model_trainer.cc(268) LOG(INFO) Added: freq=86 size=6660 all=152759 active=8073 piece=▁valmiita
bpe_model_trainer.cc(268) LOG(INFO) Added: freq=85 size=6680 all=152954 active=8268 piece=stusa
bpe_model_trainer.cc(268) LOG(INFO) Added: freq=85 size=6700 all=153137 active=8451 piece=estinnän
bpe_model_trainer.cc(159) LOG(INFO) Updating active symbols. max_freq=85 min_freq=32
bpe_model_trainer.cc(268) LOG(INFO) Added: freq=85 size=6720 all=153318 active=7835 piece=▁Espanjassa
bpe_model_trainer.cc(268) LOG(INFO) Added: freq=84 size=6740 all=153416 active=7933 piece=jänä
bpe_model_trainer.cc(268) LOG(INFO) Added: freq=84 size=6760 all=153614 active=8131 piece=kuntaan
bpe_model_trainer.cc(268) LOG(INFO) Added: freq=84 size=6780 all=153689 active=8206 piece=▁ympäristöä
bpe_model_trainer.cc(268) LOG(INFO) Added: freq=83 size=6800 all=153880 active=8397 piece=▁Kulu
bpe_model_trainer.cc(159) LOG(INFO) Updating active symbols. max_freq=83 min_freq=31
bpe_model_trainer.cc(268) LOG(INFO) Added: freq=83 size=6820 all=154196 active=8003 piece=▁kohdista
bpe_model_trainer.cc(268) LOG(INFO) Added: freq=83 size=6840 all=154265 active=8072 piece=▁muuttamisesta
bpe_model_trainer.cc(268) LOG(INFO) Added: freq=82 size=6860 all=154558 active=8365 piece=tulli
bpe_model_trainer.cc(268) LOG(INFO) Added: freq=82 size=6880 all=154709 active=8516 piece=▁tuskin
bpe_model_trainer.cc(268) LOG(INFO) Added: freq=82 size=6900 all=154827 active=8634 piece=▁erilaiset
bpe_model_trainer.cc(159) LOG(INFO) Updating active symbols. max_freq=82 min_freq=31
bpe_model_trainer.cc(268) LOG(INFO) Added: freq=81 size=6920 all=154987 active=7902 piece=▁Pä
bpe_model_trainer.cc(268) LOG(INFO) Added: freq=81 size=6940 all=155249 active=8164 piece=▁Bonino
bpe_model_trainer.cc(268) LOG(INFO) Added: freq=81 size=6960 all=155338 active=8253 piece=▁mainitun
bpe_model_trainer.cc(268) LOG(INFO) Added: freq=80 size=6980 all=155524 active=8439 piece=▁60
bpe_model_trainer.cc(268) LOG(INFO) Added: freq=80 size=7000 all=155788 active=8703 piece=▁palaa
bpe_model_trainer.cc(159) LOG(INFO) Updating active symbols. max_freq=80 min_freq=31
bpe_model_trainer.cc(268) LOG(INFO) Added: freq=80 size=7020 all=155952 active=7940 piece=▁virallisen
bpe_model_trainer.cc(268) LOG(INFO) Added: freq=79 size=7040 all=156214 active=8202 piece=imet
bpe_model_trainer.cc(268) LOG(INFO) Added: freq=79 size=7060 all=156472 active=8460 piece=▁kirjaa
bpe_model_trainer.cc(268) LOG(INFO) Added: freq=79 size=7080 all=156563 active=8551 piece=▁kannatamme
bpe_model_trainer.cc(268) LOG(INFO) Added: freq=78 size=7100 all=156824 active=8812 piece=▁Pel
bpe_model_trainer.cc(159) LOG(INFO) Updating active symbols. max_freq=78 min_freq=30
bpe_model_trainer.cc(268) LOG(INFO) Added: freq=78 size=7120 all=157019 active=8023 piece=▁loukka
bpe_model_trainer.cc(268) LOG(INFO) Added: freq=78 size=7140 all=157071 active=8075 piece=▁terrorismin
bpe_model_trainer.cc(268) LOG(INFO) Added: freq=77 size=7160 all=157327 active=8331 piece=▁jälj
bpe_model_trainer.cc(268) LOG(INFO) Added: freq=77 size=7180 all=157563 active=8567 piece=uduttava
bpe_model_trainer.cc(268) LOG(INFO) Added: freq=77 size=7200 all=157630 active=8634 piece=▁lähtökohta
bpe_model_trainer.cc(159) LOG(INFO) Updating active symbols. max_freq=77 min_freq=30
bpe_model_trainer.cc(268) LOG(INFO) Added: freq=76 size=7220 all=157822 active=8069 piece=TIEN
bpe_model_trainer.cc(268) LOG(INFO) Added: freq=76 size=7240 all=158066 active=8313 piece=▁eroja
bpe_model_trainer.cc(268) LOG(INFO) Added: freq=76 size=7260 all=158180 active=8427 piece=▁ymmärret
bpe_model_trainer.cc(268) LOG(INFO) Added: freq=75 size=7280 all=158243 active=8490 piece=▁29
bpe_model_trainer.cc(268) LOG(INFO) Added: freq=75 size=7300 all=158467 active=8714 piece=töihin
bpe_model_trainer.cc(159) LOG(INFO) Updating active symbols. max_freq=75 min_freq=29
bpe_model_trainer.cc(268) LOG(INFO) Added: freq=75 size=7320 all=158687 active=8123 piece=▁korvata
bpe_model_trainer.cc(268) LOG(INFO) Added: freq=75 size=7340 all=158758 active=8194 piece=▁entisestään
bpe_model_trainer.cc(268) LOG(INFO) Added: freq=74 size=7360 all=158983 active=8419 piece=▁viin
bpe_model_trainer.cc(268) LOG(INFO) Added: freq=74 size=7380 all=159193 active=8629 piece=▁liitteen
bpe_model_trainer.cc(268) LOG(INFO) Added: freq=73 size=7400 all=159320 active=8756 piece=hdin
bpe_model_trainer.cc(159) LOG(INFO) Updating active symbols. max_freq=73 min_freq=29
bpe_model_trainer.cc(268) LOG(INFO) Added: freq=73 size=7420 all=159620 active=8237 piece=toimien
bpe_model_trainer.cc(268) LOG(INFO) Added: freq=73 size=7440 all=159780 active=8397 piece=▁sektori
bpe_model_trainer.cc(268) LOG(INFO) Added: freq=73 size=7460 all=159835 active=8452 piece=▁luottamuks
bpe_model_trainer.cc(268) LOG(INFO) Added: freq=72 size=7480 all=159902 active=8519 piece=kilpa
bpe_model_trainer.cc(268) LOG(INFO) Added: freq=72 size=7500 all=160139 active=8756 piece=▁kloona
bpe_model_trainer.cc(159) LOG(INFO) Updating active symbols. max_freq=72 min_freq=28
bpe_model_trainer.cc(268) LOG(INFO) Added: freq=72 size=7520 all=160239 active=8098 piece=▁suhtautuu
bpe_model_trainer.cc(268) LOG(INFO) Added: freq=71 size=7540 all=160292 active=8151 piece=UTP
bpe_model_trainer.cc(268) LOG(INFO) Added: freq=71 size=7560 all=160494 active=8353 piece=reille
bpe_model_trainer.cc(268) LOG(INFO) Added: freq=71 size=7580 all=160639 active=8498 piece=▁tällöin
bpe_model_trainer.cc(268) LOG(INFO) Added: freq=71 size=7600 all=160731 active=8590 piece=▁identiteet
bpe_model_trainer.cc(159) LOG(INFO) Updating active symbols. max_freq=71 min_freq=28
bpe_model_trainer.cc(268) LOG(INFO) Added: freq=70 size=7620 all=160772 active=8069 piece=1).
bpe_model_trainer.cc(268) LOG(INFO) Added: freq=70 size=7640 all=161082 active=8379 piece=rissa
bpe_model_trainer.cc(268) LOG(INFO) Added: freq=70 size=7660 all=161341 active=8638 piece=kkaiden
bpe_model_trainer.cc(268) LOG(INFO) Added: freq=70 size=7680 all=161484 active=8781 piece=▁Maatalous
bpe_model_trainer.cc(268) LOG(INFO) Added: freq=70 size=7700 all=161514 active=8811 piece=▁toteuttamiseen
bpe_model_trainer.cc(159) LOG(INFO) Updating active symbols. max_freq=70 min_freq=28
bpe_model_trainer.cc(268) LOG(INFO) Added: freq=69 size=7720 all=161800 active=8362 piece=▁Alue
bpe_model_trainer.cc(268) LOG(INFO) Added: freq=69 size=7740 all=162024 active=8586 piece=tettavia
bpe_model_trainer.cc(268) LOG(INFO) Added: freq=69 size=7760 all=162144 active=8706 piece=▁estämiseksi
bpe_model_trainer.cc(268) LOG(INFO) Added: freq=68 size=7780 all=162443 active=9005 piece=pyyn
bpe_model_trainer.cc(268) LOG(INFO) Added: freq=68 size=7800 all=162776 active=9338 piece=▁laivan
bpe_model_trainer.cc(159) LOG(INFO) Updating active symbols. max_freq=68 min_freq=27
bpe_model_trainer.cc(268) LOG(INFO) Added: freq=68 size=7820 all=162854 active=8213 piece=▁sääntely
bpe_model_trainer.cc(268) LOG(INFO) Added: freq=68 size=7840 all=162886 active=8245 piece=▁tarkastellaan
bpe_model_trainer.cc(268) LOG(INFO) Added: freq=67 size=7860 all=163136 active=8495 piece=titte
bpe_model_trainer.cc(268) LOG(INFO) Added: freq=67 size=7880 all=163371 active=8730 piece=oikeudet
bpe_model_trainer.cc(268) LOG(INFO) Added: freq=67 size=7900 all=163458 active=8817 piece=▁pidettiin
bpe_model_trainer.cc(159) LOG(INFO) Updating active symbols. max_freq=67 min_freq=27
bpe_model_trainer.cc(268) LOG(INFO) Added: freq=66 size=7920 all=163561 active=8276 piece=▁Ul
bpe_model_trainer.cc(268) LOG(INFO) Added: freq=66 size=7940 all=163776 active=8491 piece=▁jona
bpe_model_trainer.cc(268) LOG(INFO) Added: freq=66 size=7960 all=163960 active=8675 piece=▁Tilanne
bpe_model_trainer.cc(268) LOG(INFO) Added: freq=66 size=7980 all=164041 active=8756 piece=▁ennaltaehkä
bpe_model_trainer.cc(268) LOG(INFO) Added: freq=65 size=8000 all=164160 active=8875 piece=lumb
bpe_model_trainer.cc(159) LOG(INFO) Updating active symbols. max_freq=65 min_freq=26
bpe_model_trainer.cc(268) LOG(INFO) Added: freq=65 size=8020 all=164427 active=8460 piece=▁tulk
bpe_model_trainer.cc(268) LOG(INFO) Added: freq=65 size=8040 all=164648 active=8681 piece=kymmentä
bpe_model_trainer.cc(268) LOG(INFO) Added: freq=65 size=8060 all=164798 active=8831 piece=▁myötävaik
bpe_model_trainer.cc(268) LOG(INFO) Added: freq=64 size=8080 all=164809 active=8842 piece=2,
bpe_model_trainer.cc(268) LOG(INFO) Added: freq=64 size=8100 all=165150 active=9183 piece=▁Päin
bpe_model_trainer.cc(159) LOG(INFO) Updating active symbols. max_freq=64 min_freq=26
bpe_model_trainer.cc(268) LOG(INFO) Added: freq=64 size=8120 all=165321 active=8427 piece=ttavissa
bpe_model_trainer.cc(268) LOG(INFO) Added: freq=64 size=8140 all=165379 active=8485 piece=▁huolenaih
bpe_model_trainer.cc(268) LOG(INFO) Added: freq=63 size=8160 all=165383 active=8489 piece=AM
bpe_model_trainer.cc(268) LOG(INFO) Added: freq=63 size=8180 all=165694 active=8800 piece=▁sor
bpe_model_trainer.cc(268) LOG(INFO) Added: freq=63 size=8200 all=165931 active=9037 piece=▁minut
bpe_model_trainer.cc(159) LOG(INFO) Updating active symbols. max_freq=63 min_freq=25
bpe_model_trainer.cc(268) LOG(INFO) Added: freq=63 size=8220 all=166021 active=8386 piece=▁Theorin
bpe_model_trainer.cc(268) LOG(INFO) Added: freq=63 size=8240 all=166123 active=8488 piece=▁prosessin
bpe_model_trainer.cc(268) LOG(INFO) Added: freq=63 size=8260 all=166118 active=8483 piece=▁lainsäädäntöön
bpe_model_trainer.cc(268) LOG(INFO) Added: freq=62 size=8280 all=166496 active=8861 piece=miset
bpe_model_trainer.cc(268) LOG(INFO) Added: freq=62 size=8300 all=166732 active=9097 piece=▁käyty
bpe_model_trainer.cc(159) LOG(INFO) Updating active symbols. max_freq=62 min_freq=25
bpe_model_trainer.cc(268) LOG(INFO) Added: freq=62 size=8320 all=166826 active=8427 piece=▁huolehti
bpe_model_trainer.cc(268) LOG(INFO) Added: freq=62 size=8340 all=166857 active=8458 piece=▁käyttöönotto
bpe_model_trainer.cc(268) LOG(INFO) Added: freq=61 size=8360 all=167076 active=8677 piece=▁18.
bpe_model_trainer.cc(268) LOG(INFO) Added: freq=61 size=8380 all=167353 active=8954 piece=elinten
bpe_model_trainer.cc(268) LOG(INFO) Added: freq=61 size=8400 all=167540 active=9141 piece=▁liittyä
bpe_model_trainer.cc(159) LOG(INFO) Updating active symbols. max_freq=61 min_freq=25
bpe_model_trainer.cc(268) LOG(INFO) Added: freq=61 size=8420 all=167585 active=8422 piece=▁ottamalla
bpe_model_trainer.cc(268) LOG(INFO) Added: freq=61 size=8440 all=167626 active=8463 piece=▁tiedonannossa
bpe_model_trainer.cc(268) LOG(INFO) Added: freq=60 size=8460 all=167814 active=8651 piece=ittoja
bpe_model_trainer.cc(268) LOG(INFO) Added: freq=60 size=8480 all=167986 active=8823 piece=▁pettym
bpe_model_trainer.cc(268) LOG(INFO) Added: freq=60 size=8500 all=168118 active=8955 piece=▁Komissaar
bpe_model_trainer.cc(159) LOG(INFO) Updating active symbols. max_freq=60 min_freq=24
bpe_model_trainer.cc(268) LOG(INFO) Added: freq=60 size=8520 all=168158 active=8441 piece=▁Päätöslausel
bpe_model_trainer.cc(268) LOG(INFO) Added: freq=59 size=8540 all=168299 active=8582 piece=isel
bpe_model_trainer.cc(268) LOG(INFO) Added: freq=59 size=8560 all=168587 active=8870 piece=▁Halli
bpe_model_trainer.cc(268) LOG(INFO) Added: freq=59 size=8580 all=168682 active=8965 piece=koneiden
bpe_model_trainer.cc(268) LOG(INFO) Added: freq=59 size=8600 all=168808 active=9091 piece=▁teknisten
bpe_model_trainer.cc(159) LOG(INFO) Updating active symbols. max_freq=59 min_freq=24
bpe_model_trainer.cc(268) LOG(INFO) Added: freq=58 size=8620 all=168923 active=8556 piece=UK
bpe_model_trainer.cc(268) LOG(INFO) Added: freq=58 size=8640 all=169204 active=8837 piece=▁Novo
bpe_model_trainer.cc(268) LOG(INFO) Added: freq=58 size=8660 all=169358 active=8991 piece=suhteet
bpe_model_trainer.cc(268) LOG(INFO) Added: freq=58 size=8680 all=169466 active=9099 piece=▁tuodaan
bpe_model_trainer.cc(268) LOG(INFO) Added: freq=58 size=8700 all=169559 active=9192 piece=▁ehdotettu
bpe_model_trainer.cc(159) LOG(INFO) Updating active symbols. max_freq=58 min_freq=24
bpe_model_trainer.cc(268) LOG(INFO) Added: freq=58 size=8720 all=169575 active=8491 piece=▁muistettava
bpe_model_trainer.cc(268) LOG(INFO) Added: freq=57 size=8740 all=169693 active=8609 piece=myyn
bpe_model_trainer.cc(268) LOG(INFO) Added: freq=57 size=8760 all=169938 active=8854 piece=▁ääni
bpe_model_trainer.cc(268) LOG(INFO) Added: freq=57 size=8780 all=170058 active=8974 piece=▁sekaan
bpe_model_trainer.cc(268) LOG(INFO) Added: freq=57 size=8800 all=170209 active=9125 piece=▁onnistuu
bpe_model_trainer.cc(159) LOG(INFO) Updating active symbols. max_freq=57 min_freq=24
bpe_model_trainer.cc(268) LOG(INFO) Added: freq=57 size=8820 all=170271 active=8573 piece=▁Valiokunnan
bpe_model_trainer.cc(268) LOG(INFO) Added: freq=56 size=8840 all=170326 active=8628 piece=SI
bpe_model_trainer.cc(268) LOG(INFO) Added: freq=56 size=8860 all=170525 active=8827 piece=▁melu
bpe_model_trainer.cc(268) LOG(INFO) Added: freq=56 size=8880 all=170655 active=8957 piece=▁tavat
bpe_model_trainer.cc(268) LOG(INFO) Added: freq=56 size=8900 all=170794 active=9096 piece=▁tarkoin
bpe_model_trainer.cc(159) LOG(INFO) Updating active symbols. max_freq=56 min_freq=23
bpe_model_trainer.cc(268) LOG(INFO) Added: freq=56 size=8920 all=170882 active=8627 piece=▁laadittava
bpe_model_trainer.cc(268) LOG(INFO) Added: freq=56 size=8940 all=170881 active=8626 piece=▁äänestyksessä
bpe_model_trainer.cc(268) LOG(INFO) Added: freq=55 size=8960 all=171136 active=8881 piece=▁gel
bpe_model_trainer.cc(268) LOG(INFO) Added: freq=55 size=8980 all=171341 active=9086 piece=▁Fabre
bpe_model_trainer.cc(268) LOG(INFO) Added: freq=55 size=9000 all=171454 active=9199 piece=▁loista
bpe_model_trainer.cc(159) LOG(INFO) Updating active symbols. max_freq=55 min_freq=23
bpe_model_trainer.cc(268) LOG(INFO) Added: freq=55 size=9020 all=171567 active=8676 piece=▁vakavan
bpe_model_trainer.cc(268) LOG(INFO) Added: freq=55 size=9040 all=171634 active=8743 piece=▁lähentymis
bpe_model_trainer.cc(268) LOG(INFO) Added: freq=55 size=9060 all=171628 active=8737 piece=▁perustavanlaatu
bpe_model_trainer.cc(268) LOG(INFO) Added: freq=54 size=9080 all=171977 active=9086 piece=▁Nuo
bpe_model_trainer.cc(268) LOG(INFO) Added: freq=54 size=9100 all=172138 active=9247 piece=mmäksi
bpe_model_trainer.cc(159) LOG(INFO) Updating active symbols. max_freq=54 min_freq=23
bpe_model_trainer.cc(268) LOG(INFO) Added: freq=54 size=9120 all=172376 active=8831 piece=asioissa
bpe_model_trainer.cc(268) LOG(INFO) Added: freq=54 size=9140 all=172484 active=8939 piece=▁välineen
bpe_model_trainer.cc(268) LOG(INFO) Added: freq=54 size=9160 all=172540 active=8995 piece=▁aiheuttamat
bpe_model_trainer.cc(268) LOG(INFO) Added: freq=53 size=9180 all=172620 active=9075 piece=8).
bpe_model_trainer.cc(268) LOG(INFO) Added: freq=53 size=9200 all=172889 active=9344 piece=demme
bpe_model_trainer.cc(159) LOG(INFO) Updating active symbols. max_freq=53 min_freq=22
bpe_model_trainer.cc(268) LOG(INFO) Added: freq=53 size=9220 all=173167 active=8919 piece=▁jäädä
bpe_model_trainer.cc(268) LOG(INFO) Added: freq=53 size=9240 all=173266 active=9018 piece=▁roolia
bpe_model_trainer.cc(268) LOG(INFO) Added: freq=53 size=9260 all=173326 active=9078 piece=▁Arvoisat
bpe_model_trainer.cc(268) LOG(INFO) Added: freq=53 size=9280 all=173354 active=9106 piece=▁tarjoavat
bpe_model_trainer.cc(268) LOG(INFO) Added: freq=53 size=9300 all=173374 active=9126 piece=▁onnistuneet
bpe_model_trainer.cc(159) LOG(INFO) Updating active symbols. max_freq=53 min_freq=22
bpe_model_trainer.cc(268) LOG(INFO) Added: freq=52 size=9320 all=173480 active=8775 piece=▁(2
bpe_model_trainer.cc(268) LOG(INFO) Added: freq=52 size=9340 all=173760 active=9055 piece=▁Papay
bpe_model_trainer.cc(268) LOG(INFO) Added: freq=52 size=9360 all=173923 active=9218 piece=▁Olisin
bpe_model_trainer.cc(268) LOG(INFO) Added: freq=52 size=9380 all=173978 active=9273 piece=▁uusista
bpe_model_trainer.cc(268) LOG(INFO) Added: freq=52 size=9400 all=174035 active=9330 piece=▁tekijöitä
bpe_model_trainer.cc(159) LOG(INFO) Updating active symbols. max_freq=52 min_freq=22
bpe_model_trainer.cc(268) LOG(INFO) Added: freq=52 size=9420 all=174065 active=8732 piece=▁otettaisiin
bpe_model_trainer.cc(268) LOG(INFO) Added: freq=51 size=9440 all=174215 active=8882 piece=olf
bpe_model_trainer.cc(268) LOG(INFO) Added: freq=51 size=9460 all=174504 active=9171 piece=▁Kunn
bpe_model_trainer.cc(268) LOG(INFO) Added: freq=51 size=9480 all=174737 active=9404 piece=▁Muuten
bpe_model_trainer.cc(268) LOG(INFO) Added: freq=51 size=9500 all=174828 active=9495 piece=▁voittaa
bpe_model_trainer.cc(159) LOG(INFO) Updating active symbols. max_freq=51 min_freq=22
bpe_model_trainer.cc(268) LOG(INFO) Added: freq=51 size=9520 all=174863 active=8775 piece=▁ratkaistu
bpe_model_trainer.cc(268) LOG(INFO) Added: freq=51 size=9540 all=174870 active=8782 piece=▁riippumattomien
bpe_model_trainer.cc(268) LOG(INFO) Added: freq=50 size=9560 all=175128 active=9040 piece=stut
bpe_model_trainer.cc(268) LOG(INFO) Added: freq=50 size=9580 all=175250 active=9162 piece=▁Tote
bpe_model_trainer.cc(268) LOG(INFO) Added: freq=50 size=9600 all=175451 active=9363 piece=▁lähte
bpe_model_trainer.cc(159) LOG(INFO) Updating active symbols. max_freq=50 min_freq=21
bpe_model_trainer.cc(268) LOG(INFO) Added: freq=50 size=9620 all=175556 active=8864 piece=▁turvata
bpe_model_trainer.cc(268) LOG(INFO) Added: freq=50 size=9640 all=175590 active=8898 piece=▁televisio
bpe_model_trainer.cc(268) LOG(INFO) Added: freq=50 size=9660 all=175613 active=8921 piece=▁voimavaroja
bpe_model_trainer.cc(268) LOG(INFO) Added: freq=49 size=9680 all=175788 active=9096 piece=1997
bpe_model_trainer.cc(268) LOG(INFO) Added: freq=49 size=9700 all=176074 active=9382 piece=toita
bpe_model_trainer.cc(159) LOG(INFO) Updating active symbols. max_freq=49 min_freq=21
bpe_model_trainer.cc(268) LOG(INFO) Added: freq=49 size=9720 all=176237 active=8944 piece=ityksiä
bpe_model_trainer.cc(268) LOG(INFO) Added: freq=49 size=9740 all=176376 active=9083 piece=▁kaikken
bpe_model_trainer.cc(268) LOG(INFO) Added: freq=49 size=9760 all=176466 active=9173 piece=▁Andersson
bpe_model_trainer.cc(268) LOG(INFO) Added: freq=49 size=9780 all=176489 active=9196 piece=▁järjestelmät
bpe_model_trainer.cc(268) LOG(INFO) Added: freq=48 size=9800 all=176551 active=9258 piece=▁ge
bpe_model_trainer.cc(159) LOG(INFO) Updating active symbols. max_freq=48 min_freq=21
bpe_model_trainer.cc(268) LOG(INFO) Added: freq=48 size=9820 all=176755 active=9023 piece=ikalla
bpe_model_trainer.cc(268) LOG(INFO) Added: freq=48 size=9840 all=176932 active=9200 piece=▁turha
bpe_model_trainer.cc(268) LOG(INFO) Added: freq=48 size=9860 all=177157 active=9425 piece=▁hetken
bpe_model_trainer.cc(268) LOG(INFO) Added: freq=48 size=9880 all=177246 active=9514 piece=järjestys
bpe_model_trainer.cc(268) LOG(INFO) Added: freq=48 size=9900 all=177284 active=9552 piece=▁tarkoitta
bpe_model_trainer.cc(159) LOG(INFO) Updating active symbols. max_freq=48 min_freq=21
bpe_model_trainer.cc(268) LOG(INFO) Added: freq=48 size=9920 all=177315 active=8882 piece=▁seuraavasti
bpe_model_trainer.cc(268) LOG(INFO) Added: freq=47 size=9940 all=177383 active=8950 piece=VAL
bpe_model_trainer.cc(268) LOG(INFO) Added: freq=47 size=9960 all=177671 active=9238 piece=▁Lop
bpe_model_trainer.cc(268) LOG(INFO) Added: freq=47 size=9980 all=177870 active=9437 piece=▁Mole
bpe_model_trainer.cc(268) LOG(INFO) Added: freq=47 size=10000 all=178049 active=9616 piece=▁Samoin
bpe_model_trainer.cc(159) LOG(INFO) Updating active symbols. max_freq=47 min_freq=20
bpe_model_trainer.cc(268) LOG(INFO) Added: freq=47 size=10020 all=178134 active=8988 piece=▁miseksi
bpe_model_trainer.cc(268) LOG(INFO) Added: freq=47 size=10040 all=178196 active=9050 piece=▁paljasta
bpe_model_trainer.cc(268) LOG(INFO) Added: freq=47 size=10060 all=178243 active=9097 piece=▁pohdittava
bpe_model_trainer.cc(268) LOG(INFO) Added: freq=47 size=10080 all=178239 active=9093 piece=▁edellyttävät
bpe_model_trainer.cc(268) LOG(INFO) Added: freq=46 size=10100 all=178292 active=9146 piece=cra
bpe_model_trainer.cc(159) LOG(INFO) Updating active symbols. max_freq=46 min_freq=20
bpe_model_trainer.cc(268) LOG(INFO) Added: freq=46 size=10120 all=178535 active=9139 piece=▁Gor
bpe_model_trainer.cc(268) LOG(INFO) Added: freq=46 size=10140 all=178677 active=9281 piece=▁peri
bpe_model_trainer.cc(268) LOG(INFO) Added: freq=46 size=10160 all=178871 active=9475 piece=▁minen
bpe_model_trainer.cc(268) LOG(INFO) Added: freq=46 size=10180 all=179023 active=9627 piece=▁Asiasta
bpe_model_trainer.cc(268) LOG(INFO) Added: freq=46 size=10200 all=179123 active=9727 piece=▁hämmästy
bpe_model_trainer.cc(159) LOG(INFO) Updating active symbols. max_freq=46 min_freq=20
bpe_model_trainer.cc(268) LOG(INFO) Added: freq=46 size=10220 all=179181 active=9001 piece=▁ohjelmiin
bpe_model_trainer.cc(268) LOG(INFO) Added: freq=46 size=10240 all=179200 active=9020 piece=▁jatkossakin
bpe_model_trainer.cc(268) LOG(INFO) Added: freq=45 size=10260 all=179229 active=9049 piece=äi
bpe_model_trainer.cc(268) LOG(INFO) Added: freq=45 size=10280 all=179481 active=9301 piece=▁Fun
bpe_model_trainer.cc(268) LOG(INFO) Added: freq=45 size=10300 all=179634 active=9454 piece=tuissa
bpe_model_trainer.cc(159) LOG(INFO) Updating active symbols. max_freq=45 min_freq=20
bpe_model_trainer.cc(268) LOG(INFO) Added: freq=45 size=10320 all=179765 active=9093 piece=▁Sandbæ
bpe_model_trainer.cc(268) LOG(INFO) Added: freq=45 size=10340 all=179837 active=9165 piece=▁Minulle
bpe_model_trainer.cc(268) LOG(INFO) Added: freq=45 size=10360 all=179918 active=9246 piece=▁menoista
bpe_model_trainer.cc(268) LOG(INFO) Added: freq=45 size=10380 all=179927 active=9255 piece=▁Dublinissa
bpe_model_trainer.cc(268) LOG(INFO) Added: freq=45 size=10400 all=179924 active=9252 piece=▁maahanmuutta
bpe_model_trainer.cc(159) LOG(INFO) Updating active symbols. max_freq=45 min_freq=20
bpe_model_trainer.cc(268) LOG(INFO) Added: freq=44 size=10420 all=179973 active=9043 piece=KUU
bpe_model_trainer.cc(268) LOG(INFO) Added: freq=44 size=10440 all=180240 active=9310 piece=vita
bpe_model_trainer.cc(268) LOG(INFO) Added: freq=44 size=10460 all=180498 active=9568 piece=▁Sall
bpe_model_trainer.cc(268) LOG(INFO) Added: freq=44 size=10480 all=180649 active=9719 piece=▁pysyä
bpe_model_trainer.cc(268) LOG(INFO) Added: freq=44 size=10500 all=180737 active=9807 piece=mattomuu
bpe_model_trainer.cc(159) LOG(INFO) Updating active symbols. max_freq=44 min_freq=19
bpe_model_trainer.cc(268) LOG(INFO) Added: freq=44 size=10520 all=180817 active=9088 piece=▁vastuua
bpe_model_trainer.cc(268) LOG(INFO) Added: freq=44 size=10540 all=180900 active=9171 piece=teknologia
bpe_model_trainer.cc(268) LOG(INFO) Added: freq=44 size=10560 all=180954 active=9225 piece=▁etusijalla
bpe_model_trainer.cc(268) LOG(INFO) Added: freq=44 size=10580 all=180972 active=9243 piece=▁saavuttaneet
bpe_model_trainer.cc(268) LOG(INFO) Added: freq=43 size=10600 all=181077 active=9348 piece=ers
bpe_model_trainer.cc(159) LOG(INFO) Updating active symbols. max_freq=43 min_freq=19
bpe_model_trainer.cc(268) LOG(INFO) Added: freq=43 size=10620 all=181227 active=9187 piece=▁Jar
bpe_model_trainer.cc(268) LOG(INFO) Added: freq=43 size=10640 all=181395 active=9355 piece=▁osto
bpe_model_trainer.cc(268) LOG(INFO) Added: freq=43 size=10660 all=181564 active=9524 piece=instrea
bpe_model_trainer.cc(268) LOG(INFO) Added: freq=43 size=10680 all=181710 active=9670 piece=▁seikat
bpe_model_trainer.cc(268) LOG(INFO) Added: freq=43 size=10700 all=181819 active=9779 piece=istuminen
bpe_model_trainer.cc(159) LOG(INFO) Updating active symbols. max_freq=43 min_freq=19
bpe_model_trainer.cc(268) LOG(INFO) Added: freq=43 size=10720 all=181891 active=9149 piece=▁yhtyneen
bpe_model_trainer.cc(268) LOG(INFO) Added: freq=43 size=10740 all=181925 active=9183 piece=▁kollegojen
bpe_model_trainer.cc(268) LOG(INFO) Added: freq=43 size=10760 all=181924 active=9182 piece=▁yksityisten
bpe_model_trainer.cc(268) LOG(INFO) Added: freq=42 size=10780 all=181914 active=9172 piece=22
bpe_model_trainer.cc(268) LOG(INFO) Added: freq=42 size=10800 all=182128 active=9386 piece=▁130
bpe_model_trainer.cc(159) LOG(INFO) Updating active symbols. max_freq=42 min_freq=19
bpe_model_trainer.cc(268) LOG(INFO) Added: freq=42 size=10820 all=182287 active=9264 piece=kierro
bpe_model_trainer.cc(268) LOG(INFO) Added: freq=42 size=10840 all=182513 active=9490 piece=▁etten
bpe_model_trainer.cc(268) LOG(INFO) Added: freq=42 size=10860 all=182643 active=9620 piece=▁esitin
bpe_model_trainer.cc(268) LOG(INFO) Added: freq=42 size=10880 all=182727 active=9704 piece=llisiksi
bpe_model_trainer.cc(268) LOG(INFO) Added: freq=42 size=10900 all=182823 active=9800 piece=voitteena
bpe_model_trainer.cc(159) LOG(INFO) Updating active symbols. max_freq=42 min_freq=19
bpe_model_trainer.cc(268) LOG(INFO) Added: freq=42 size=10920 all=182856 active=9172 piece=▁kuljetusa
bpe_model_trainer.cc(268) LOG(INFO) Added: freq=42 size=10940 all=182894 active=9210 piece=▁suojelusta
bpe_model_trainer.cc(268) LOG(INFO) Added: freq=42 size=10960 all=182895 active=9211 piece=▁kunnioitetaan
bpe_model_trainer.cc(268) LOG(INFO) Added: freq=41 size=10980 all=183078 active=9394 piece=▁oi
bpe_model_trainer.cc(268) LOG(INFO) Added: freq=41 size=11000 all=183213 active=9529 piece=intia
bpe_model_trainer.cc(159) LOG(INFO) Updating active symbols. max_freq=41 min_freq=18
bpe_model_trainer.cc(268) LOG(INFO) Added: freq=41 size=11020 all=183352 active=9288 piece=▁moti
bpe_model_trainer.cc(268) LOG(INFO) Added: freq=41 size=11040 all=183500 active=9436 piece=▁sosio
bpe_model_trainer.cc(268) LOG(INFO) Added: freq=41 size=11060 all=183585 active=9521 piece=valuutta
bpe_model_trainer.cc(268) LOG(INFO) Added: freq=41 size=11080 all=183654 active=9590 piece=▁Hollanti
bpe_model_trainer.cc(268) LOG(INFO) Added: freq=41 size=11100 all=183671 active=9607 piece=▁Izquierdo
bpe_model_trainer.cc(159) LOG(INFO) Updating active symbols. max_freq=41 min_freq=18
bpe_model_trainer.cc(268) LOG(INFO) Added: freq=41 size=11120 all=183699 active=9211 piece=▁välisistä
bpe_model_trainer.cc(268) LOG(INFO) Added: freq=41 size=11140 all=183687 active=9199 piece=▁tapauksista
bpe_model_trainer.cc(268) LOG(INFO) Added: freq=41 size=11160 all=183677 active=9189 piece=▁johtopäätökset
bpe_model_trainer.cc(268) LOG(INFO) Added: freq=40 size=11180 all=183982 active=9494 piece=kono
bpe_model_trainer.cc(268) LOG(INFO) Added: freq=40 size=11200 all=184153 active=9665 piece=itoja
bpe_model_trainer.cc(159) LOG(INFO) Updating active symbols. max_freq=40 min_freq=18
bpe_model_trainer.cc(268) LOG(INFO) Added: freq=40 size=11220 all=184320 active=9363 piece=ittäin
bpe_model_trainer.cc(268) LOG(INFO) Added: freq=40 size=11240 all=184471 active=9514 piece=▁myöhä
bpe_model_trainer.cc(268) LOG(INFO) Added: freq=40 size=11260 all=184594 active=9637 piece=▁vaarat
bpe_model_trainer.cc(268) LOG(INFO) Added: freq=40 size=11280 all=184717 active=9760 piece=▁yleiset
bpe_model_trainer.cc(268) LOG(INFO) Added: freq=40 size=11300 all=184759 active=9802 piece=▁tehdystä
bpe_model_trainer.cc(159) LOG(INFO) Updating active symbols. max_freq=40 min_freq=18
bpe_model_trainer.cc(268) LOG(INFO) Added: freq=40 size=11320 all=184816 active=9295 piece=▁todenneet
bpe_model_trainer.cc(268) LOG(INFO) Added: freq=40 size=11340 all=184829 active=9308 piece=▁vastaiseen
bpe_model_trainer.cc(268) LOG(INFO) Added: freq=40 size=11360 all=184838 active=9317 piece=▁suosituksen
bpe_model_trainer.cc(268) LOG(INFO) Added: freq=40 size=11380 all=184842 active=9321 piece=▁historiallinen
bpe_model_trainer.cc(268) LOG(INFO) Added: freq=39 size=11400 all=185085 active=9564 piece=▁2)
bpe_model_trainer.cc(159) LOG(INFO) Updating active symbols. max_freq=39 min_freq=18
bpe_model_trainer.cc(268) LOG(INFO) Added: freq=39 size=11420 all=185239 active=9409 piece=▁tei
bpe_model_trainer.cc(268) LOG(INFO) Added: freq=39 size=11440 all=185382 active=9552 piece=▁vala
bpe_model_trainer.cc(268) LOG(INFO) Added: freq=39 size=11460 all=185512 active=9682 piece=▁simmä
bpe_model_trainer.cc(268) LOG(INFO) Added: freq=39 size=11480 all=185662 active=9832 piece=aatioryh
bpe_model_trainer.cc(268) LOG(INFO) Added: freq=39 size=11500 all=185775 active=9945 piece=▁näkemys
bpe_model_trainer.cc(159) LOG(INFO) Updating active symbols. max_freq=39 min_freq=17
bpe_model_trainer.cc(268) LOG(INFO) Added: freq=39 size=11520 all=185869 active=9379 piece=▁vahvisti
bpe_model_trainer.cc(268) LOG(INFO) Added: freq=39 size=11540 all=185909 active=9419 piece=▁virkamies
bpe_model_trainer.cc(268) LOG(INFO) Added: freq=39 size=11560 all=185947 active=9457 piece=▁äänestimme
bpe_model_trainer.cc(268) LOG(INFO) Added: freq=39 size=11580 all=185954 active=9464 piece=▁mielipidettä
bpe_model_trainer.cc(268) LOG(INFO) Added: freq=38 size=11600 all=185942 active=9452 piece=9/
bpe_model_trainer.cc(159) LOG(INFO) Updating active symbols. max_freq=38 min_freq=17
bpe_model_trainer.cc(268) LOG(INFO) Added: freq=38 size=11620 all=186169 active=9502 piece=emen
bpe_model_trainer.cc(268) LOG(INFO) Added: freq=38 size=11640 all=186357 active=9690 piece=tanne
bpe_model_trainer.cc(268) LOG(INFO) Added: freq=38 size=11660 all=186484 active=9817 piece=mmiten
bpe_model_trainer.cc(268) LOG(INFO) Added: freq=38 size=11680 all=186650 active=9983 piece=▁Dupuis
bpe_model_trainer.cc(268) LOG(INFO) Added: freq=38 size=11700 all=186748 active=10081 piece=▁ISTUNTO
bpe_model_trainer.cc(159) LOG(INFO) Updating active symbols. max_freq=38 min_freq=17
bpe_model_trainer.cc(268) LOG(INFO) Added: freq=38 size=11720 all=186833 active=9423 piece=▁tärkeys
bpe_model_trainer.cc(268) LOG(INFO) Added: freq=38 size=11740 all=186904 active=9494 piece=▁joutunut
bpe_model_trainer.cc(268) LOG(INFO) Added: freq=38 size=11760 all=186969 active=9559 piece=▁käynnisty
bpe_model_trainer.cc(268) LOG(INFO) Added: freq=38 size=11780 all=187032 active=9622 piece=▁varovaisuu
trainer_interface.cc(689) LOG(INFO) Saving model: /scratch/akr/eub_relbias_20250909_090330/checkpoints/src_spm.model
trainer_interface.cc(701) LOG(INFO) Saving vocabs: /scratch/akr/eub_relbias_20250909_090330/checkpoints/src_spm.vocab
sentencepiece_trainer.cc(78) LOG(INFO) Starts training with : 
trainer_spec {
  input: /tmp/tmp_1ycnqdr
  input_format: 
  model_prefix: /scratch/akr/eub_relbias_20250909_090330/checkpoints/tgt_spm
  model_type: BPE
  vocab_size: 10000
  self_test_sample_size: 0
  character_coverage: 1
  input_sentence_size: 0
  shuffle_input_sentence: 1
  seed_sentencepiece_size: 1000000
  shrinking_factor: 0.75
  max_sentence_length: 4192
  num_threads: 16
  num_sub_iterations: 2
  max_sentencepiece_length: 16
  split_by_unicode_script: 1
  split_by_number: 1
  split_by_whitespace: 1
  split_digits: 0
  pretokenization_delimiter: 
  treat_whitespace_as_suffix: 0
  allow_whitespace_only_pieces: 0
  required_chars: 
  byte_fallback: 0
  vocabulary_output_piece_score: 1
  train_extremely_large_corpus: 0
  seed_sentencepieces_file: 
  hard_vocab_limit: 1
  use_all_vocab: 0
  unk_id: 0
  bos_id: -1
  eos_id: -1
  pad_id: -1
  unk_piece: <unk>
  bos_piece: <s>
  eos_piece: </s>
  pad_piece: <pad>
  unk_surface:  ⁇ 
  enable_differential_privacy: 0
  differential_privacy_noise_level: 0
  differential_privacy_clipping_threshold: 0
}
normalizer_spec {
  name: nmt_nfkc
  add_dummy_prefix: 1
  remove_extra_whitespaces: 1
  escape_whitespaces: 1
  normalization_rule_tsv: 
}
denormalizer_spec {}
trainer_interface.cc(355) LOG(INFO) SentenceIterator is not specified. Using MultiFileSentenceIterator.
trainer_interface.cc(186) LOG(INFO) Loading corpus: /tmp/tmp_1ycnqdr
trainer_interface.cc(411) LOG(INFO) Loaded all 90000 sentences
trainer_interface.cc(427) LOG(INFO) Adding meta_piece: <unk>
trainer_interface.cc(432) LOG(INFO) Normalizing sentences...
trainer_interface.cc(541) LOG(INFO) all chars count=12703417
trainer_interface.cc(562) LOG(INFO) Alphabet size=224
trainer_interface.cc(563) LOG(INFO) Final character coverage=1
trainer_interface.cc(594) LOG(INFO) Done! preprocessed 90000 sentences.
trainer_interface.cc(600) LOG(INFO) Tokenizing input sentences with whitespace: 90000
trainer_interface.cc(611) LOG(INFO) Done! 79375
bpe_model_trainer.cc(159) LOG(INFO) Updating active symbols. max_freq=335488 min_freq=93
bpe_model_trainer.cc(268) LOG(INFO) Added: freq=80492 size=20 all=4451 active=2012 piece=an
bpe_model_trainer.cc(268) LOG(INFO) Added: freq=46235 size=40 all=5858 active=3419 piece=▁h
bpe_model_trainer.cc(268) LOG(INFO) Added: freq=28373 size=60 all=6894 active=4455 piece=il
bpe_model_trainer.cc(268) LOG(INFO) Added: freq=20230 size=80 all=8198 active=5759 piece=ur
bpe_model_trainer.cc(268) LOG(INFO) Added: freq=16330 size=100 all=9336 active=6897 piece=ch
bpe_model_trainer.cc(159) LOG(INFO) Updating active symbols. max_freq=16234 min_freq=1125
bpe_model_trainer.cc(268) LOG(INFO) Added: freq=13246 size=120 all=10194 active=1740 piece=▁which
bpe_model_trainer.cc(268) LOG(INFO) Added: freq=11814 size=140 all=11489 active=3035 piece=ive
bpe_model_trainer.cc(268) LOG(INFO) Added: freq=9347 size=160 all=12545 active=4091 piece=arl
bpe_model_trainer.cc(268) LOG(INFO) Added: freq=8318 size=180 all=13635 active=5181 piece=ions
bpe_model_trainer.cc(268) LOG(INFO) Added: freq=7220 size=200 all=14686 active=6232 piece=resident
bpe_model_trainer.cc(159) LOG(INFO) Updating active symbols. max_freq=7158 min_freq=1073
bpe_model_trainer.cc(268) LOG(INFO) Added: freq=6367 size=220 all=15586 active=1886 piece=▁Mem
bpe_model_trainer.cc(268) LOG(INFO) Added: freq=5779 size=240 all=16537 active=2837 piece=der
bpe_model_trainer.cc(268) LOG(INFO) Added: freq=5245 size=260 all=17255 active=3555 piece=vel
bpe_model_trainer.cc(268) LOG(INFO) Added: freq=4966 size=280 all=17757 active=4057 piece=▁ac
bpe_model_trainer.cc(268) LOG(INFO) Added: freq=4598 size=300 all=18454 active=4754 piece=▁countr
bpe_model_trainer.cc(159) LOG(INFO) Updating active symbols. max_freq=4577 min_freq=920
bpe_model_trainer.cc(268) LOG(INFO) Added: freq=4291 size=320 all=19133 active=1677 piece=able
bpe_model_trainer.cc(268) LOG(INFO) Added: freq=3847 size=340 all=19757 active=2301 piece=ities
bpe_model_trainer.cc(268) LOG(INFO) Added: freq=3462 size=360 all=20332 active=2876 piece=ern
bpe_model_trainer.cc(268) LOG(INFO) Added: freq=3292 size=380 all=20741 active=3285 piece=▁2
bpe_model_trainer.cc(268) LOG(INFO) Added: freq=3119 size=400 all=21346 active=3890 piece=▁Community
bpe_model_trainer.cc(159) LOG(INFO) Updating active symbols. max_freq=3096 min_freq=763
bpe_model_trainer.cc(268) LOG(INFO) Added: freq=3009 size=420 all=21817 active=1532 piece=ll
bpe_model_trainer.cc(268) LOG(INFO) Added: freq=2843 size=440 all=22356 active=2071 piece=▁system
bpe_model_trainer.cc(268) LOG(INFO) Added: freq=2714 size=460 all=22697 active=2412 piece=ade
bpe_model_trainer.cc(268) LOG(INFO) Added: freq=2540 size=480 all=23271 active=2986 piece=▁some
bpe_model_trainer.cc(268) LOG(INFO) Added: freq=2439 size=500 all=23521 active=3236 piece=▁ob
bpe_model_trainer.cc(159) LOG(INFO) Updating active symbols. max_freq=2423 min_freq=629
bpe_model_trainer.cc(268) LOG(INFO) Added: freq=2324 size=520 all=23877 active=1519 piece=▁tak
bpe_model_trainer.cc(268) LOG(INFO) Added: freq=2219 size=540 all=24299 active=1941 piece=▁inform
bpe_model_trainer.cc(268) LOG(INFO) Added: freq=2098 size=560 all=24781 active=2423 piece=▁when
bpe_model_trainer.cc(268) LOG(INFO) Added: freq=2007 size=580 all=25223 active=2865 piece=▁la
bpe_model_trainer.cc(268) LOG(INFO) Added: freq=1913 size=600 all=25619 active=3261 piece=▁Wh
bpe_model_trainer.cc(159) LOG(INFO) Updating active symbols. max_freq=1908 min_freq=535
bpe_model_trainer.cc(268) LOG(INFO) Added: freq=1851 size=620 all=26002 active=1644 piece=▁intern
bpe_model_trainer.cc(268) LOG(INFO) Added: freq=1749 size=640 all=26418 active=2060 piece=▁ro
bpe_model_trainer.cc(268) LOG(INFO) Added: freq=1696 size=660 all=26709 active=2351 piece=▁regard
bpe_model_trainer.cc(268) LOG(INFO) Added: freq=1662 size=680 all=26896 active=2538 piece=ph
bpe_model_trainer.cc(268) LOG(INFO) Added: freq=1613 size=700 all=27280 active=2922 piece=lect
bpe_model_trainer.cc(159) LOG(INFO) Updating active symbols. max_freq=1610 min_freq=453
bpe_model_trainer.cc(268) LOG(INFO) Added: freq=1575 size=720 all=27531 active=1586 piece=▁appl
bpe_model_trainer.cc(268) LOG(INFO) Added: freq=1518 size=740 all=27918 active=1973 piece=tic
bpe_model_trainer.cc(268) LOG(INFO) Added: freq=1472 size=760 all=28131 active=2186 piece=ism
bpe_model_trainer.cc(268) LOG(INFO) Added: freq=1413 size=780 all=28347 active=2402 piece=▁environment
bpe_model_trainer.cc(268) LOG(INFO) Added: freq=1373 size=800 all=28599 active=2654 piece=land
bpe_model_trainer.cc(159) LOG(INFO) Updating active symbols. max_freq=1368 min_freq=406
bpe_model_trainer.cc(268) LOG(INFO) Added: freq=1332 size=820 all=28809 active=1588 piece=▁respect
bpe_model_trainer.cc(268) LOG(INFO) Added: freq=1286 size=840 all=29148 active=1927 piece=▁reason
bpe_model_trainer.cc(268) LOG(INFO) Added: freq=1250 size=860 all=29351 active=2130 piece=▁order
bpe_model_trainer.cc(268) LOG(INFO) Added: freq=1205 size=880 all=29564 active=2343 piece=▁major
bpe_model_trainer.cc(268) LOG(INFO) Added: freq=1175 size=900 all=29834 active=2613 piece=▁curren
bpe_model_trainer.cc(159) LOG(INFO) Updating active symbols. max_freq=1174 min_freq=365
bpe_model_trainer.cc(268) LOG(INFO) Added: freq=1147 size=920 all=30089 active=1742 piece=▁before
bpe_model_trainer.cc(268) LOG(INFO) Added: freq=1122 size=940 all=30299 active=1952 piece=▁behalf
bpe_model_trainer.cc(268) LOG(INFO) Added: freq=1097 size=960 all=30500 active=2153 piece=ality
bpe_model_trainer.cc(268) LOG(INFO) Added: freq=1064 size=980 all=30778 active=2431 piece=▁trade
bpe_model_trainer.cc(268) LOG(INFO) Added: freq=1039 size=1000 all=31021 active=2674 piece=▁And
bpe_model_trainer.cc(159) LOG(INFO) Updating active symbols. max_freq=1039 min_freq=327
bpe_model_trainer.cc(268) LOG(INFO) Added: freq=1017 size=1020 all=31186 active=1711 piece=▁require
bpe_model_trainer.cc(268) LOG(INFO) Added: freq=989 size=1040 all=31440 active=1965 piece=▁ensure
bpe_model_trainer.cc(268) LOG(INFO) Added: freq=961 size=1060 all=31696 active=2221 piece=ines
bpe_model_trainer.cc(268) LOG(INFO) Added: freq=932 size=1080 all=32052 active=2577 piece=▁compan
bpe_model_trainer.cc(268) LOG(INFO) Added: freq=900 size=1100 all=32356 active=2881 piece=▁introdu
bpe_model_trainer.cc(159) LOG(INFO) Updating active symbols. max_freq=899 min_freq=295
bpe_model_trainer.cc(268) LOG(INFO) Added: freq=879 size=1120 all=32548 active=1805 piece=▁rev
bpe_model_trainer.cc(268) LOG(INFO) Added: freq=860 size=1140 all=32767 active=2024 piece=▁elect
bpe_model_trainer.cc(268) LOG(INFO) Added: freq=837 size=1160 all=33046 active=2303 piece=stand
bpe_model_trainer.cc(268) LOG(INFO) Added: freq=811 size=1180 all=33258 active=2515 piece=led
bpe_model_trainer.cc(268) LOG(INFO) Added: freq=799 size=1200 all=33478 active=2735 piece=▁rece
bpe_model_trainer.cc(159) LOG(INFO) Updating active symbols. max_freq=798 min_freq=268
bpe_model_trainer.cc(268) LOG(INFO) Added: freq=779 size=1220 all=33617 active=1809 piece=ote
bpe_model_trainer.cc(268) LOG(INFO) Added: freq=766 size=1240 all=33733 active=1925 piece=▁ladies
bpe_model_trainer.cc(268) LOG(INFO) Added: freq=752 size=1260 all=33924 active=2116 piece=▁move
bpe_model_trainer.cc(268) LOG(INFO) Added: freq=737 size=1280 all=34131 active=2323 piece=ages
bpe_model_trainer.cc(268) LOG(INFO) Added: freq=717 size=1300 all=34353 active=2545 piece=rug
bpe_model_trainer.cc(159) LOG(INFO) Updating active symbols. max_freq=717 min_freq=250
bpe_model_trainer.cc(268) LOG(INFO) Added: freq=705 size=1320 all=34659 active=2001 piece=▁guarantee
bpe_model_trainer.cc(268) LOG(INFO) Added: freq=687 size=1340 all=34942 active=2284 piece=old
bpe_model_trainer.cc(268) LOG(INFO) Added: freq=678 size=1360 all=35160 active=2502 piece=▁points
bpe_model_trainer.cc(268) LOG(INFO) Added: freq=662 size=1380 all=35324 active=2666 piece=gr
bpe_model_trainer.cc(268) LOG(INFO) Added: freq=650 size=1400 all=35563 active=2905 piece=▁questions
bpe_model_trainer.cc(159) LOG(INFO) Updating active symbols. max_freq=649 min_freq=230
bpe_model_trainer.cc(268) LOG(INFO) Added: freq=642 size=1420 all=35713 active=1926 piece=cise
bpe_model_trainer.cc(268) LOG(INFO) Added: freq=629 size=1440 all=35964 active=2177 piece=sid
bpe_model_trainer.cc(268) LOG(INFO) Added: freq=617 size=1460 all=36120 active=2333 piece=▁become
bpe_model_trainer.cc(268) LOG(INFO) Added: freq=605 size=1480 all=36461 active=2674 piece=▁toat
bpe_model_trainer.cc(268) LOG(INFO) Added: freq=594 size=1500 all=36586 active=2799 piece=imes
bpe_model_trainer.cc(159) LOG(INFO) Updating active symbols. max_freq=594 min_freq=214
bpe_model_trainer.cc(268) LOG(INFO) Added: freq=585 size=1520 all=36914 active=2144 piece=▁Pol
bpe_model_trainer.cc(268) LOG(INFO) Added: freq=576 size=1540 all=37067 active=2297 piece=▁supp
bpe_model_trainer.cc(268) LOG(INFO) Added: freq=567 size=1560 all=37217 active=2447 piece=▁technical
bpe_model_trainer.cc(268) LOG(INFO) Added: freq=560 size=1580 all=37406 active=2636 piece=▁regional
bpe_model_trainer.cc(268) LOG(INFO) Added: freq=554 size=1600 all=37633 active=2863 piece=▁appropriate
bpe_model_trainer.cc(159) LOG(INFO) Updating active symbols. max_freq=553 min_freq=200
bpe_model_trainer.cc(268) LOG(INFO) Added: freq=544 size=1620 all=37781 active=2029 piece=▁experi
bpe_model_trainer.cc(268) LOG(INFO) Added: freq=535 size=1640 all=37948 active=2196 piece=▁Swed
bpe_model_trainer.cc(268) LOG(INFO) Added: freq=528 size=1660 all=38072 active=2320 piece=ising
bpe_model_trainer.cc(268) LOG(INFO) Added: freq=519 size=1680 all=38342 active=2590 piece=DR
bpe_model_trainer.cc(268) LOG(INFO) Added: freq=512 size=1700 all=38591 active=2839 piece=ension
bpe_model_trainer.cc(159) LOG(INFO) Updating active symbols. max_freq=512 min_freq=188
bpe_model_trainer.cc(268) LOG(INFO) Added: freq=499 size=1720 all=38765 active=2090 piece=▁ident
bpe_model_trainer.cc(268) LOG(INFO) Added: freq=492 size=1740 all=38915 active=2240 piece=oney
bpe_model_trainer.cc(268) LOG(INFO) Added: freq=480 size=1760 all=39083 active=2408 piece=atory
bpe_model_trainer.cc(268) LOG(INFO) Added: freq=471 size=1780 all=39265 active=2590 piece=▁feel
bpe_model_trainer.cc(268) LOG(INFO) Added: freq=463 size=1800 all=39467 active=2792 piece=▁anim
bpe_model_trainer.cc(159) LOG(INFO) Updating active symbols. max_freq=463 min_freq=176
bpe_model_trainer.cc(268) LOG(INFO) Added: freq=456 size=1820 all=39591 active=2093 piece=▁local
bpe_model_trainer.cc(268) LOG(INFO) Added: freq=448 size=1840 all=39743 active=2245 piece=▁indeed
bpe_model_trainer.cc(268) LOG(INFO) Added: freq=441 size=1860 all=39830 active=2332 piece=bourg
bpe_model_trainer.cc(268) LOG(INFO) Added: freq=434 size=1880 all=40074 active=2576 piece=fort
bpe_model_trainer.cc(268) LOG(INFO) Added: freq=428 size=1900 all=40218 active=2720 piece=oung
bpe_model_trainer.cc(159) LOG(INFO) Updating active symbols. max_freq=427 min_freq=166
bpe_model_trainer.cc(268) LOG(INFO) Added: freq=422 size=1920 all=40392 active=2176 piece=ued
bpe_model_trainer.cc(268) LOG(INFO) Added: freq=417 size=1940 all=40531 active=2315 piece=▁prepare
bpe_model_trainer.cc(268) LOG(INFO) Added: freq=413 size=1960 all=40727 active=2511 piece=▁approved
bpe_model_trainer.cc(268) LOG(INFO) Added: freq=406 size=1980 all=40887 active=2671 piece=▁management
bpe_model_trainer.cc(268) LOG(INFO) Added: freq=400 size=2000 all=41040 active=2824 piece=▁young
bpe_model_trainer.cc(159) LOG(INFO) Updating active symbols. max_freq=400 min_freq=157
bpe_model_trainer.cc(268) LOG(INFO) Added: freq=393 size=2020 all=41141 active=2148 piece=▁unemployment
bpe_model_trainer.cc(268) LOG(INFO) Added: freq=385 size=2040 all=41297 active=2304 piece=▁Br
bpe_model_trainer.cc(268) LOG(INFO) Added: freq=380 size=2060 all=41538 active=2545 piece=▁promote
bpe_model_trainer.cc(268) LOG(INFO) Added: freq=374 size=2080 all=41835 active=2842 piece=cember
bpe_model_trainer.cc(268) LOG(INFO) Added: freq=369 size=2100 all=41943 active=2950 piece=▁stress
bpe_model_trainer.cc(159) LOG(INFO) Updating active symbols. max_freq=369 min_freq=148
bpe_model_trainer.cc(268) LOG(INFO) Added: freq=364 size=2120 all=42026 active=2176 piece=▁nature
bpe_model_trainer.cc(268) LOG(INFO) Added: freq=359 size=2140 all=42105 active=2255 piece=▁One
bpe_model_trainer.cc(268) LOG(INFO) Added: freq=354 size=2160 all=42277 active=2427 piece=▁fishing
bpe_model_trainer.cc(268) LOG(INFO) Added: freq=349 size=2180 all=42382 active=2532 piece=▁conclusion
bpe_model_trainer.cc(268) LOG(INFO) Added: freq=344 size=2200 all=42464 active=2614 piece=▁Man
bpe_model_trainer.cc(159) LOG(INFO) Updating active symbols. max_freq=344 min_freq=141
bpe_model_trainer.cc(268) LOG(INFO) Added: freq=339 size=2220 all=42581 active=2228 piece=▁decided
bpe_model_trainer.cc(268) LOG(INFO) Added: freq=333 size=2240 all=42697 active=2344 piece=emoc
bpe_model_trainer.cc(268) LOG(INFO) Added: freq=327 size=2260 all=42797 active=2444 piece=SV
bpe_model_trainer.cc(268) LOG(INFO) Added: freq=324 size=2280 all=42980 active=2627 piece=▁Sweden
bpe_model_trainer.cc(268) LOG(INFO) Added: freq=319 size=2300 all=43069 active=2716 piece=▁June
bpe_model_trainer.cc(159) LOG(INFO) Updating active symbols. max_freq=319 min_freq=133
bpe_model_trainer.cc(268) LOG(INFO) Added: freq=316 size=2320 all=43137 active=2222 piece=▁doubt
bpe_model_trainer.cc(268) LOG(INFO) Added: freq=313 size=2340 all=43211 active=2296 piece=▁extent
bpe_model_trainer.cc(268) LOG(INFO) Added: freq=308 size=2360 all=43283 active=2368 piece=96)
bpe_model_trainer.cc(268) LOG(INFO) Added: freq=304 size=2380 all=43510 active=2595 piece=arily
bpe_model_trainer.cc(268) LOG(INFO) Added: freq=301 size=2400 all=43647 active=2732 piece=▁proceed
bpe_model_trainer.cc(159) LOG(INFO) Updating active symbols. max_freq=301 min_freq=125
bpe_model_trainer.cc(268) LOG(INFO) Added: freq=299 size=2420 all=43715 active=2246 piece=▁institutional
bpe_model_trainer.cc(268) LOG(INFO) Added: freq=296 size=2440 all=43817 active=2348 piece=▁function
bpe_model_trainer.cc(268) LOG(INFO) Added: freq=294 size=2460 all=43882 active=2413 piece=▁provision
bpe_model_trainer.cc(268) LOG(INFO) Added: freq=290 size=2480 all=44008 active=2539 piece=The
bpe_model_trainer.cc(268) LOG(INFO) Added: freq=287 size=2500 all=44139 active=2670 piece=▁activity
bpe_model_trainer.cc(159) LOG(INFO) Updating active symbols. max_freq=286 min_freq=119
bpe_model_trainer.cc(268) LOG(INFO) Added: freq=282 size=2520 all=44238 active=2306 piece=az
bpe_model_trainer.cc(268) LOG(INFO) Added: freq=279 size=2540 all=44492 active=2560 piece=▁outside
bpe_model_trainer.cc(268) LOG(INFO) Added: freq=276 size=2560 all=44581 active=2649 piece=sembly
bpe_model_trainer.cc(268) LOG(INFO) Added: freq=271 size=2580 all=44686 active=2754 piece=▁created
bpe_model_trainer.cc(268) LOG(INFO) Added: freq=268 size=2600 all=44924 active=2992 piece=▁fall
bpe_model_trainer.cc(159) LOG(INFO) Updating active symbols. max_freq=268 min_freq=113
bpe_model_trainer.cc(268) LOG(INFO) Added: freq=265 size=2620 all=44974 active=2289 piece=▁schem
bpe_model_trainer.cc(268) LOG(INFO) Added: freq=261 size=2640 all=45077 active=2392 piece=rary
bpe_model_trainer.cc(268) LOG(INFO) Added: freq=259 size=2660 all=45203 active=2518 piece=▁norm
bpe_model_trainer.cc(268) LOG(INFO) Added: freq=257 size=2680 all=45362 active=2677 piece=▁participation
bpe_model_trainer.cc(268) LOG(INFO) Added: freq=254 size=2700 all=45431 active=2746 piece=▁simil
bpe_model_trainer.cc(159) LOG(INFO) Updating active symbols. max_freq=254 min_freq=107
bpe_model_trainer.cc(268) LOG(INFO) Added: freq=252 size=2720 all=45556 active=2393 piece=▁undertak
bpe_model_trainer.cc(268) LOG(INFO) Added: freq=250 size=2740 all=45699 active=2536 piece=▁value
bpe_model_trainer.cc(268) LOG(INFO) Added: freq=248 size=2760 all=45810 active=2647 piece=▁altern
bpe_model_trainer.cc(268) LOG(INFO) Added: freq=246 size=2780 all=45955 active=2792 piece=▁Maastricht
bpe_model_trainer.cc(268) LOG(INFO) Added: freq=243 size=2800 all=46036 active=2873 piece=▁views
bpe_model_trainer.cc(159) LOG(INFO) Updating active symbols. max_freq=243 min_freq=102
bpe_model_trainer.cc(268) LOG(INFO) Added: freq=240 size=2820 all=46145 active=2411 piece=iss
bpe_model_trainer.cc(268) LOG(INFO) Added: freq=238 size=2840 all=46276 active=2542 piece=▁banan
bpe_model_trainer.cc(268) LOG(INFO) Added: freq=236 size=2860 all=46373 active=2639 piece=▁campaign
bpe_model_trainer.cc(268) LOG(INFO) Added: freq=233 size=2880 all=46452 active=2718 piece=ck
bpe_model_trainer.cc(268) LOG(INFO) Added: freq=232 size=2900 all=46539 active=2805 piece=▁structure
bpe_model_trainer.cc(159) LOG(INFO) Updating active symbols. max_freq=232 min_freq=98
bpe_model_trainer.cc(268) LOG(INFO) Added: freq=229 size=2920 all=46651 active=2438 piece=▁exchange
bpe_model_trainer.cc(268) LOG(INFO) Added: freq=227 size=2940 all=46722 active=2509 piece=▁appoint
bpe_model_trainer.cc(268) LOG(INFO) Added: freq=225 size=2960 all=46779 active=2566 piece=▁supported
bpe_model_trainer.cc(268) LOG(INFO) Added: freq=222 size=2980 all=46843 active=2630 piece=▁Af
bpe_model_trainer.cc(268) LOG(INFO) Added: freq=220 size=3000 all=46936 active=2723 piece=▁votes
bpe_model_trainer.cc(159) LOG(INFO) Updating active symbols. max_freq=220 min_freq=94
bpe_model_trainer.cc(268) LOG(INFO) Added: freq=218 size=3020 all=46994 active=2403 piece=▁treaty
bpe_model_trainer.cc(268) LOG(INFO) Added: freq=216 size=3040 all=47158 active=2567 piece=▁unac
bpe_model_trainer.cc(268) LOG(INFO) Added: freq=214 size=3060 all=47229 active=2638 piece=▁risks
bpe_model_trainer.cc(268) LOG(INFO) Added: freq=212 size=3080 all=47320 active=2729 piece=▁myself
bpe_model_trainer.cc(268) LOG(INFO) Added: freq=210 size=3100 all=47496 active=2905 piece=▁withdra
bpe_model_trainer.cc(159) LOG(INFO) Updating active symbols. max_freq=210 min_freq=90
bpe_model_trainer.cc(268) LOG(INFO) Added: freq=208 size=3120 all=47639 active=2516 piece=▁sources
bpe_model_trainer.cc(268) LOG(INFO) Added: freq=205 size=3140 all=47732 active=2609 piece=▁adapt
bpe_model_trainer.cc(268) LOG(INFO) Added: freq=204 size=3160 all=47836 active=2713 piece=▁parts
bpe_model_trainer.cc(268) LOG(INFO) Added: freq=202 size=3180 all=47905 active=2782 piece=▁beyond
bpe_model_trainer.cc(268) LOG(INFO) Added: freq=200 size=3200 all=48099 active=2976 piece=▁volunt
bpe_model_trainer.cc(159) LOG(INFO) Updating active symbols. max_freq=200 min_freq=87
bpe_model_trainer.cc(268) LOG(INFO) Added: freq=198 size=3220 all=48252 active=2557 piece=▁poU
bpe_model_trainer.cc(268) LOG(INFO) Added: freq=197 size=3240 all=48395 active=2700 piece=▁effici
bpe_model_trainer.cc(268) LOG(INFO) Added: freq=196 size=3260 all=48411 active=2716 piece=▁accident
bpe_model_trainer.cc(268) LOG(INFO) Added: freq=194 size=3280 all=48485 active=2790 piece=▁directives
bpe_model_trainer.cc(268) LOG(INFO) Added: freq=192 size=3300 all=48578 active=2883 piece=▁der
bpe_model_trainer.cc(159) LOG(INFO) Updating active symbols. max_freq=192 min_freq=84
bpe_model_trainer.cc(268) LOG(INFO) Added: freq=191 size=3320 all=48648 active=2488 piece=▁exclud
bpe_model_trainer.cc(268) LOG(INFO) Added: freq=189 size=3340 all=48725 active=2565 piece=▁pan
bpe_model_trainer.cc(268) LOG(INFO) Added: freq=188 size=3360 all=48818 active=2658 piece=▁probably
bpe_model_trainer.cc(268) LOG(INFO) Added: freq=186 size=3380 all=48936 active=2776 piece=▁Gu
bpe_model_trainer.cc(268) LOG(INFO) Added: freq=185 size=3400 all=49043 active=2883 piece=ruit
bpe_model_trainer.cc(159) LOG(INFO) Updating active symbols. max_freq=185 min_freq=81
bpe_model_trainer.cc(268) LOG(INFO) Added: freq=183 size=3420 all=49113 active=2516 piece=▁contro
bpe_model_trainer.cc(268) LOG(INFO) Added: freq=182 size=3440 all=49174 active=2577 piece=▁voluntary
bpe_model_trainer.cc(268) LOG(INFO) Added: freq=180 size=3460 all=49306 active=2709 piece=▁ine
bpe_model_trainer.cc(268) LOG(INFO) Added: freq=179 size=3480 all=49391 active=2794 piece=▁capital
bpe_model_trainer.cc(268) LOG(INFO) Added: freq=176 size=3500 all=49474 active=2877 piece=pol
bpe_model_trainer.cc(159) LOG(INFO) Updating active symbols. max_freq=176 min_freq=77
bpe_model_trainer.cc(268) LOG(INFO) Added: freq=175 size=3520 all=49560 active=2524 piece=▁sk
bpe_model_trainer.cc(268) LOG(INFO) Added: freq=173 size=3540 all=49642 active=2606 piece=▁ut
bpe_model_trainer.cc(268) LOG(INFO) Added: freq=172 size=3560 all=49722 active=2686 piece=▁convin
bpe_model_trainer.cc(268) LOG(INFO) Added: freq=170 size=3580 all=49813 active=2777 piece=ees
bpe_model_trainer.cc(268) LOG(INFO) Added: freq=169 size=3600 all=49931 active=2895 piece=▁territory
bpe_model_trainer.cc(159) LOG(INFO) Updating active symbols. max_freq=169 min_freq=74
bpe_model_trainer.cc(268) LOG(INFO) Added: freq=167 size=3620 all=49986 active=2552 piece=rag
bpe_model_trainer.cc(268) LOG(INFO) Added: freq=166 size=3640 all=50133 active=2699 piece=▁Bang
bpe_model_trainer.cc(268) LOG(INFO) Added: freq=165 size=3660 all=50192 active=2758 piece=▁obligations
bpe_model_trainer.cc(268) LOG(INFO) Added: freq=163 size=3680 all=50262 active=2828 piece=lines
bpe_model_trainer.cc(268) LOG(INFO) Added: freq=162 size=3700 all=50359 active=2925 piece=▁lia
bpe_model_trainer.cc(159) LOG(INFO) Updating active symbols. max_freq=162 min_freq=71
bpe_model_trainer.cc(268) LOG(INFO) Added: freq=161 size=3720 all=50553 active=2707 piece=▁Today
bpe_model_trainer.cc(268) LOG(INFO) Added: freq=160 size=3740 all=50608 active=2762 piece=▁Bangemann
bpe_model_trainer.cc(268) LOG(INFO) Added: freq=158 size=3760 all=50743 active=2897 piece=icit
bpe_model_trainer.cc(268) LOG(INFO) Added: freq=157 size=3780 all=50802 active=2956 piece=▁deep
bpe_model_trainer.cc(268) LOG(INFO) Added: freq=156 size=3800 all=50869 active=3023 piece=▁acceptable
bpe_model_trainer.cc(159) LOG(INFO) Updating active symbols. max_freq=156 min_freq=69
bpe_model_trainer.cc(268) LOG(INFO) Added: freq=155 size=3820 all=50934 active=2609 piece=▁thousand
bpe_model_trainer.cc(268) LOG(INFO) Added: freq=153 size=3840 all=51013 active=2688 piece=▁Bos
bpe_model_trainer.cc(268) LOG(INFO) Added: freq=152 size=3860 all=51118 active=2793 piece=▁council
bpe_model_trainer.cc(268) LOG(INFO) Added: freq=150 size=3880 all=51236 active=2911 piece=sc
bpe_model_trainer.cc(268) LOG(INFO) Added: freq=149 size=3900 all=51352 active=3027 piece=▁1995,
bpe_model_trainer.cc(159) LOG(INFO) Updating active symbols. max_freq=149 min_freq=66
bpe_model_trainer.cc(268) LOG(INFO) Added: freq=148 size=3920 all=51397 active=2612 piece=▁concrete
bpe_model_trainer.cc(268) LOG(INFO) Added: freq=147 size=3940 all=51443 active=2658 piece=▁substance
bpe_model_trainer.cc(268) LOG(INFO) Added: freq=145 size=3960 all=51467 active=2682 piece=▁22
bpe_model_trainer.cc(268) LOG(INFO) Added: freq=144 size=3980 all=51541 active=2756 piece=▁histor
bpe_model_trainer.cc(268) LOG(INFO) Added: freq=143 size=4000 all=51576 active=2791 piece=▁election
bpe_model_trainer.cc(159) LOG(INFO) Updating active symbols. max_freq=143 min_freq=64
bpe_model_trainer.cc(268) LOG(INFO) Added: freq=142 size=4020 all=51681 active=2684 piece=▁defined
bpe_model_trainer.cc(268) LOG(INFO) Added: freq=141 size=4040 all=51754 active=2757 piece=▁passed
bpe_model_trainer.cc(268) LOG(INFO) Added: freq=140 size=4060 all=51815 active=2818 piece=▁visit
bpe_model_trainer.cc(268) LOG(INFO) Added: freq=139 size=4080 all=51879 active=2882 piece=▁Under
bpe_model_trainer.cc(268) LOG(INFO) Added: freq=138 size=4100 all=51954 active=2957 piece=▁species
bpe_model_trainer.cc(159) LOG(INFO) Updating active symbols. max_freq=138 min_freq=62
bpe_model_trainer.cc(268) LOG(INFO) Added: freq=137 size=4120 all=51980 active=2624 piece=▁Institute
bpe_model_trainer.cc(268) LOG(INFO) Added: freq=136 size=4140 all=52037 active=2681 piece=▁equally
bpe_model_trainer.cc(268) LOG(INFO) Added: freq=134 size=4160 all=52139 active=2783 piece=iddle
bpe_model_trainer.cc(268) LOG(INFO) Added: freq=133 size=4180 all=52167 active=2811 piece=▁chem
bpe_model_trainer.cc(268) LOG(INFO) Added: freq=132 size=4200 all=52225 active=2869 piece=▁felt
bpe_model_trainer.cc(159) LOG(INFO) Updating active symbols. max_freq=132 min_freq=60
bpe_model_trainer.cc(268) LOG(INFO) Added: freq=131 size=4220 all=52275 active=2662 piece=▁manufact
bpe_model_trainer.cc(268) LOG(INFO) Added: freq=130 size=4240 all=52294 active=2681 piece=▁infrastructure
bpe_model_trainer.cc(268) LOG(INFO) Added: freq=128 size=4260 all=52376 active=2763 piece=▁banana
bpe_model_trainer.cc(268) LOG(INFO) Added: freq=127 size=4280 all=52444 active=2831 piece=ederation
bpe_model_trainer.cc(268) LOG(INFO) Added: freq=126 size=4300 all=52511 active=2898 piece=▁incident
bpe_model_trainer.cc(159) LOG(INFO) Updating active symbols. max_freq=126 min_freq=59
bpe_model_trainer.cc(268) LOG(INFO) Added: freq=125 size=4320 all=52563 active=2673 piece=▁undoubted
bpe_model_trainer.cc(268) LOG(INFO) Added: freq=123 size=4340 all=52625 active=2735 piece=aging
bpe_model_trainer.cc(268) LOG(INFO) Added: freq=122 size=4360 all=52727 active=2837 piece=unicip
bpe_model_trainer.cc(268) LOG(INFO) Added: freq=121 size=4380 all=52768 active=2878 piece=▁tion
bpe_model_trainer.cc(268) LOG(INFO) Added: freq=120 size=4400 all=52795 active=2905 piece=CNS
bpe_model_trainer.cc(159) LOG(INFO) Updating active symbols. max_freq=120 min_freq=57
bpe_model_trainer.cc(268) LOG(INFO) Added: freq=119 size=4420 all=52913 active=2757 piece=):
bpe_model_trainer.cc(268) LOG(INFO) Added: freq=118 size=4440 all=52987 active=2831 piece=5).
bpe_model_trainer.cc(268) LOG(INFO) Added: freq=118 size=4460 all=53141 active=2985 piece=▁Renault
bpe_model_trainer.cc(268) LOG(INFO) Added: freq=117 size=4480 all=53209 active=3053 piece=▁timet
bpe_model_trainer.cc(268) LOG(INFO) Added: freq=116 size=4500 all=53294 active=3138 piece=▁gone
bpe_model_trainer.cc(159) LOG(INFO) Updating active symbols. max_freq=116 min_freq=55
bpe_model_trainer.cc(268) LOG(INFO) Added: freq=115 size=4520 all=53389 active=2760 piece=▁weap
bpe_model_trainer.cc(268) LOG(INFO) Added: freq=114 size=4540 all=53513 active=2884 piece=illed
bpe_model_trainer.cc(268) LOG(INFO) Added: freq=113 size=4560 all=53584 active=2955 piece=va
bpe_model_trainer.cc(268) LOG(INFO) Added: freq=112 size=4580 all=53656 active=3027 piece=ense
bpe_model_trainer.cc(268) LOG(INFO) Added: freq=112 size=4600 all=53725 active=3096 piece=▁inadequate
bpe_model_trainer.cc(159) LOG(INFO) Updating active symbols. max_freq=112 min_freq=53
bpe_model_trainer.cc(268) LOG(INFO) Added: freq=111 size=4620 all=53740 active=2702 piece=▁constantly
bpe_model_trainer.cc(268) LOG(INFO) Added: freq=110 size=4640 all=53821 active=2783 piece=▁Objective
bpe_model_trainer.cc(268) LOG(INFO) Added: freq=109 size=4660 all=53850 active=2812 piece=▁deadline
bpe_model_trainer.cc(268) LOG(INFO) Added: freq=108 size=4680 all=53909 active=2871 piece=▁stra
bpe_model_trainer.cc(268) LOG(INFO) Added: freq=107 size=4700 all=53948 active=2910 piece=▁arise
bpe_model_trainer.cc(159) LOG(INFO) Updating active symbols. max_freq=107 min_freq=52
bpe_model_trainer.cc(268) LOG(INFO) Added: freq=106 size=4720 all=54057 active=2807 piece=enced
bpe_model_trainer.cc(268) LOG(INFO) Added: freq=105 size=4740 all=54190 active=2940 piece=▁pun
bpe_model_trainer.cc(268) LOG(INFO) Added: freq=104 size=4760 all=54371 active=3121 piece=bit
bpe_model_trainer.cc(268) LOG(INFO) Added: freq=104 size=4780 all=54479 active=3229 piece=▁debating
bpe_model_trainer.cc(268) LOG(INFO) Added: freq=103 size=4800 all=54555 active=3305 piece=▁entry
bpe_model_trainer.cc(159) LOG(INFO) Updating active symbols. max_freq=103 min_freq=50
bpe_model_trainer.cc(268) LOG(INFO) Added: freq=102 size=4820 all=54657 active=2830 piece=▁Sci
bpe_model_trainer.cc(268) LOG(INFO) Added: freq=102 size=4840 all=54690 active=2863 piece=▁applying
bpe_model_trainer.cc(268) LOG(INFO) Added: freq=101 size=4860 all=54759 active=2932 piece=▁tried
bpe_model_trainer.cc(268) LOG(INFO) Added: freq=100 size=4880 all=54789 active=2962 piece=▁lob
bpe_model_trainer.cc(268) LOG(INFO) Added: freq=100 size=4900 all=54829 active=3002 piece=▁guaranteed
bpe_model_trainer.cc(159) LOG(INFO) Updating active symbols. max_freq=100 min_freq=49
bpe_model_trainer.cc(268) LOG(INFO) Added: freq=99 size=4920 all=54896 active=2809 piece=▁option
bpe_model_trainer.cc(268) LOG(INFO) Added: freq=98 size=4940 all=54983 active=2896 piece=▁green
bpe_model_trainer.cc(268) LOG(INFO) Added: freq=97 size=4960 all=55036 active=2949 piece=▁Ro
bpe_model_trainer.cc(268) LOG(INFO) Added: freq=97 size=4980 all=55081 active=2994 piece=▁strengthened
bpe_model_trainer.cc(268) LOG(INFO) Added: freq=96 size=5000 all=55248 active=3161 piece=▁approx
bpe_model_trainer.cc(159) LOG(INFO) Updating active symbols. max_freq=96 min_freq=48
bpe_model_trainer.cc(268) LOG(INFO) Added: freq=95 size=5020 all=55344 active=2856 piece=cipl
bpe_model_trainer.cc(268) LOG(INFO) Added: freq=95 size=5040 all=55406 active=2918 piece=▁disease
bpe_model_trainer.cc(268) LOG(INFO) Added: freq=94 size=5060 all=55500 active=3012 piece=uese
bpe_model_trainer.cc(268) LOG(INFO) Added: freq=94 size=5080 all=55531 active=3043 piece=▁Portuguese
bpe_model_trainer.cc(268) LOG(INFO) Added: freq=93 size=5100 all=55628 active=3140 piece=▁endeav
bpe_model_trainer.cc(159) LOG(INFO) Updating active symbols. max_freq=93 min_freq=46
bpe_model_trainer.cc(268) LOG(INFO) Added: freq=92 size=5120 all=55658 active=2809 piece=allel
bpe_model_trainer.cc(268) LOG(INFO) Added: freq=91 size=5140 all=55706 active=2857 piece=53
bpe_model_trainer.cc(268) LOG(INFO) Added: freq=91 size=5160 all=55859 active=3010 piece=▁politically
bpe_model_trainer.cc(268) LOG(INFO) Added: freq=90 size=5180 all=56075 active=3226 piece=▁hands
bpe_model_trainer.cc(268) LOG(INFO) Added: freq=89 size=5200 all=56162 active=3313 piece=▁hor
bpe_model_trainer.cc(159) LOG(INFO) Updating active symbols. max_freq=89 min_freq=45
bpe_model_trainer.cc(268) LOG(INFO) Added: freq=89 size=5220 all=56196 active=2837 piece=▁Despite
bpe_model_trainer.cc(268) LOG(INFO) Added: freq=88 size=5240 all=56221 active=2862 piece=ris
bpe_model_trainer.cc(268) LOG(INFO) Added: freq=88 size=5260 all=56308 active=2949 piece=▁islands
bpe_model_trainer.cc(268) LOG(INFO) Added: freq=87 size=5280 all=56352 active=2993 piece=tel
bpe_model_trainer.cc(268) LOG(INFO) Added: freq=87 size=5300 all=56436 active=3077 piece=▁severe
bpe_model_trainer.cc(159) LOG(INFO) Updating active symbols. max_freq=87 min_freq=44
bpe_model_trainer.cc(268) LOG(INFO) Added: freq=86 size=5320 all=56451 active=2835 piece=gn
bpe_model_trainer.cc(268) LOG(INFO) Added: freq=86 size=5340 all=56613 active=2997 piece=Ruijten
bpe_model_trainer.cc(268) LOG(INFO) Added: freq=85 size=5360 all=56667 active=3051 piece=▁saw
bpe_model_trainer.cc(268) LOG(INFO) Added: freq=85 size=5380 all=56707 active=3091 piece=▁applicants
bpe_model_trainer.cc(268) LOG(INFO) Added: freq=84 size=5400 all=56762 active=3146 piece=▁honour
bpe_model_trainer.cc(159) LOG(INFO) Updating active symbols. max_freq=84 min_freq=43
bpe_model_trainer.cc(268) LOG(INFO) Added: freq=83 size=5420 all=56756 active=2832 piece=5,
bpe_model_trainer.cc(268) LOG(INFO) Added: freq=83 size=5440 all=56891 active=2967 piece=▁shared
bpe_model_trainer.cc(268) LOG(INFO) Added: freq=82 size=5460 all=57002 active=3078 piece=▁sad
bpe_model_trainer.cc(268) LOG(INFO) Added: freq=82 size=5480 all=57050 active=3126 piece=▁Wohlfart
bpe_model_trainer.cc(268) LOG(INFO) Added: freq=81 size=5500 all=57131 active=3207 piece=ken
bpe_model_trainer.cc(159) LOG(INFO) Updating active symbols. max_freq=81 min_freq=42
bpe_model_trainer.cc(268) LOG(INFO) Added: freq=81 size=5520 all=57231 active=2950 piece=▁Azerba
bpe_model_trainer.cc(268) LOG(INFO) Added: freq=80 size=5540 all=57308 active=3027 piece=▁von
bpe_model_trainer.cc(268) LOG(INFO) Added: freq=80 size=5560 all=57333 active=3052 piece=▁cunently
bpe_model_trainer.cc(268) LOG(INFO) Added: freq=79 size=5580 all=57443 active=3162 piece=▁Ed
bpe_model_trainer.cc(268) LOG(INFO) Added: freq=79 size=5600 all=57497 active=3216 piece=▁jointly
bpe_model_trainer.cc(159) LOG(INFO) Updating active symbols. max_freq=79 min_freq=40
bpe_model_trainer.cc(268) LOG(INFO) Added: freq=78 size=5620 all=57570 active=2948 piece=▁debt
bpe_model_trainer.cc(268) LOG(INFO) Added: freq=78 size=5640 all=57574 active=2952 piece=▁Christian
bpe_model_trainer.cc(268) LOG(INFO) Added: freq=77 size=5660 all=57719 active=3097 piece=visory
bpe_model_trainer.cc(268) LOG(INFO) Added: freq=77 size=5680 all=57714 active=3092 piece=▁coordinated
bpe_model_trainer.cc(268) LOG(INFO) Added: freq=76 size=5700 all=57827 active=3205 piece=▁logic
bpe_model_trainer.cc(159) LOG(INFO) Updating active symbols. max_freq=76 min_freq=39
bpe_model_trainer.cc(268) LOG(INFO) Added: freq=75 size=5720 all=57871 active=2936 piece=EM
bpe_model_trainer.cc(268) LOG(INFO) Added: freq=75 size=5740 all=58040 active=3105 piece=▁Year
bpe_model_trainer.cc(268) LOG(INFO) Added: freq=75 size=5760 all=58066 active=3131 piece=▁Ahlqvist
bpe_model_trainer.cc(268) LOG(INFO) Added: freq=74 size=5780 all=58118 active=3183 piece=▁La
bpe_model_trainer.cc(268) LOG(INFO) Added: freq=74 size=5800 all=58201 active=3266 piece=▁pleas
bpe_model_trainer.cc(159) LOG(INFO) Updating active symbols. max_freq=74 min_freq=38
bpe_model_trainer.cc(268) LOG(INFO) Added: freq=73 size=5820 all=58270 active=2976 piece=iary
bpe_model_trainer.cc(268) LOG(INFO) Added: freq=73 size=5840 all=58325 active=3031 piece=ilosoph
bpe_model_trainer.cc(268) LOG(INFO) Added: freq=72 size=5860 all=58342 active=3048 piece=bo
bpe_model_trainer.cc(268) LOG(INFO) Added: freq=72 size=5880 all=58513 active=3219 piece=▁Swiss
bpe_model_trainer.cc(268) LOG(INFO) Added: freq=72 size=5900 all=58506 active=3212 piece=▁supplementary
bpe_model_trainer.cc(159) LOG(INFO) Updating active symbols. max_freq=71 min_freq=37
bpe_model_trainer.cc(268) LOG(INFO) Added: freq=71 size=5920 all=58730 active=3150 piece=▁Scot
bpe_model_trainer.cc(268) LOG(INFO) Added: freq=71 size=5940 all=58751 active=3171 piece=▁decentral
bpe_model_trainer.cc(268) LOG(INFO) Added: freq=70 size=5960 all=58912 active=3332 piece=requ
bpe_model_trainer.cc(268) LOG(INFO) Added: freq=70 size=5980 all=58982 active=3402 piece=▁Cambod
bpe_model_trainer.cc(268) LOG(INFO) Added: freq=70 size=6000 all=58982 active=3402 piece=▁congratulating
bpe_model_trainer.cc(159) LOG(INFO) Updating active symbols. max_freq=69 min_freq=36
bpe_model_trainer.cc(268) LOG(INFO) Added: freq=69 size=6020 all=59132 active=3100 piece=which
bpe_model_trainer.cc(268) LOG(INFO) Added: freq=69 size=6040 all=59156 active=3124 piece=▁waiting
bpe_model_trainer.cc(268) LOG(INFO) Added: freq=68 size=6060 all=59243 active=3211 piece=gra
bpe_model_trainer.cc(268) LOG(INFO) Added: freq=68 size=6080 all=59362 active=3330 piece=▁Staff
bpe_model_trainer.cc(268) LOG(INFO) Added: freq=68 size=6100 all=59374 active=3342 piece=▁presents
bpe_model_trainer.cc(159) LOG(INFO) Updating active symbols. max_freq=68 min_freq=35
bpe_model_trainer.cc(268) LOG(INFO) Added: freq=67 size=6120 all=59462 active=3057 piece=▁user
bpe_model_trainer.cc(268) LOG(INFO) Added: freq=67 size=6140 all=59487 active=3082 piece=▁reflects
bpe_model_trainer.cc(268) LOG(INFO) Added: freq=66 size=6160 all=59566 active=3161 piece=▁Two
bpe_model_trainer.cc(268) LOG(INFO) Added: freq=66 size=6180 all=59597 active=3192 piece=▁shortly
bpe_model_trainer.cc(268) LOG(INFO) Added: freq=65 size=6200 all=59619 active=3214 piece=iced
bpe_model_trainer.cc(159) LOG(INFO) Updating active symbols. max_freq=65 min_freq=35
bpe_model_trainer.cc(268) LOG(INFO) Added: freq=65 size=6220 all=59708 active=3064 piece=ressive
bpe_model_trainer.cc(268) LOG(INFO) Added: freq=65 size=6240 all=59723 active=3079 piece=▁assisting
bpe_model_trainer.cc(268) LOG(INFO) Added: freq=64 size=6260 all=59819 active=3175 piece=stuff
bpe_model_trainer.cc(268) LOG(INFO) Added: freq=64 size=6280 all=59824 active=3180 piece=▁fraudul
bpe_model_trainer.cc(268) LOG(INFO) Added: freq=63 size=6300 all=59983 active=3339 piece=▁judg
bpe_model_trainer.cc(159) LOG(INFO) Updating active symbols. max_freq=63 min_freq=34
bpe_model_trainer.cc(268) LOG(INFO) Added: freq=63 size=6320 all=60004 active=3018 piece=▁confusion
bpe_model_trainer.cc(268) LOG(INFO) Added: freq=62 size=6340 all=60075 active=3089 piece=time
bpe_model_trainer.cc(268) LOG(INFO) Added: freq=62 size=6360 all=60119 active=3133 piece=▁strug
bpe_model_trainer.cc(268) LOG(INFO) Added: freq=62 size=6380 all=60134 active=3148 piece=▁incentive
bpe_model_trainer.cc(268) LOG(INFO) Added: freq=61 size=6400 all=60262 active=3276 piece=▁36
bpe_model_trainer.cc(159) LOG(INFO) Updating active symbols. max_freq=61 min_freq=33
bpe_model_trainer.cc(268) LOG(INFO) Added: freq=61 size=6420 all=60338 active=3077 piece=▁Bjer
bpe_model_trainer.cc(268) LOG(INFO) Added: freq=61 size=6440 all=60364 active=3103 piece=▁extrad
bpe_model_trainer.cc(268) LOG(INFO) Added: freq=61 size=6460 all=60356 active=3095 piece=▁coordinate
bpe_model_trainer.cc(268) LOG(INFO) Added: freq=60 size=6480 all=60444 active=3183 piece=▁liber
bpe_model_trainer.cc(268) LOG(INFO) Added: freq=60 size=6500 all=60450 active=3189 piece=▁allocation
bpe_model_trainer.cc(159) LOG(INFO) Updating active symbols. max_freq=60 min_freq=32
bpe_model_trainer.cc(268) LOG(INFO) Added: freq=59 size=6520 all=60575 active=3148 piece=owman
bpe_model_trainer.cc(268) LOG(INFO) Added: freq=59 size=6540 all=60613 active=3186 piece=▁Jensen
bpe_model_trainer.cc(268) LOG(INFO) Added: freq=59 size=6560 all=60619 active=3192 piece=▁tradition
bpe_model_trainer.cc(268) LOG(INFO) Added: freq=58 size=6580 all=60697 active=3270 piece=ades
bpe_model_trainer.cc(268) LOG(INFO) Added: freq=58 size=6600 all=60770 active=3343 piece=▁Norway
bpe_model_trainer.cc(159) LOG(INFO) Updating active symbols. max_freq=58 min_freq=31
bpe_model_trainer.cc(268) LOG(INFO) Added: freq=58 size=6620 all=60757 active=3026 piece=▁airports
bpe_model_trainer.cc(268) LOG(INFO) Added: freq=57 size=6640 all=60769 active=3038 piece=Aub
bpe_model_trainer.cc(268) LOG(INFO) Added: freq=57 size=6660 all=60882 active=3151 piece=intosh
bpe_model_trainer.cc(268) LOG(INFO) Added: freq=57 size=6680 all=60928 active=3197 piece=committee
bpe_model_trainer.cc(268) LOG(INFO) Added: freq=56 size=6700 all=60968 active=3237 piece=4,
bpe_model_trainer.cc(159) LOG(INFO) Updating active symbols. max_freq=56 min_freq=31
bpe_model_trainer.cc(268) LOG(INFO) Added: freq=56 size=6720 all=61125 active=3181 piece=respy
bpe_model_trainer.cc(268) LOG(INFO) Added: freq=56 size=6740 all=61142 active=3198 piece=▁Lastly
bpe_model_trainer.cc(268) LOG(INFO) Added: freq=56 size=6760 all=61157 active=3213 piece=▁Macedonia
bpe_model_trainer.cc(268) LOG(INFO) Added: freq=55 size=6780 all=61211 active=3267 piece=SC
bpe_model_trainer.cc(268) LOG(INFO) Added: freq=55 size=6800 all=61361 active=3417 piece=right
bpe_model_trainer.cc(159) LOG(INFO) Updating active symbols. max_freq=55 min_freq=30
bpe_model_trainer.cc(268) LOG(INFO) Added: freq=55 size=6820 all=61388 active=3085 piece=▁teacher
bpe_model_trainer.cc(268) LOG(INFO) Added: freq=55 size=6840 all=61372 active=3069 piece=▁inspection
bpe_model_trainer.cc(268) LOG(INFO) Added: freq=54 size=6860 all=61442 active=3139 piece=oods
bpe_model_trainer.cc(268) LOG(INFO) Added: freq=54 size=6880 all=61492 active=3189 piece=andzio
bpe_model_trainer.cc(268) LOG(INFO) Added: freq=54 size=6900 all=61508 active=3205 piece=▁resort
bpe_model_trainer.cc(159) LOG(INFO) Updating active symbols. max_freq=54 min_freq=29
bpe_model_trainer.cc(268) LOG(INFO) Added: freq=54 size=6920 all=61508 active=3073 piece=▁producer
bpe_model_trainer.cc(268) LOG(INFO) Added: freq=53 size=6940 all=61537 active=3102 piece=arr
bpe_model_trainer.cc(268) LOG(INFO) Added: freq=53 size=6960 all=61671 active=3236 piece=Plath
bpe_model_trainer.cc(268) LOG(INFO) Added: freq=53 size=6980 all=61686 active=3251 piece=▁attrib
bpe_model_trainer.cc(268) LOG(INFO) Added: freq=53 size=7000 all=61689 active=3254 piece=▁forgotten
bpe_model_trainer.cc(159) LOG(INFO) Updating active symbols. max_freq=53 min_freq=29
bpe_model_trainer.cc(268) LOG(INFO) Added: freq=52 size=7020 all=61844 active=3240 piece=▁PO
bpe_model_trainer.cc(268) LOG(INFO) Added: freq=52 size=7040 all=61926 active=3322 piece=▁gall
bpe_model_trainer.cc(268) LOG(INFO) Added: freq=52 size=7060 all=61935 active=3331 piece=▁broadly
bpe_model_trainer.cc(268) LOG(INFO) Added: freq=52 size=7080 all=61920 active=3316 piece=▁consignments
bpe_model_trainer.cc(268) LOG(INFO) Added: freq=51 size=7100 all=62116 active=3512 piece=▁Vil
bpe_model_trainer.cc(159) LOG(INFO) Updating active symbols. max_freq=51 min_freq=28
bpe_model_trainer.cc(268) LOG(INFO) Added: freq=51 size=7120 all=62144 active=3130 piece=▁falls
bpe_model_trainer.cc(268) LOG(INFO) Added: freq=51 size=7140 all=62158 active=3144 piece=▁enhance
bpe_model_trainer.cc(268) LOG(INFO) Added: freq=51 size=7160 all=62158 active=3144 piece=▁secretariat
bpe_model_trainer.cc(268) LOG(INFO) Added: freq=50 size=7180 all=62276 active=3262 piece=ibet
bpe_model_trainer.cc(268) LOG(INFO) Added: freq=50 size=7200 all=62317 active=3303 piece=▁guard
bpe_model_trainer.cc(159) LOG(INFO) Updating active symbols. max_freq=50 min_freq=28
bpe_model_trainer.cc(268) LOG(INFO) Added: freq=50 size=7220 all=62340 active=3136 piece=▁abstain
bpe_model_trainer.cc(268) LOG(INFO) Added: freq=50 size=7240 all=62338 active=3134 piece=▁lobbyists
bpe_model_trainer.cc(268) LOG(INFO) Added: freq=49 size=7260 all=62448 active=3244 piece=ita
bpe_model_trainer.cc(268) LOG(INFO) Added: freq=49 size=7280 all=62574 active=3370 piece=▁cele
bpe_model_trainer.cc(268) LOG(INFO) Added: freq=49 size=7300 all=62596 active=3392 piece=▁belief
bpe_model_trainer.cc(159) LOG(INFO) Updating active symbols. max_freq=49 min_freq=27
bpe_model_trainer.cc(268) LOG(INFO) Added: freq=49 size=7320 all=62602 active=3135 piece=▁Building
bpe_model_trainer.cc(268) LOG(INFO) Added: freq=49 size=7340 all=62588 active=3121 piece=▁consultations
bpe_model_trainer.cc(268) LOG(INFO) Added: freq=48 size=7360 all=62742 active=3275 piece=encer
bpe_model_trainer.cc(268) LOG(INFO) Added: freq=48 size=7380 all=62797 active=3330 piece=▁plays
bpe_model_trainer.cc(268) LOG(INFO) Added: freq=48 size=7400 all=62808 active=3341 piece=▁evident
bpe_model_trainer.cc(159) LOG(INFO) Updating active symbols. max_freq=48 min_freq=26
bpe_model_trainer.cc(268) LOG(INFO) Added: freq=47 size=7420 all=62809 active=3141 piece=AD
bpe_model_trainer.cc(268) LOG(INFO) Added: freq=47 size=7440 all=62951 active=3283 piece=▁hal
bpe_model_trainer.cc(268) LOG(INFO) Added: freq=47 size=7460 all=63003 active=3335 piece=▁secre
bpe_model_trainer.cc(268) LOG(INFO) Added: freq=47 size=7480 all=63003 active=3335 piece=▁purchase
bpe_model_trainer.cc(268) LOG(INFO) Added: freq=47 size=7500 all=62989 active=3321 piece=▁restrictive
bpe_model_trainer.cc(159) LOG(INFO) Updating active symbols. max_freq=47 min_freq=26
bpe_model_trainer.cc(268) LOG(INFO) Added: freq=46 size=7520 all=63128 active=3289 piece=ects
bpe_model_trainer.cc(268) LOG(INFO) Added: freq=46 size=7540 all=63199 active=3360 piece=lected
bpe_model_trainer.cc(268) LOG(INFO) Added: freq=46 size=7560 all=63228 active=3389 piece=▁Aelvoet
bpe_model_trainer.cc(268) LOG(INFO) Added: freq=46 size=7580 all=63216 active=3377 piece=▁Izquierdo
bpe_model_trainer.cc(268) LOG(INFO) Added: freq=46 size=7600 all=63206 active=3367 piece=▁harmonisation
bpe_model_trainer.cc(159) LOG(INFO) Updating active symbols. max_freq=46 min_freq=25
bpe_model_trainer.cc(268) LOG(INFO) Added: freq=45 size=7620 all=63372 active=3327 piece=vent
bpe_model_trainer.cc(268) LOG(INFO) Added: freq=45 size=7640 all=63448 active=3403 piece=▁depr
bpe_model_trainer.cc(268) LOG(INFO) Added: freq=45 size=7660 all=63483 active=3438 piece=▁manip
bpe_model_trainer.cc(268) LOG(INFO) Added: freq=45 size=7680 all=63482 active=3437 piece=▁pursuit
bpe_model_trainer.cc(268) LOG(INFO) Added: freq=45 size=7700 all=63476 active=3431 piece=▁subjected
bpe_model_trainer.cc(159) LOG(INFO) Updating active symbols. max_freq=45 min_freq=25
bpe_model_trainer.cc(268) LOG(INFO) Added: freq=44 size=7720 all=63487 active=3185 piece=55
bpe_model_trainer.cc(268) LOG(INFO) Added: freq=44 size=7740 all=63655 active=3353 piece=▁GUE
bpe_model_trainer.cc(268) LOG(INFO) Added: freq=44 size=7760 all=63715 active=3413 piece=▁sees
bpe_model_trainer.cc(268) LOG(INFO) Added: freq=44 size=7780 all=63749 active=3447 piece=itoring
bpe_model_trainer.cc(268) LOG(INFO) Added: freq=44 size=7800 all=63756 active=3454 piece=▁missing
bpe_model_trainer.cc(159) LOG(INFO) Updating active symbols. max_freq=44 min_freq=24
bpe_model_trainer.cc(268) LOG(INFO) Added: freq=44 size=7820 all=63741 active=3173 piece=▁inquiries
bpe_model_trainer.cc(268) LOG(INFO) Added: freq=43 size=7840 all=63857 active=3289 piece=sof
bpe_model_trainer.cc(268) LOG(INFO) Added: freq=43 size=7860 all=63964 active=3396 piece=ander
bpe_model_trainer.cc(268) LOG(INFO) Added: freq=43 size=7880 all=64015 active=3447 piece=▁blood
bpe_model_trainer.cc(268) LOG(INFO) Added: freq=43 size=7900 all=64080 active=3512 piece=▁Kirsten
bpe_model_trainer.cc(159) LOG(INFO) Updating active symbols. max_freq=43 min_freq=24
bpe_model_trainer.cc(268) LOG(INFO) Added: freq=43 size=7920 all=64068 active=3192 piece=▁pointing
bpe_model_trainer.cc(268) LOG(INFO) Added: freq=42 size=7940 all=64120 active=3244 piece=DAY
bpe_model_trainer.cc(268) LOG(INFO) Added: freq=42 size=7960 all=64249 active=3373 piece=▁Wee
bpe_model_trainer.cc(268) LOG(INFO) Added: freq=42 size=7980 all=64293 active=3417 piece=ounded
bpe_model_trainer.cc(268) LOG(INFO) Added: freq=42 size=8000 all=64322 active=3446 piece=▁Growth
bpe_model_trainer.cc(159) LOG(INFO) Updating active symbols. max_freq=42 min_freq=23
bpe_model_trainer.cc(268) LOG(INFO) Added: freq=42 size=8020 all=64321 active=3216 piece=▁illness
bpe_model_trainer.cc(268) LOG(INFO) Added: freq=42 size=8040 all=64312 active=3207 piece=▁machinery
bpe_model_trainer.cc(268) LOG(INFO) Added: freq=41 size=8060 all=64409 active=3304 piece=mod
bpe_model_trainer.cc(268) LOG(INFO) Added: freq=41 size=8080 all=64516 active=3411 piece=/97),
bpe_model_trainer.cc(268) LOG(INFO) Added: freq=41 size=8100 all=64583 active=3478 piece=▁remit
bpe_model_trainer.cc(159) LOG(INFO) Updating active symbols. max_freq=41 min_freq=23
bpe_model_trainer.cc(268) LOG(INFO) Added: freq=41 size=8120 all=64599 active=3245 piece=▁incomes
bpe_model_trainer.cc(268) LOG(INFO) Added: freq=41 size=8140 all=64587 active=3233 piece=▁incidents
bpe_model_trainer.cc(268) LOG(INFO) Added: freq=40 size=8160 all=64636 active=3282 piece=OF
bpe_model_trainer.cc(268) LOG(INFO) Added: freq=40 size=8180 all=64822 active=3468 piece=endy
bpe_model_trainer.cc(268) LOG(INFO) Added: freq=40 size=8200 all=64901 active=3547 piece=orsel
bpe_model_trainer.cc(159) LOG(INFO) Updating active symbols. max_freq=40 min_freq=22
bpe_model_trainer.cc(268) LOG(INFO) Added: freq=40 size=8220 all=64938 active=3280 piece=▁birth
bpe_model_trainer.cc(268) LOG(INFO) Added: freq=40 size=8240 all=64960 active=3302 piece=▁Asensio
bpe_model_trainer.cc(268) LOG(INFO) Added: freq=40 size=8260 all=64949 active=3291 piece=▁Democracy
bpe_model_trainer.cc(268) LOG(INFO) Added: freq=40 size=8280 all=64935 active=3277 piece=▁prerequisite
bpe_model_trainer.cc(268) LOG(INFO) Added: freq=39 size=8300 all=65031 active=3373 piece=olly
bpe_model_trainer.cc(159) LOG(INFO) Updating active symbols. max_freq=39 min_freq=22
bpe_model_trainer.cc(268) LOG(INFO) Added: freq=39 size=8320 all=65083 active=3298 piece=▁INTO
bpe_model_trainer.cc(268) LOG(INFO) Added: freq=39 size=8340 all=65105 active=3320 piece=▁reput
bpe_model_trainer.cc(268) LOG(INFO) Added: freq=39 size=8360 all=65111 active=3326 piece=▁surplus
bpe_model_trainer.cc(268) LOG(INFO) Added: freq=39 size=8380 all=65098 active=3313 piece=▁consignment
bpe_model_trainer.cc(268) LOG(INFO) Added: freq=38 size=8400 all=65177 active=3392 piece=ids
bpe_model_trainer.cc(159) LOG(INFO) Updating active symbols. max_freq=38 min_freq=22
bpe_model_trainer.cc(268) LOG(INFO) Added: freq=38 size=8420 all=65285 active=3355 piece=pidou
bpe_model_trainer.cc(268) LOG(INFO) Added: freq=38 size=8440 all=65323 active=3393 piece=▁Partn
bpe_model_trainer.cc(268) LOG(INFO) Added: freq=38 size=8460 all=65321 active=3391 piece=▁branch
bpe_model_trainer.cc(268) LOG(INFO) Added: freq=38 size=8480 all=65308 active=3378 piece=▁convince
bpe_model_trainer.cc(268) LOG(INFO) Added: freq=38 size=8500 all=65302 active=3372 piece=▁abandonment
bpe_model_trainer.cc(159) LOG(INFO) Updating active symbols. max_freq=38 min_freq=21
bpe_model_trainer.cc(268) LOG(INFO) Added: freq=37 size=8520 all=65406 active=3370 piece=-19
bpe_model_trainer.cc(268) LOG(INFO) Added: freq=37 size=8540 all=65583 active=3547 piece=▁Fax
bpe_model_trainer.cc(268) LOG(INFO) Added: freq=37 size=8560 all=65624 active=3588 piece=andbæk
bpe_model_trainer.cc(268) LOG(INFO) Added: freq=37 size=8580 all=65636 active=3600 piece=▁absent
bpe_model_trainer.cc(268) LOG(INFO) Added: freq=37 size=8600 all=65648 active=3612 piece=▁abolish
bpe_model_trainer.cc(159) LOG(INFO) Updating active symbols. max_freq=37 min_freq=21
bpe_model_trainer.cc(268) LOG(INFO) Added: freq=37 size=8620 all=65635 active=3269 piece=▁exercises
bpe_model_trainer.cc(268) LOG(INFO) Added: freq=37 size=8640 all=65619 active=3253 piece=▁systematically
bpe_model_trainer.cc(268) LOG(INFO) Added: freq=36 size=8660 all=65726 active=3360 piece=▁Die
bpe_model_trainer.cc(268) LOG(INFO) Added: freq=36 size=8680 all=65776 active=3410 piece=▁cann
bpe_model_trainer.cc(268) LOG(INFO) Added: freq=36 size=8700 all=65819 active=3453 piece=-1989).
bpe_model_trainer.cc(159) LOG(INFO) Updating active symbols. max_freq=36 min_freq=20
bpe_model_trainer.cc(268) LOG(INFO) Added: freq=36 size=8720 all=65842 active=3301 piece=together
bpe_model_trainer.cc(268) LOG(INFO) Added: freq=36 size=8740 all=65841 active=3300 piece=▁Flagship
bpe_model_trainer.cc(268) LOG(INFO) Added: freq=36 size=8760 all=65826 active=3285 piece=▁complexity
bpe_model_trainer.cc(268) LOG(INFO) Added: freq=35 size=8780 all=65862 active=3321 piece=DF
bpe_model_trainer.cc(268) LOG(INFO) Added: freq=35 size=8800 all=65975 active=3434 piece=smen
bpe_model_trainer.cc(159) LOG(INFO) Updating active symbols. max_freq=35 min_freq=20
bpe_model_trainer.cc(268) LOG(INFO) Added: freq=35 size=8820 all=66066 active=3385 piece=▁abst
bpe_model_trainer.cc(268) LOG(INFO) Added: freq=35 size=8840 all=66100 active=3419 piece=▁badly
bpe_model_trainer.cc(268) LOG(INFO) Added: freq=35 size=8860 all=66130 active=3449 piece=▁enrich
bpe_model_trainer.cc(268) LOG(INFO) Added: freq=35 size=8880 all=66141 active=3460 piece=▁blocked
bpe_model_trainer.cc(268) LOG(INFO) Added: freq=35 size=8900 all=66132 active=3451 piece=▁invention
bpe_model_trainer.cc(159) LOG(INFO) Updating active symbols. max_freq=35 min_freq=20
bpe_model_trainer.cc(268) LOG(INFO) Added: freq=35 size=8920 all=66115 active=3290 piece=▁utilization
bpe_model_trainer.cc(268) LOG(INFO) Added: freq=34 size=8940 all=66285 active=3460 piece=oyal
bpe_model_trainer.cc(268) LOG(INFO) Added: freq=34 size=8960 all=66348 active=3523 piece=tings
bpe_model_trainer.cc(268) LOG(INFO) Added: freq=34 size=8980 all=66370 active=3545 piece=▁wood
bpe_model_trainer.cc(268) LOG(INFO) Added: freq=34 size=9000 all=66396 active=3571 piece=product
bpe_model_trainer.cc(159) LOG(INFO) Updating active symbols. max_freq=34 min_freq=19
bpe_model_trainer.cc(268) LOG(INFO) Added: freq=34 size=9020 all=66395 active=3313 piece=▁Besides
bpe_model_trainer.cc(268) LOG(INFO) Added: freq=34 size=9040 all=66382 active=3300 piece=▁labelled
bpe_model_trainer.cc(268) LOG(INFO) Added: freq=34 size=9060 all=66374 active=3292 piece=▁horizontal
bpe_model_trainer.cc(268) LOG(INFO) Added: freq=34 size=9080 all=66356 active=3274 piece=▁wholehearted
bpe_model_trainer.cc(268) LOG(INFO) Added: freq=33 size=9100 all=66483 active=3401 piece=ière
bpe_model_trainer.cc(159) LOG(INFO) Updating active symbols. max_freq=33 min_freq=19
bpe_model_trainer.cc(268) LOG(INFO) Added: freq=33 size=9120 all=66536 active=3376 piece=▁pose
bpe_model_trainer.cc(268) LOG(INFO) Added: freq=33 size=9140 all=66562 active=3402 piece=▁woman
bpe_model_trainer.cc(268) LOG(INFO) Added: freq=33 size=9160 all=66566 active=3406 piece=▁adjourn
bpe_model_trainer.cc(268) LOG(INFO) Added: freq=33 size=9180 all=66564 active=3404 piece=compulsory
bpe_model_trainer.cc(268) LOG(INFO) Added: freq=33 size=9200 all=66553 active=3393 piece=▁furthermore
bpe_model_trainer.cc(159) LOG(INFO) Updating active symbols. max_freq=33 min_freq=19
bpe_model_trainer.cc(268) LOG(INFO) Added: freq=32 size=9220 all=66745 active=3520 piece=efe
bpe_model_trainer.cc(268) LOG(INFO) Added: freq=32 size=9240 all=66849 active=3624 piece=▁cha
bpe_model_trainer.cc(268) LOG(INFO) Added: freq=32 size=9260 all=66886 active=3661 piece=▁unch
bpe_model_trainer.cc(268) LOG(INFO) Added: freq=32 size=9280 all=66925 active=3700 piece=▁tests
bpe_model_trainer.cc(268) LOG(INFO) Added: freq=32 size=9300 all=66949 active=3724 piece=▁Iceland
bpe_model_trainer.cc(159) LOG(INFO) Updating active symbols. max_freq=32 min_freq=18
bpe_model_trainer.cc(268) LOG(INFO) Added: freq=32 size=9320 all=66936 active=3334 piece=▁integral
bpe_model_trainer.cc(268) LOG(INFO) Added: freq=32 size=9340 all=66921 active=3319 piece=▁controlling
bpe_model_trainer.cc(268) LOG(INFO) Added: freq=31 size=9360 all=67049 active=3447 piece=rel
bpe_model_trainer.cc(268) LOG(INFO) Added: freq=31 size=9380 all=67141 active=3539 piece=▁Add
bpe_model_trainer.cc(268) LOG(INFO) Added: freq=31 size=9400 all=67205 active=3603 piece=▁Farm
bpe_model_trainer.cc(159) LOG(INFO) Updating active symbols. max_freq=31 min_freq=18
bpe_model_trainer.cc(268) LOG(INFO) Added: freq=31 size=9420 all=67223 active=3376 piece=▁wages
bpe_model_trainer.cc(268) LOG(INFO) Added: freq=31 size=9440 all=67234 active=3387 piece=▁Kokkola
bpe_model_trainer.cc(268) LOG(INFO) Added: freq=31 size=9460 all=67223 active=3376 piece=▁reserved
bpe_model_trainer.cc(268) LOG(INFO) Added: freq=31 size=9480 all=67204 active=3357 piece=▁formulated
bpe_model_trainer.cc(268) LOG(INFO) Added: freq=31 size=9500 all=67195 active=3348 piece=▁simultaneously
bpe_model_trainer.cc(159) LOG(INFO) Updating active symbols. max_freq=30 min_freq=18
bpe_model_trainer.cc(268) LOG(INFO) Added: freq=30 size=9520 all=67372 active=3537 piece=anni
bpe_model_trainer.cc(268) LOG(INFO) Added: freq=30 size=9540 all=67461 active=3626 piece=celer
bpe_model_trainer.cc(268) LOG(INFO) Added: freq=30 size=9560 all=67511 active=3676 piece=▁proc
bpe_model_trainer.cc(268) LOG(INFO) Added: freq=30 size=9580 all=67535 active=3700 piece=▁sites
bpe_model_trainer.cc(268) LOG(INFO) Added: freq=30 size=9600 all=67558 active=3723 piece=▁verify
bpe_model_trainer.cc(159) LOG(INFO) Updating active symbols. max_freq=30 min_freq=17
bpe_model_trainer.cc(268) LOG(INFO) Added: freq=30 size=9620 all=67562 active=3381 piece=▁bankrupt
bpe_model_trainer.cc(268) LOG(INFO) Added: freq=30 size=9640 all=67560 active=3379 piece=▁encompass
bpe_model_trainer.cc(268) LOG(INFO) Added: freq=30 size=9660 all=67555 active=3374 piece=▁Fortunately
bpe_model_trainer.cc(268) LOG(INFO) Added: freq=29 size=9680 all=67661 active=3480 piece=pic
bpe_model_trainer.cc(268) LOG(INFO) Added: freq=29 size=9700 all=67756 active=3575 piece=uzzi
bpe_model_trainer.cc(159) LOG(INFO) Updating active symbols. max_freq=29 min_freq=17
bpe_model_trainer.cc(268) LOG(INFO) Added: freq=29 size=9720 all=67828 active=3458 piece=aceut
bpe_model_trainer.cc(268) LOG(INFO) Added: freq=29 size=9740 all=67860 active=3490 piece=herent
bpe_model_trainer.cc(268) LOG(INFO) Added: freq=29 size=9760 all=67869 active=3499 piece=▁purse
trainer_interface.cc(689) LOG(INFO) Saving model: /scratch/akr/eub_relbias_20250909_090330/checkpoints/tgt_spm.model
trainer_interface.cc(701) LOG(INFO) Saving vocabs: /scratch/akr/eub_relbias_20250909_090330/checkpoints/tgt_spm.vocab
Epoch 1 [train]:   0%|                                                     | 0/1407 [00:00<?, ?it/s]Epoch 1 [train]:   0%|                                | 0/1407 [00:00<?, ?it/s, avg=9.35, loss=9.35]Epoch 1 [train]:   0%|                        | 1/1407 [00:00<18:36,  1.26it/s, avg=9.35, loss=9.35]Epoch 1 [train]:   0%|                        | 1/1407 [00:00<18:36,  1.26it/s, avg=8.84, loss=8.33]Epoch 1 [train]:   0%|                        | 2/1407 [00:00<10:06,  2.32it/s, avg=8.84, loss=8.33]Epoch 1 [train]:   0%|                        | 2/1407 [00:01<10:06,  2.32it/s, avg=8.58, loss=8.06]Epoch 1 [train]:   0%|                        | 3/1407 [00:01<07:36,  3.07it/s, avg=8.58, loss=8.06]Epoch 1 [train]:   0%|                        | 3/1407 [00:01<07:36,  3.07it/s, avg=8.38, loss=7.77]Epoch 1 [train]:   0%|                        | 4/1407 [00:01<05:55,  3.94it/s, avg=8.38, loss=7.77]Epoch 1 [train]:   0%|                        | 4/1407 [00:01<05:55,  3.94it/s, avg=8.24, loss=7.68]Epoch 1 [train]:   0%|                        | 5/1407 [00:01<05:07,  4.56it/s, avg=8.24, loss=7.68]Epoch 1 [train]:   0%|                        | 5/1407 [00:01<05:07,  4.56it/s, avg=8.11, loss=7.48]Epoch 1 [train]:   0%|                        | 6/1407 [00:01<04:57,  4.71it/s, avg=8.11, loss=7.48]Epoch 1 [train]:   0%|                        | 6/1407 [00:01<04:57,  4.71it/s, avg=8.02, loss=7.44]Epoch 1 [train]:   0%|                        | 7/1407 [00:01<04:50,  4.82it/s, avg=8.02, loss=7.44]Epoch 1 [train]:   0%|                        | 7/1407 [00:02<04:50,  4.82it/s, avg=7.92, loss=7.21]Epoch 1 [train]:   1%|▏                       | 8/1407 [00:02<04:33,  5.11it/s, avg=7.92, loss=7.21]Epoch 1 [train]:   1%|▏                       | 8/1407 [00:02<04:33,  5.11it/s, avg=7.81, loss=6.99]Epoch 1 [train]:   1%|▏                       | 9/1407 [00:02<04:07,  5.65it/s, avg=7.81, loss=6.99]Epoch 1 [train]:   1%|▏                       | 9/1407 [00:02<04:07,  5.65it/s, avg=7.73, loss=6.96]Epoch 1 [train]:   1%|▏                      | 10/1407 [00:02<04:04,  5.71it/s, avg=7.73, loss=6.96]Epoch 1 [train]:   1%|▏                      | 10/1407 [00:02<04:04,  5.71it/s, avg=7.65, loss=6.86]Epoch 1 [train]:   1%|▏                      | 11/1407 [00:02<04:03,  5.73it/s, avg=7.65, loss=6.86]Epoch 1 [train]:   1%|▏                      | 11/1407 [00:02<04:03,  5.73it/s, avg=7.58, loss=6.85]Epoch 1 [train]:   1%|▏                      | 12/1407 [00:02<03:50,  6.04it/s, avg=7.58, loss=6.85]Epoch 1 [train]:   1%|▏                      | 12/1407 [00:02<03:50,  6.04it/s, avg=7.52, loss=6.75]Epoch 1 [train]:   1%|▏                      | 13/1407 [00:02<03:44,  6.21it/s, avg=7.52, loss=6.75]Epoch 1 [train]:   1%|▏                      | 13/1407 [00:02<03:44,  6.21it/s, avg=7.46, loss=6.76]Epoch 1 [train]:   1%|▏                      | 14/1407 [00:02<03:46,  6.15it/s, avg=7.46, loss=6.76]Epoch 1 [train]:   1%|▏                      | 14/1407 [00:03<03:46,  6.15it/s, avg=7.41, loss=6.71]Epoch 1 [train]:   1%|▏                      | 15/1407 [00:03<03:52,  5.99it/s, avg=7.41, loss=6.71]Epoch 1 [train]:   1%|▏                      | 15/1407 [00:03<03:52,  5.99it/s, avg=7.36, loss=6.57]Epoch 1 [train]:   1%|▎                      | 16/1407 [00:03<03:35,  6.45it/s, avg=7.36, loss=6.57]Epoch 1 [train]:   1%|▎                      | 16/1407 [00:03<03:35,  6.45it/s, avg=7.32, loss=6.72]Epoch 1 [train]:   1%|▎                      | 17/1407 [00:03<03:58,  5.83it/s, avg=7.32, loss=6.72]Epoch 1 [train]:   1%|▎                      | 17/1407 [00:03<03:58,  5.83it/s, avg=7.28, loss=6.61]Epoch 1 [train]:   1%|▎                      | 18/1407 [00:03<03:54,  5.91it/s, avg=7.28, loss=6.61]Epoch 1 [train]:   1%|▎                      | 18/1407 [00:03<03:54,  5.91it/s, avg=7.26, loss=6.78]Epoch 1 [train]:   1%|▎                      | 19/1407 [00:03<03:48,  6.08it/s, avg=7.26, loss=6.78]Epoch 1 [train]:   1%|▎                       | 19/1407 [00:03<03:48,  6.08it/s, avg=7.23, loss=6.7]Epoch 1 [train]:   1%|▎                       | 20/1407 [00:03<03:41,  6.25it/s, avg=7.23, loss=6.7]Epoch 1 [train]:   1%|▎                       | 20/1407 [00:04<03:41,  6.25it/s, avg=7.2, loss=6.52]Epoch 1 [train]:   1%|▎                       | 21/1407 [00:04<03:48,  6.06it/s, avg=7.2, loss=6.52]Epoch 1 [train]:   1%|▎                      | 21/1407 [00:04<03:48,  6.06it/s, avg=7.17, loss=6.64]Epoch 1 [train]:   2%|▎                      | 22/1407 [00:04<03:40,  6.28it/s, avg=7.17, loss=6.64]Epoch 1 [train]:   2%|▎                      | 22/1407 [00:04<03:40,  6.28it/s, avg=7.15, loss=6.59]Epoch 1 [train]:   2%|▍                      | 23/1407 [00:04<03:41,  6.25it/s, avg=7.15, loss=6.59]Epoch 1 [train]:   2%|▍                      | 23/1407 [00:04<03:41,  6.25it/s, avg=7.11, loss=6.41]Epoch 1 [train]:   2%|▍                      | 24/1407 [00:04<03:36,  6.39it/s, avg=7.11, loss=6.41]Epoch 1 [train]:   2%|▍                      | 24/1407 [00:04<03:36,  6.39it/s, avg=7.09, loss=6.51]Epoch 1 [train]:   2%|▍                      | 25/1407 [00:04<03:43,  6.19it/s, avg=7.09, loss=6.51]Epoch 1 [train]:   2%|▍                      | 25/1407 [00:04<03:43,  6.19it/s, avg=7.07, loss=6.58]Epoch 1 [train]:   2%|▍                      | 26/1407 [00:04<03:32,  6.49it/s, avg=7.07, loss=6.58]Epoch 1 [train]:   2%|▍                      | 26/1407 [00:05<03:32,  6.49it/s, avg=7.04, loss=6.34]Epoch 1 [train]:   2%|▍                      | 27/1407 [00:05<03:26,  6.69it/s, avg=7.04, loss=6.34]Epoch 1 [train]:   2%|▍                      | 27/1407 [00:05<03:26,  6.69it/s, avg=7.03, loss=6.56]Epoch 1 [train]:   2%|▍                      | 28/1407 [00:05<03:37,  6.33it/s, avg=7.03, loss=6.56]Epoch 1 [train]:   2%|▍                      | 28/1407 [00:05<03:37,  6.33it/s, avg=7.01, loss=6.41]Epoch 1 [train]:   2%|▍                      | 29/1407 [00:05<03:45,  6.11it/s, avg=7.01, loss=6.41]Epoch 1 [train]:   2%|▍                      | 29/1407 [00:05<03:45,  6.11it/s, avg=6.98, loss=6.37]Epoch 1 [train]:   2%|▍                      | 30/1407 [00:05<03:37,  6.33it/s, avg=6.98, loss=6.37]Epoch 1 [train]:   2%|▍                      | 30/1407 [00:05<03:37,  6.33it/s, avg=6.96, loss=6.39]Epoch 1 [train]:   2%|▌                      | 31/1407 [00:05<03:36,  6.36it/s, avg=6.96, loss=6.39]Epoch 1 [train]:   2%|▌                      | 31/1407 [00:05<03:36,  6.36it/s, avg=6.95, loss=6.39]Epoch 1 [train]:   2%|▌                      | 32/1407 [00:05<03:47,  6.05it/s, avg=6.95, loss=6.39]Epoch 1 [train]:   2%|▌                      | 32/1407 [00:06<03:47,  6.05it/s, avg=6.93, loss=6.37]Epoch 1 [train]:   2%|▌                      | 33/1407 [00:06<03:56,  5.82it/s, avg=6.93, loss=6.37]Epoch 1 [train]:   2%|▌                       | 33/1407 [00:06<03:56,  5.82it/s, avg=6.91, loss=6.4]Epoch 1 [train]:   2%|▌                       | 34/1407 [00:06<04:07,  5.54it/s, avg=6.91, loss=6.4]Epoch 1 [train]:   2%|▌                      | 34/1407 [00:06<04:07,  5.54it/s, avg=6.89, loss=6.15]Epoch 1 [train]:   2%|▌                      | 35/1407 [00:06<04:11,  5.46it/s, avg=6.89, loss=6.15]Epoch 1 [train]:   2%|▌                      | 35/1407 [00:06<04:11,  5.46it/s, avg=6.88, loss=6.39]Epoch 1 [train]:   3%|▌                      | 36/1407 [00:06<03:53,  5.88it/s, avg=6.88, loss=6.39]Epoch 1 [train]:   3%|▌                      | 36/1407 [00:06<03:53,  5.88it/s, avg=6.86, loss=6.39]Epoch 1 [train]:   3%|▌                      | 37/1407 [00:06<03:39,  6.25it/s, avg=6.86, loss=6.39]Epoch 1 [train]:   3%|▌                      | 37/1407 [00:06<03:39,  6.25it/s, avg=6.85, loss=6.33]Epoch 1 [train]:   3%|▌                      | 38/1407 [00:06<03:40,  6.20it/s, avg=6.85, loss=6.33]Epoch 1 [train]:   3%|▋                       | 38/1407 [00:07<03:40,  6.20it/s, avg=6.83, loss=6.2]Epoch 1 [train]:   3%|▋                       | 39/1407 [00:07<03:40,  6.21it/s, avg=6.83, loss=6.2]Epoch 1 [train]:   3%|▋                      | 39/1407 [00:07<03:40,  6.21it/s, avg=6.82, loss=6.22]Epoch 1 [train]:   3%|▋                      | 40/1407 [00:07<03:49,  5.96it/s, avg=6.82, loss=6.22]Epoch 1 [train]:   3%|▋                       | 40/1407 [00:07<03:49,  5.96it/s, avg=6.8, loss=6.23]Epoch 1 [train]:   3%|▋                       | 41/1407 [00:07<03:39,  6.22it/s, avg=6.8, loss=6.23]Epoch 1 [train]:   3%|▋                      | 41/1407 [00:07<03:39,  6.22it/s, avg=6.79, loss=6.32]Epoch 1 [train]:   3%|▋                      | 42/1407 [00:07<03:35,  6.35it/s, avg=6.79, loss=6.32]Epoch 1 [train]:   3%|▋                      | 42/1407 [00:07<03:35,  6.35it/s, avg=6.78, loss=6.21]Epoch 1 [train]:   3%|▋                      | 43/1407 [00:07<03:40,  6.17it/s, avg=6.78, loss=6.21]Epoch 1 [train]:   3%|▋                      | 43/1407 [00:07<03:40,  6.17it/s, avg=6.77, loss=6.24]Epoch 1 [train]:   3%|▋                      | 44/1407 [00:07<03:32,  6.40it/s, avg=6.77, loss=6.24]Epoch 1 [train]:   3%|▋                      | 44/1407 [00:08<03:32,  6.40it/s, avg=6.75, loss=6.21]Epoch 1 [train]:   3%|▋                      | 45/1407 [00:08<04:00,  5.67it/s, avg=6.75, loss=6.21]Epoch 1 [train]:   3%|▋                      | 45/1407 [00:08<04:00,  5.67it/s, avg=6.74, loss=6.21]Epoch 1 [train]:   3%|▊                      | 46/1407 [00:08<03:34,  6.34it/s, avg=6.74, loss=6.21]Epoch 1 [train]:   3%|▊                      | 46/1407 [00:08<03:34,  6.34it/s, avg=6.73, loss=6.21]Epoch 1 [train]:   3%|▊                      | 47/1407 [00:08<03:35,  6.30it/s, avg=6.73, loss=6.21]Epoch 1 [train]:   3%|▊                      | 47/1407 [00:08<03:35,  6.30it/s, avg=6.72, loss=5.98]Epoch 1 [train]:   3%|▊                      | 48/1407 [00:08<03:39,  6.19it/s, avg=6.72, loss=5.98]Epoch 1 [train]:   3%|▊                       | 48/1407 [00:08<03:39,  6.19it/s, avg=6.7, loss=6.12]Epoch 1 [train]:   3%|▊                       | 49/1407 [00:08<03:32,  6.38it/s, avg=6.7, loss=6.12]Epoch 1 [train]:   3%|▊                      | 49/1407 [00:08<03:32,  6.38it/s, avg=6.69, loss=6.22]Epoch 1 [train]:   4%|▊                      | 50/1407 [00:08<03:37,  6.25it/s, avg=6.69, loss=6.22]Epoch 1 [train]:   4%|▊                      | 50/1407 [00:08<03:37,  6.25it/s, avg=6.68, loss=5.88]Epoch 1 [train]:   4%|▊                      | 51/1407 [00:08<03:32,  6.38it/s, avg=6.68, loss=5.88]Epoch 1 [train]:   4%|▊                      | 51/1407 [00:09<03:32,  6.38it/s, avg=6.67, loss=6.15]Epoch 1 [train]:   4%|▊                      | 52/1407 [00:09<03:38,  6.20it/s, avg=6.67, loss=6.15]Epoch 1 [train]:   4%|▊                      | 52/1407 [00:09<03:38,  6.20it/s, avg=6.66, loss=6.15]Epoch 1 [train]:   4%|▊                      | 53/1407 [00:09<03:30,  6.44it/s, avg=6.66, loss=6.15]Epoch 1 [train]:   4%|▊                      | 53/1407 [00:09<03:30,  6.44it/s, avg=6.65, loss=6.03]Epoch 1 [train]:   4%|▉                      | 54/1407 [00:09<03:45,  6.01it/s, avg=6.65, loss=6.03]Epoch 1 [train]:   4%|▉                      | 54/1407 [00:09<03:45,  6.01it/s, avg=6.63, loss=5.83]Epoch 1 [train]:   4%|▉                      | 55/1407 [00:09<03:34,  6.31it/s, avg=6.63, loss=5.83]Epoch 1 [train]:   4%|▉                      | 55/1407 [00:09<03:34,  6.31it/s, avg=6.62, loss=6.06]Epoch 1 [train]:   4%|▉                      | 56/1407 [00:09<03:27,  6.50it/s, avg=6.62, loss=6.06]Epoch 1 [train]:   4%|▉                      | 56/1407 [00:09<03:27,  6.50it/s, avg=6.61, loss=5.79]Epoch 1 [train]:   4%|▉                      | 57/1407 [00:09<03:22,  6.68it/s, avg=6.61, loss=5.79]Epoch 1 [train]:   4%|▉                       | 57/1407 [00:10<03:22,  6.68it/s, avg=6.6, loss=6.02]Epoch 1 [train]:   4%|▉                       | 58/1407 [00:10<03:25,  6.55it/s, avg=6.6, loss=6.02]Epoch 1 [train]:   4%|▉                      | 58/1407 [00:10<03:25,  6.55it/s, avg=6.59, loss=5.98]Epoch 1 [train]:   4%|▉                      | 59/1407 [00:10<03:27,  6.48it/s, avg=6.59, loss=5.98]Epoch 1 [train]:   4%|▉                      | 59/1407 [00:10<03:27,  6.48it/s, avg=6.58, loss=5.98]Epoch 1 [train]:   4%|▉                      | 60/1407 [00:10<03:26,  6.54it/s, avg=6.58, loss=5.98]Epoch 1 [train]:   4%|▉                      | 60/1407 [00:10<03:26,  6.54it/s, avg=6.57, loss=5.92]Epoch 1 [train]:   4%|▉                      | 61/1407 [00:10<03:13,  6.96it/s, avg=6.57, loss=5.92]Epoch 1 [train]:   4%|▉                      | 61/1407 [00:10<03:13,  6.96it/s, avg=6.55, loss=5.89]Epoch 1 [train]:   4%|█                      | 62/1407 [00:10<03:24,  6.58it/s, avg=6.55, loss=5.89]Epoch 1 [train]:   4%|█                      | 62/1407 [00:10<03:24,  6.58it/s, avg=6.55, loss=5.97]Epoch 1 [train]:   4%|█                      | 63/1407 [00:10<03:24,  6.57it/s, avg=6.55, loss=5.97]Epoch 1 [train]:   4%|█                      | 63/1407 [00:10<03:24,  6.57it/s, avg=6.54, loss=5.92]Epoch 1 [train]:   5%|█                      | 64/1407 [00:10<03:18,  6.77it/s, avg=6.54, loss=5.92]Epoch 1 [train]:   5%|█                      | 64/1407 [00:11<03:18,  6.77it/s, avg=6.53, loss=6.05]Epoch 1 [train]:   5%|█                      | 65/1407 [00:11<03:21,  6.64it/s, avg=6.53, loss=6.05]Epoch 1 [train]:   5%|█                      | 65/1407 [00:11<03:21,  6.64it/s, avg=6.52, loss=5.92]Epoch 1 [train]:   5%|█                      | 66/1407 [00:11<03:36,  6.20it/s, avg=6.52, loss=5.92]Epoch 1 [train]:   5%|█▏                      | 66/1407 [00:11<03:36,  6.20it/s, avg=6.51, loss=5.9]Epoch 1 [train]:   5%|█▏                      | 67/1407 [00:11<03:43,  5.99it/s, avg=6.51, loss=5.9]Epoch 1 [train]:   5%|█▏                      | 67/1407 [00:11<03:43,  5.99it/s, avg=6.5, loss=5.82]Epoch 1 [train]:   5%|█▏                      | 68/1407 [00:11<03:26,  6.48it/s, avg=6.5, loss=5.82]Epoch 1 [train]:   5%|█                      | 68/1407 [00:11<03:26,  6.48it/s, avg=6.49, loss=6.17]Epoch 1 [train]:   5%|█▏                     | 69/1407 [00:11<03:26,  6.49it/s, avg=6.49, loss=6.17]Epoch 1 [train]:   5%|█▏                     | 69/1407 [00:11<03:26,  6.49it/s, avg=6.49, loss=5.93]Epoch 1 [train]:   5%|█▏                     | 70/1407 [00:11<03:20,  6.67it/s, avg=6.49, loss=5.93]Epoch 1 [train]:   5%|█▏                     | 70/1407 [00:12<03:20,  6.67it/s, avg=6.48, loss=6.09]Epoch 1 [train]:   5%|█▏                     | 71/1407 [00:12<03:23,  6.56it/s, avg=6.48, loss=6.09]Epoch 1 [train]:   5%|█▏                     | 71/1407 [00:12<03:23,  6.56it/s, avg=6.47, loss=6.02]Epoch 1 [train]:   5%|█▏                     | 72/1407 [00:12<03:32,  6.29it/s, avg=6.47, loss=6.02]Epoch 1 [train]:   5%|█▏                     | 72/1407 [00:12<03:32,  6.29it/s, avg=6.47, loss=6.01]Epoch 1 [train]:   5%|█▏                     | 73/1407 [00:12<03:35,  6.19it/s, avg=6.47, loss=6.01]Epoch 1 [train]:   5%|█▏                     | 73/1407 [00:12<03:35,  6.19it/s, avg=6.46, loss=6.01]Epoch 1 [train]:   5%|█▏                     | 74/1407 [00:12<03:58,  5.58it/s, avg=6.46, loss=6.01]Epoch 1 [train]:   5%|█▏                     | 74/1407 [00:12<03:58,  5.58it/s, avg=6.45, loss=5.74]Epoch 1 [train]:   5%|█▏                     | 75/1407 [00:12<03:53,  5.70it/s, avg=6.45, loss=5.74]Epoch 1 [train]:   5%|█▏                     | 75/1407 [00:12<03:53,  5.70it/s, avg=6.44, loss=5.78]Epoch 1 [train]:   5%|█▏                     | 76/1407 [00:12<03:51,  5.74it/s, avg=6.44, loss=5.78]Epoch 1 [train]:   5%|█▏                     | 76/1407 [00:13<03:51,  5.74it/s, avg=6.44, loss=5.92]Epoch 1 [train]:   5%|█▎                     | 77/1407 [00:13<04:03,  5.47it/s, avg=6.44, loss=5.92]Epoch 1 [train]:   5%|█▎                     | 77/1407 [00:13<04:03,  5.47it/s, avg=6.43, loss=5.77]Epoch 1 [train]:   6%|█▎                     | 78/1407 [00:13<04:04,  5.44it/s, avg=6.43, loss=5.77]Epoch 1 [train]:   6%|█▎                     | 78/1407 [00:13<04:04,  5.44it/s, avg=6.42, loss=5.98]Epoch 1 [train]:   6%|█▎                     | 79/1407 [00:13<03:40,  6.01it/s, avg=6.42, loss=5.98]Epoch 1 [train]:   6%|█▎                     | 79/1407 [00:13<03:40,  6.01it/s, avg=6.42, loss=5.85]Epoch 1 [train]:   6%|█▎                     | 80/1407 [00:13<03:40,  6.01it/s, avg=6.42, loss=5.85]Epoch 1 [train]:   6%|█▎                     | 80/1407 [00:13<03:40,  6.01it/s, avg=6.41, loss=5.83]Epoch 1 [train]:   6%|█▎                     | 81/1407 [00:13<03:27,  6.40it/s, avg=6.41, loss=5.83]Epoch 1 [train]:   6%|█▍                       | 81/1407 [00:13<03:27,  6.40it/s, avg=6.4, loss=5.7]Epoch 1 [train]:   6%|█▍                       | 82/1407 [00:13<03:23,  6.51it/s, avg=6.4, loss=5.7]Epoch 1 [train]:   6%|█▎                     | 82/1407 [00:14<03:23,  6.51it/s, avg=6.39, loss=5.84]Epoch 1 [train]:   6%|█▎                     | 83/1407 [00:14<03:32,  6.23it/s, avg=6.39, loss=5.84]Epoch 1 [train]:   6%|█▎                     | 83/1407 [00:14<03:32,  6.23it/s, avg=6.38, loss=5.75]Epoch 1 [train]:   6%|█▎                     | 84/1407 [00:14<03:20,  6.60it/s, avg=6.38, loss=5.75]Epoch 1 [train]:   6%|█▎                     | 84/1407 [00:14<03:20,  6.60it/s, avg=6.38, loss=5.57]Epoch 1 [train]:   6%|█▍                     | 85/1407 [00:14<03:27,  6.37it/s, avg=6.38, loss=5.57]Epoch 1 [train]:   6%|█▍                     | 85/1407 [00:14<03:27,  6.37it/s, avg=6.37, loss=5.75]Epoch 1 [train]:   6%|█▍                     | 86/1407 [00:14<03:32,  6.22it/s, avg=6.37, loss=5.75]Epoch 1 [train]:   6%|█▍                     | 86/1407 [00:14<03:32,  6.22it/s, avg=6.36, loss=5.92]Epoch 1 [train]:   6%|█▍                     | 87/1407 [00:14<03:40,  5.99it/s, avg=6.36, loss=5.92]Epoch 1 [train]:   6%|█▍                     | 87/1407 [00:14<03:40,  5.99it/s, avg=6.35, loss=5.51]Epoch 1 [train]:   6%|█▍                     | 88/1407 [00:14<03:44,  5.89it/s, avg=6.35, loss=5.51]Epoch 1 [train]:   6%|█▌                      | 88/1407 [00:15<03:44,  5.89it/s, avg=6.35, loss=5.8]Epoch 1 [train]:   6%|█▌                      | 89/1407 [00:15<03:36,  6.09it/s, avg=6.35, loss=5.8]Epoch 1 [train]:   6%|█▍                     | 89/1407 [00:15<03:36,  6.09it/s, avg=6.34, loss=5.77]Epoch 1 [train]:   6%|█▍                     | 90/1407 [00:15<03:21,  6.52it/s, avg=6.34, loss=5.77]Epoch 1 [train]:   6%|█▌                      | 90/1407 [00:15<03:21,  6.52it/s, avg=6.33, loss=5.7]Epoch 1 [train]:   6%|█▌                      | 91/1407 [00:15<03:37,  6.06it/s, avg=6.33, loss=5.7]Epoch 1 [train]:   6%|█▍                     | 91/1407 [00:15<03:37,  6.06it/s, avg=6.33, loss=5.59]Epoch 1 [train]:   7%|█▌                     | 92/1407 [00:15<03:45,  5.84it/s, avg=6.33, loss=5.59]Epoch 1 [train]:   7%|█▌                     | 92/1407 [00:15<03:45,  5.84it/s, avg=6.32, loss=5.54]Epoch 1 [train]:   7%|█▌                     | 93/1407 [00:15<03:33,  6.14it/s, avg=6.32, loss=5.54]Epoch 1 [train]:   7%|█▌                     | 93/1407 [00:15<03:33,  6.14it/s, avg=6.31, loss=5.88]Epoch 1 [train]:   7%|█▌                     | 94/1407 [00:15<03:42,  5.91it/s, avg=6.31, loss=5.88]Epoch 1 [train]:   7%|█▌                     | 94/1407 [00:16<03:42,  5.91it/s, avg=6.31, loss=5.66]Epoch 1 [train]:   7%|█▌                     | 95/1407 [00:16<03:57,  5.53it/s, avg=6.31, loss=5.66]Epoch 1 [train]:   7%|█▌                      | 95/1407 [00:16<03:57,  5.53it/s, avg=6.3, loss=5.71]Epoch 1 [train]:   7%|█▋                      | 96/1407 [00:16<03:47,  5.75it/s, avg=6.3, loss=5.71]Epoch 1 [train]:   7%|█▌                     | 96/1407 [00:16<03:47,  5.75it/s, avg=6.29, loss=5.83]Epoch 1 [train]:   7%|█▌                     | 97/1407 [00:16<03:34,  6.11it/s, avg=6.29, loss=5.83]Epoch 1 [train]:   7%|█▌                     | 97/1407 [00:16<03:34,  6.11it/s, avg=6.29, loss=5.73]Epoch 1 [train]:   7%|█▌                     | 98/1407 [00:16<03:50,  5.69it/s, avg=6.29, loss=5.73]Epoch 1 [train]:   7%|█▌                     | 98/1407 [00:16<03:50,  5.69it/s, avg=6.28, loss=5.75]Epoch 1 [train]:   7%|█▌                     | 99/1407 [00:16<03:48,  5.72it/s, avg=6.28, loss=5.75][train] epoch=1 batch=100/1407 loss=5.8552 avg=6.2791 gpu_mem=914MB
Epoch 1 [train]:   7%|█▌                     | 99/1407 [00:16<03:48,  5.72it/s, avg=6.28, loss=5.86]Epoch 1 [train]:   7%|█▌                    | 100/1407 [00:16<03:40,  5.92it/s, avg=6.28, loss=5.86]Epoch 1 [train]:   7%|█▌                    | 100/1407 [00:17<03:40,  5.92it/s, avg=6.27, loss=5.72]Epoch 1 [train]:   7%|█▌                    | 101/1407 [00:17<03:29,  6.25it/s, avg=6.27, loss=5.72]Epoch 1 [train]:   7%|█▌                    | 101/1407 [00:17<03:29,  6.25it/s, avg=6.27, loss=5.72]Epoch 1 [train]:   7%|█▌                    | 102/1407 [00:17<03:35,  6.07it/s, avg=6.27, loss=5.72]Epoch 1 [train]:   7%|█▌                    | 102/1407 [00:17<03:35,  6.07it/s, avg=6.26, loss=5.68]Epoch 1 [train]:   7%|█▌                    | 103/1407 [00:17<03:18,  6.58it/s, avg=6.26, loss=5.68]Epoch 1 [train]:   7%|█▌                    | 103/1407 [00:17<03:18,  6.58it/s, avg=6.26, loss=5.68]Epoch 1 [train]:   7%|█▋                    | 104/1407 [00:17<03:09,  6.89it/s, avg=6.26, loss=5.68]Epoch 1 [train]:   7%|█▋                    | 104/1407 [00:17<03:09,  6.89it/s, avg=6.25, loss=5.79]Epoch 1 [train]:   7%|█▋                    | 105/1407 [00:17<03:29,  6.21it/s, avg=6.25, loss=5.79]Epoch 1 [train]:   7%|█▋                    | 105/1407 [00:17<03:29,  6.21it/s, avg=6.25, loss=5.78]Epoch 1 [train]:   8%|█▋                    | 106/1407 [00:17<03:18,  6.54it/s, avg=6.25, loss=5.78]Epoch 1 [train]:   8%|█▋                    | 106/1407 [00:18<03:18,  6.54it/s, avg=6.24, loss=5.62]Epoch 1 [train]:   8%|█▋                    | 107/1407 [00:18<03:20,  6.47it/s, avg=6.24, loss=5.62]Epoch 1 [train]:   8%|█▋                    | 107/1407 [00:18<03:20,  6.47it/s, avg=6.24, loss=5.69]Epoch 1 [train]:   8%|█▋                    | 108/1407 [00:18<03:37,  5.96it/s, avg=6.24, loss=5.69]Epoch 1 [train]:   8%|█▊                     | 108/1407 [00:18<03:37,  5.96it/s, avg=6.23, loss=5.7]Epoch 1 [train]:   8%|█▊                     | 109/1407 [00:18<03:26,  6.27it/s, avg=6.23, loss=5.7]Epoch 1 [train]:   8%|█▋                    | 109/1407 [00:18<03:26,  6.27it/s, avg=6.23, loss=5.73]Epoch 1 [train]:   8%|█▋                    | 110/1407 [00:18<03:48,  5.69it/s, avg=6.23, loss=5.73]Epoch 1 [train]:   8%|█▋                    | 110/1407 [00:18<03:48,  5.69it/s, avg=6.22, loss=5.71]Epoch 1 [train]:   8%|█▋                    | 111/1407 [00:18<03:40,  5.88it/s, avg=6.22, loss=5.71]Epoch 1 [train]:   8%|█▋                    | 111/1407 [00:18<03:40,  5.88it/s, avg=6.22, loss=5.67]Epoch 1 [train]:   8%|█▊                    | 112/1407 [00:18<03:41,  5.84it/s, avg=6.22, loss=5.67]Epoch 1 [train]:   8%|█▊                    | 112/1407 [00:19<03:41,  5.84it/s, avg=6.21, loss=5.68]Epoch 1 [train]:   8%|█▊                    | 113/1407 [00:19<03:42,  5.82it/s, avg=6.21, loss=5.68]Epoch 1 [train]:   8%|█▊                    | 113/1407 [00:19<03:42,  5.82it/s, avg=6.21, loss=5.81]Epoch 1 [train]:   8%|█▊                    | 114/1407 [00:19<03:31,  6.11it/s, avg=6.21, loss=5.81]Epoch 1 [train]:   8%|█▊                    | 114/1407 [00:19<03:31,  6.11it/s, avg=6.21, loss=5.73]Epoch 1 [train]:   8%|█▊                    | 115/1407 [00:19<03:22,  6.39it/s, avg=6.21, loss=5.73]Epoch 1 [train]:   8%|█▉                      | 115/1407 [00:19<03:22,  6.39it/s, avg=6.2, loss=5.5]Epoch 1 [train]:   8%|█▉                      | 116/1407 [00:19<03:25,  6.27it/s, avg=6.2, loss=5.5]Epoch 1 [train]:   8%|█▊                    | 116/1407 [00:19<03:25,  6.27it/s, avg=6.19, loss=5.63]Epoch 1 [train]:   8%|█▊                    | 117/1407 [00:19<03:29,  6.16it/s, avg=6.19, loss=5.63]Epoch 1 [train]:   8%|█▊                    | 117/1407 [00:19<03:29,  6.16it/s, avg=6.19, loss=5.69]Epoch 1 [train]:   8%|█▊                    | 118/1407 [00:19<03:24,  6.31it/s, avg=6.19, loss=5.69]Epoch 1 [train]:   8%|█▊                    | 118/1407 [00:20<03:24,  6.31it/s, avg=6.18, loss=5.41]Epoch 1 [train]:   8%|█▊                    | 119/1407 [00:20<03:28,  6.17it/s, avg=6.18, loss=5.41]Epoch 1 [train]:   8%|█▊                    | 119/1407 [00:20<03:28,  6.17it/s, avg=6.18, loss=5.76]Epoch 1 [train]:   9%|█▉                    | 120/1407 [00:20<03:31,  6.09it/s, avg=6.18, loss=5.76]Epoch 1 [train]:   9%|█▉                     | 120/1407 [00:20<03:31,  6.09it/s, avg=6.17, loss=5.5]Epoch 1 [train]:   9%|█▉                     | 121/1407 [00:20<03:28,  6.17it/s, avg=6.17, loss=5.5]Epoch 1 [train]:   9%|█▉                    | 121/1407 [00:20<03:28,  6.17it/s, avg=6.17, loss=5.71]Epoch 1 [train]:   9%|█▉                    | 122/1407 [00:20<03:21,  6.39it/s, avg=6.17, loss=5.71]Epoch 1 [train]:   9%|█▉                    | 122/1407 [00:20<03:21,  6.39it/s, avg=6.17, loss=5.51]Epoch 1 [train]:   9%|█▉                    | 123/1407 [00:20<03:23,  6.31it/s, avg=6.17, loss=5.51]Epoch 1 [train]:   9%|█▉                    | 123/1407 [00:20<03:23,  6.31it/s, avg=6.16, loss=5.64]Epoch 1 [train]:   9%|█▉                    | 124/1407 [00:20<03:26,  6.22it/s, avg=6.16, loss=5.64]Epoch 1 [train]:   9%|█▉                    | 124/1407 [00:20<03:26,  6.22it/s, avg=6.16, loss=5.76]Epoch 1 [train]:   9%|█▉                    | 125/1407 [00:20<03:32,  6.03it/s, avg=6.16, loss=5.76]Epoch 1 [train]:   9%|██                     | 125/1407 [00:21<03:32,  6.03it/s, avg=6.15, loss=5.3]Epoch 1 [train]:   9%|██                     | 126/1407 [00:21<03:29,  6.12it/s, avg=6.15, loss=5.3]Epoch 1 [train]:   9%|██                     | 126/1407 [00:21<03:29,  6.12it/s, avg=6.15, loss=5.6]Epoch 1 [train]:   9%|██                     | 127/1407 [00:21<03:29,  6.12it/s, avg=6.15, loss=5.6]Epoch 1 [train]:   9%|█▉                    | 127/1407 [00:21<03:29,  6.12it/s, avg=6.14, loss=5.59]Epoch 1 [train]:   9%|██                    | 128/1407 [00:21<03:25,  6.23it/s, avg=6.14, loss=5.59]Epoch 1 [train]:   9%|██                     | 128/1407 [00:21<03:25,  6.23it/s, avg=6.14, loss=5.7]Epoch 1 [train]:   9%|██                     | 129/1407 [00:21<03:15,  6.53it/s, avg=6.14, loss=5.7]Epoch 1 [train]:   9%|██                    | 129/1407 [00:21<03:15,  6.53it/s, avg=6.14, loss=5.66]Epoch 1 [train]:   9%|██                    | 130/1407 [00:21<03:35,  5.93it/s, avg=6.14, loss=5.66]Epoch 1 [train]:   9%|██                    | 130/1407 [00:21<03:35,  5.93it/s, avg=6.13, loss=5.52]Epoch 1 [train]:   9%|██                    | 131/1407 [00:21<03:45,  5.66it/s, avg=6.13, loss=5.52]Epoch 1 [train]:   9%|██                    | 131/1407 [00:22<03:45,  5.66it/s, avg=6.13, loss=5.66]Epoch 1 [train]:   9%|██                    | 132/1407 [00:22<03:47,  5.60it/s, avg=6.13, loss=5.66]Epoch 1 [train]:   9%|██                    | 132/1407 [00:22<03:47,  5.60it/s, avg=6.12, loss=5.68]Epoch 1 [train]:   9%|██                    | 133/1407 [00:22<03:44,  5.68it/s, avg=6.12, loss=5.68]Epoch 1 [train]:   9%|██                    | 133/1407 [00:22<03:44,  5.68it/s, avg=6.12, loss=5.54]Epoch 1 [train]:  10%|██                    | 134/1407 [00:22<04:04,  5.22it/s, avg=6.12, loss=5.54]Epoch 1 [train]:  10%|██                    | 134/1407 [00:22<04:04,  5.22it/s, avg=6.12, loss=5.57]Epoch 1 [train]:  10%|██                    | 135/1407 [00:22<03:46,  5.61it/s, avg=6.12, loss=5.57]Epoch 1 [train]:  10%|██                    | 135/1407 [00:22<03:46,  5.61it/s, avg=6.11, loss=5.45]Epoch 1 [train]:  10%|██▏                   | 136/1407 [00:22<03:31,  6.01it/s, avg=6.11, loss=5.45]Epoch 1 [train]:  10%|██▏                    | 136/1407 [00:23<03:31,  6.01it/s, avg=6.11, loss=5.6]Epoch 1 [train]:  10%|██▏                    | 137/1407 [00:23<03:22,  6.26it/s, avg=6.11, loss=5.6]Epoch 1 [train]:  10%|██▏                    | 137/1407 [00:23<03:22,  6.26it/s, avg=6.1, loss=5.59]Epoch 1 [train]:  10%|██▎                    | 138/1407 [00:23<03:27,  6.13it/s, avg=6.1, loss=5.59]Epoch 1 [train]:  10%|██▎                    | 138/1407 [00:23<03:27,  6.13it/s, avg=6.1, loss=5.36]Epoch 1 [train]:  10%|██▎                    | 139/1407 [00:23<03:18,  6.40it/s, avg=6.1, loss=5.36]Epoch 1 [train]:  10%|██▏                   | 139/1407 [00:23<03:18,  6.40it/s, avg=6.09, loss=5.59]Epoch 1 [train]:  10%|██▏                   | 140/1407 [00:23<03:18,  6.38it/s, avg=6.09, loss=5.59]Epoch 1 [train]:  10%|██▏                   | 140/1407 [00:23<03:18,  6.38it/s, avg=6.09, loss=5.58]Epoch 1 [train]:  10%|██▏                   | 141/1407 [00:23<03:14,  6.50it/s, avg=6.09, loss=5.58]Epoch 1 [train]:  10%|██▏                   | 141/1407 [00:23<03:14,  6.50it/s, avg=6.09, loss=5.45]Epoch 1 [train]:  10%|██▏                   | 142/1407 [00:23<03:16,  6.44it/s, avg=6.09, loss=5.45]Epoch 1 [train]:  10%|██▏                   | 142/1407 [00:23<03:16,  6.44it/s, avg=6.08, loss=5.64]Epoch 1 [train]:  10%|██▏                   | 143/1407 [00:23<03:16,  6.42it/s, avg=6.08, loss=5.64]Epoch 1 [train]:  10%|██▏                   | 143/1407 [00:24<03:16,  6.42it/s, avg=6.08, loss=5.37]Epoch 1 [train]:  10%|██▎                   | 144/1407 [00:24<03:30,  5.99it/s, avg=6.08, loss=5.37]Epoch 1 [train]:  10%|██▎                    | 144/1407 [00:24<03:30,  5.99it/s, avg=6.07, loss=5.4]Epoch 1 [train]:  10%|██▎                    | 145/1407 [00:24<03:29,  6.01it/s, avg=6.07, loss=5.4]Epoch 1 [train]:  10%|██▎                   | 145/1407 [00:24<03:29,  6.01it/s, avg=6.07, loss=5.67]Epoch 1 [train]:  10%|██▎                   | 146/1407 [00:24<03:43,  5.63it/s, avg=6.07, loss=5.67]Epoch 1 [train]:  10%|██▎                   | 146/1407 [00:24<03:43,  5.63it/s, avg=6.07, loss=5.64]Epoch 1 [train]:  10%|██▎                   | 147/1407 [00:24<03:50,  5.46it/s, avg=6.07, loss=5.64]Epoch 1 [train]:  10%|██▎                   | 147/1407 [00:24<03:50,  5.46it/s, avg=6.06, loss=5.49]Epoch 1 [train]:  11%|██▎                   | 148/1407 [00:24<03:27,  6.08it/s, avg=6.06, loss=5.49]Epoch 1 [train]:  11%|██▎                   | 148/1407 [00:24<03:27,  6.08it/s, avg=6.06, loss=5.38]Epoch 1 [train]:  11%|██▎                   | 149/1407 [00:24<03:21,  6.23it/s, avg=6.06, loss=5.38]Epoch 1 [train]:  11%|██▎                   | 149/1407 [00:25<03:21,  6.23it/s, avg=6.06, loss=5.61]Epoch 1 [train]:  11%|██▎                   | 150/1407 [00:25<03:10,  6.58it/s, avg=6.06, loss=5.61]Epoch 1 [train]:  11%|██▎                   | 150/1407 [00:25<03:10,  6.58it/s, avg=6.05, loss=5.41]Epoch 1 [train]:  11%|██▎                   | 151/1407 [00:25<03:19,  6.30it/s, avg=6.05, loss=5.41]Epoch 1 [train]:  11%|██▍                    | 151/1407 [00:25<03:19,  6.30it/s, avg=6.05, loss=5.3]Epoch 1 [train]:  11%|██▍                    | 152/1407 [00:25<03:09,  6.61it/s, avg=6.05, loss=5.3]Epoch 1 [train]:  11%|██▍                   | 152/1407 [00:25<03:09,  6.61it/s, avg=6.04, loss=5.27]Epoch 1 [train]:  11%|██▍                   | 153/1407 [00:25<03:13,  6.49it/s, avg=6.04, loss=5.27]Epoch 1 [train]:  11%|██▍                   | 153/1407 [00:25<03:13,  6.49it/s, avg=6.04, loss=5.35]Epoch 1 [train]:  11%|██▍                   | 154/1407 [00:25<03:23,  6.15it/s, avg=6.04, loss=5.35]Epoch 1 [train]:  11%|██▍                   | 154/1407 [00:25<03:23,  6.15it/s, avg=6.03, loss=5.58]Epoch 1 [train]:  11%|██▍                   | 155/1407 [00:25<03:22,  6.17it/s, avg=6.03, loss=5.58]Epoch 1 [train]:  11%|██▍                   | 155/1407 [00:26<03:22,  6.17it/s, avg=6.03, loss=5.62]Epoch 1 [train]:  11%|██▍                   | 156/1407 [00:26<03:17,  6.34it/s, avg=6.03, loss=5.62]Epoch 1 [train]:  11%|██▍                   | 156/1407 [00:26<03:17,  6.34it/s, avg=6.03, loss=5.34]Epoch 1 [train]:  11%|██▍                   | 157/1407 [00:26<03:23,  6.13it/s, avg=6.03, loss=5.34]Epoch 1 [train]:  11%|██▍                   | 157/1407 [00:26<03:23,  6.13it/s, avg=6.02, loss=5.44]Epoch 1 [train]:  11%|██▍                   | 158/1407 [00:26<03:11,  6.52it/s, avg=6.02, loss=5.44]Epoch 1 [train]:  11%|██▍                   | 158/1407 [00:26<03:11,  6.52it/s, avg=6.02, loss=5.46]Epoch 1 [train]:  11%|██▍                   | 159/1407 [00:26<03:09,  6.60it/s, avg=6.02, loss=5.46]Epoch 1 [train]:  11%|██▍                   | 159/1407 [00:26<03:09,  6.60it/s, avg=6.02, loss=5.57]Epoch 1 [train]:  11%|██▌                   | 160/1407 [00:26<03:07,  6.66it/s, avg=6.02, loss=5.57]Epoch 1 [train]:  11%|██▌                   | 160/1407 [00:26<03:07,  6.66it/s, avg=6.01, loss=5.19]Epoch 1 [train]:  11%|██▌                   | 161/1407 [00:26<03:27,  6.00it/s, avg=6.01, loss=5.19]Epoch 1 [train]:  11%|██▌                   | 161/1407 [00:26<03:27,  6.00it/s, avg=6.01, loss=5.36]Epoch 1 [train]:  12%|██▌                   | 162/1407 [00:26<03:11,  6.51it/s, avg=6.01, loss=5.36]Epoch 1 [train]:  12%|██▉                      | 162/1407 [00:27<03:11,  6.51it/s, avg=6, loss=5.38]Epoch 1 [train]:  12%|██▉                      | 163/1407 [00:27<03:24,  6.09it/s, avg=6, loss=5.38]Epoch 1 [train]:  12%|███                       | 163/1407 [00:27<03:24,  6.09it/s, avg=6, loss=5.3]Epoch 1 [train]:  12%|███                       | 164/1407 [00:27<03:19,  6.24it/s, avg=6, loss=5.3]Epoch 1 [train]:  12%|██▉                      | 164/1407 [00:27<03:19,  6.24it/s, avg=6, loss=5.47]Epoch 1 [train]:  12%|██▉                      | 165/1407 [00:27<03:07,  6.61it/s, avg=6, loss=5.47]Epoch 1 [train]:  12%|██▌                   | 165/1407 [00:27<03:07,  6.61it/s, avg=5.99, loss=5.45]Epoch 1 [train]:  12%|██▌                   | 166/1407 [00:27<03:02,  6.79it/s, avg=5.99, loss=5.45]Epoch 1 [train]:  12%|██▌                   | 166/1407 [00:27<03:02,  6.79it/s, avg=5.99, loss=5.53]Epoch 1 [train]:  12%|██▌                   | 167/1407 [00:27<03:04,  6.71it/s, avg=5.99, loss=5.53]Epoch 1 [train]:  12%|██▌                   | 167/1407 [00:27<03:04,  6.71it/s, avg=5.99, loss=5.43]Epoch 1 [train]:  12%|██▋                   | 168/1407 [00:27<03:04,  6.73it/s, avg=5.99, loss=5.43]Epoch 1 [train]:  12%|██▋                   | 168/1407 [00:28<03:04,  6.73it/s, avg=5.98, loss=5.38]Epoch 1 [train]:  12%|██▋                   | 169/1407 [00:28<03:07,  6.61it/s, avg=5.98, loss=5.38]Epoch 1 [train]:  12%|██▋                   | 169/1407 [00:28<03:07,  6.61it/s, avg=5.98, loss=5.51]Epoch 1 [train]:  12%|██▋                   | 170/1407 [00:28<03:11,  6.47it/s, avg=5.98, loss=5.51]Epoch 1 [train]:  12%|██▋                   | 170/1407 [00:28<03:11,  6.47it/s, avg=5.98, loss=5.31]Epoch 1 [train]:  12%|██▋                   | 171/1407 [00:28<03:15,  6.32it/s, avg=5.98, loss=5.31]Epoch 1 [train]:  12%|██▋                   | 171/1407 [00:28<03:15,  6.32it/s, avg=5.97, loss=5.37]Epoch 1 [train]:  12%|██▋                   | 172/1407 [00:28<03:20,  6.16it/s, avg=5.97, loss=5.37]Epoch 1 [train]:  12%|██▋                   | 172/1407 [00:28<03:20,  6.16it/s, avg=5.97, loss=5.51]Epoch 1 [train]:  12%|██▋                   | 173/1407 [00:28<03:16,  6.29it/s, avg=5.97, loss=5.51]Epoch 1 [train]:  12%|██▋                   | 173/1407 [00:28<03:16,  6.29it/s, avg=5.97, loss=5.34]Epoch 1 [train]:  12%|██▋                   | 174/1407 [00:28<03:07,  6.57it/s, avg=5.97, loss=5.34]Epoch 1 [train]:  12%|██▋                   | 174/1407 [00:29<03:07,  6.57it/s, avg=5.96, loss=5.45]Epoch 1 [train]:  12%|██▋                   | 175/1407 [00:29<03:16,  6.28it/s, avg=5.96, loss=5.45]Epoch 1 [train]:  12%|██▋                   | 175/1407 [00:29<03:16,  6.28it/s, avg=5.96, loss=5.13]Epoch 1 [train]:  13%|██▊                   | 176/1407 [00:29<03:14,  6.32it/s, avg=5.96, loss=5.13]Epoch 1 [train]:  13%|██▊                   | 176/1407 [00:29<03:14,  6.32it/s, avg=5.96, loss=5.53]Epoch 1 [train]:  13%|██▊                   | 177/1407 [00:29<03:09,  6.50it/s, avg=5.96, loss=5.53]Epoch 1 [train]:  13%|██▊                   | 177/1407 [00:29<03:09,  6.50it/s, avg=5.95, loss=5.38]Epoch 1 [train]:  13%|██▊                   | 178/1407 [00:29<03:03,  6.70it/s, avg=5.95, loss=5.38]Epoch 1 [train]:  13%|██▉                    | 178/1407 [00:29<03:03,  6.70it/s, avg=5.95, loss=5.4]Epoch 1 [train]:  13%|██▉                    | 179/1407 [00:29<03:17,  6.21it/s, avg=5.95, loss=5.4]Epoch 1 [train]:  13%|██▉                    | 179/1407 [00:29<03:17,  6.21it/s, avg=5.95, loss=5.6]Epoch 1 [train]:  13%|██▉                    | 180/1407 [00:29<03:23,  6.02it/s, avg=5.95, loss=5.6]Epoch 1 [train]:  13%|██▊                   | 180/1407 [00:30<03:23,  6.02it/s, avg=5.95, loss=5.61]Epoch 1 [train]:  13%|██▊                   | 181/1407 [00:30<03:30,  5.83it/s, avg=5.95, loss=5.61]Epoch 1 [train]:  13%|██▉                    | 181/1407 [00:30<03:30,  5.83it/s, avg=5.94, loss=5.3]Epoch 1 [train]:  13%|██▉                    | 182/1407 [00:30<03:25,  5.97it/s, avg=5.94, loss=5.3]Epoch 1 [train]:  13%|██▊                   | 182/1407 [00:30<03:25,  5.97it/s, avg=5.94, loss=5.42]Epoch 1 [train]:  13%|██▊                   | 183/1407 [00:30<03:25,  5.96it/s, avg=5.94, loss=5.42]Epoch 1 [train]:  13%|██▉                    | 183/1407 [00:30<03:25,  5.96it/s, avg=5.94, loss=5.4]Epoch 1 [train]:  13%|███                    | 184/1407 [00:30<03:19,  6.14it/s, avg=5.94, loss=5.4]Epoch 1 [train]:  13%|██▉                   | 184/1407 [00:30<03:19,  6.14it/s, avg=5.94, loss=5.53]Epoch 1 [train]:  13%|██▉                   | 185/1407 [00:30<03:19,  6.13it/s, avg=5.94, loss=5.53]Epoch 1 [train]:  13%|██▉                   | 185/1407 [00:30<03:19,  6.13it/s, avg=5.93, loss=5.56]Epoch 1 [train]:  13%|██▉                   | 186/1407 [00:30<03:11,  6.39it/s, avg=5.93, loss=5.56]Epoch 1 [train]:  13%|██▉                   | 186/1407 [00:30<03:11,  6.39it/s, avg=5.93, loss=5.31]Epoch 1 [train]:  13%|██▉                   | 187/1407 [00:30<03:31,  5.78it/s, avg=5.93, loss=5.31]Epoch 1 [train]:  13%|██▉                   | 187/1407 [00:31<03:31,  5.78it/s, avg=5.93, loss=5.43]Epoch 1 [train]:  13%|██▉                   | 188/1407 [00:31<03:46,  5.39it/s, avg=5.93, loss=5.43]Epoch 1 [train]:  13%|██▉                   | 188/1407 [00:31<03:46,  5.39it/s, avg=5.92, loss=5.52]Epoch 1 [train]:  13%|██▉                   | 189/1407 [00:31<03:34,  5.68it/s, avg=5.92, loss=5.52]Epoch 1 [train]:  13%|██▉                   | 189/1407 [00:31<03:34,  5.68it/s, avg=5.92, loss=5.34]Epoch 1 [train]:  14%|██▉                   | 190/1407 [00:31<03:28,  5.82it/s, avg=5.92, loss=5.34]Epoch 1 [train]:  14%|███                    | 190/1407 [00:31<03:28,  5.82it/s, avg=5.92, loss=5.3]Epoch 1 [train]:  14%|███                    | 191/1407 [00:31<03:26,  5.89it/s, avg=5.92, loss=5.3]Epoch 1 [train]:  14%|██▉                   | 191/1407 [00:31<03:26,  5.89it/s, avg=5.92, loss=5.44]Epoch 1 [train]:  14%|███                   | 192/1407 [00:31<03:26,  5.89it/s, avg=5.92, loss=5.44]Epoch 1 [train]:  14%|███                   | 192/1407 [00:32<03:26,  5.89it/s, avg=5.91, loss=5.41]Epoch 1 [train]:  14%|███                   | 193/1407 [00:32<03:33,  5.69it/s, avg=5.91, loss=5.41]Epoch 1 [train]:  14%|███                   | 193/1407 [00:32<03:33,  5.69it/s, avg=5.91, loss=5.28]Epoch 1 [train]:  14%|███                   | 194/1407 [00:32<03:36,  5.61it/s, avg=5.91, loss=5.28]Epoch 1 [train]:  14%|███                   | 194/1407 [00:32<03:36,  5.61it/s, avg=5.91, loss=5.17]Epoch 1 [train]:  14%|███                   | 195/1407 [00:32<03:20,  6.03it/s, avg=5.91, loss=5.17]Epoch 1 [train]:  14%|███▏                   | 195/1407 [00:32<03:20,  6.03it/s, avg=5.9, loss=5.37]Epoch 1 [train]:  14%|███▏                   | 196/1407 [00:32<03:26,  5.86it/s, avg=5.9, loss=5.37]Epoch 1 [train]:  14%|███▎                    | 196/1407 [00:32<03:26,  5.86it/s, avg=5.9, loss=5.3]Epoch 1 [train]:  14%|███▎                    | 197/1407 [00:32<03:41,  5.46it/s, avg=5.9, loss=5.3]Epoch 1 [train]:  14%|███▏                   | 197/1407 [00:32<03:41,  5.46it/s, avg=5.9, loss=5.22]Epoch 1 [train]:  14%|███▏                   | 198/1407 [00:32<03:24,  5.91it/s, avg=5.9, loss=5.22]Epoch 1 [train]:  14%|███                   | 198/1407 [00:33<03:24,  5.91it/s, avg=5.89, loss=5.18]Epoch 1 [train]:  14%|███                   | 199/1407 [00:33<03:03,  6.60it/s, avg=5.89, loss=5.18][train] epoch=1 batch=200/1407 loss=5.4095 avg=5.8911 gpu_mem=1031MB
Epoch 1 [train]:  14%|███                   | 199/1407 [00:33<03:03,  6.60it/s, avg=5.89, loss=5.41]Epoch 1 [train]:  14%|███▏                  | 200/1407 [00:33<03:31,  5.71it/s, avg=5.89, loss=5.41]Epoch 1 [train]:  14%|███▏                  | 200/1407 [00:33<03:31,  5.71it/s, avg=5.89, loss=5.39]Epoch 1 [train]:  14%|███▏                  | 201/1407 [00:33<03:39,  5.49it/s, avg=5.89, loss=5.39]Epoch 1 [train]:  14%|███▏                  | 201/1407 [00:33<03:39,  5.49it/s, avg=5.89, loss=5.54]Epoch 1 [train]:  14%|███▏                  | 202/1407 [00:33<03:27,  5.80it/s, avg=5.89, loss=5.54]Epoch 1 [train]:  14%|███▎                   | 202/1407 [00:33<03:27,  5.80it/s, avg=5.88, loss=5.5]Epoch 1 [train]:  14%|███▎                   | 203/1407 [00:33<03:45,  5.34it/s, avg=5.88, loss=5.5]Epoch 1 [train]:  14%|███▏                  | 203/1407 [00:33<03:45,  5.34it/s, avg=5.88, loss=5.39]Epoch 1 [train]:  14%|███▏                  | 204/1407 [00:33<03:27,  5.79it/s, avg=5.88, loss=5.39]Epoch 1 [train]:  14%|███▎                   | 204/1407 [00:34<03:27,  5.79it/s, avg=5.88, loss=5.2]Epoch 1 [train]:  15%|███▎                   | 205/1407 [00:34<03:38,  5.51it/s, avg=5.88, loss=5.2]Epoch 1 [train]:  15%|███▎                   | 205/1407 [00:34<03:38,  5.51it/s, avg=5.88, loss=5.3]Epoch 1 [train]:  15%|███▎                   | 206/1407 [00:34<03:31,  5.68it/s, avg=5.88, loss=5.3]Epoch 1 [train]:  15%|███▏                  | 206/1407 [00:34<03:31,  5.68it/s, avg=5.87, loss=5.39]Epoch 1 [train]:  15%|███▏                  | 207/1407 [00:34<03:31,  5.67it/s, avg=5.87, loss=5.39]Epoch 1 [train]:  15%|███▏                  | 207/1407 [00:34<03:31,  5.67it/s, avg=5.87, loss=5.43]Epoch 1 [train]:  15%|███▎                  | 208/1407 [00:34<03:33,  5.62it/s, avg=5.87, loss=5.43]Epoch 1 [train]:  15%|███▎                  | 208/1407 [00:34<03:33,  5.62it/s, avg=5.87, loss=5.23]Epoch 1 [train]:  15%|███▎                  | 209/1407 [00:34<03:34,  5.58it/s, avg=5.87, loss=5.23]Epoch 1 [train]:  15%|███▎                  | 209/1407 [00:35<03:34,  5.58it/s, avg=5.87, loss=5.15]Epoch 1 [train]:  15%|███▎                  | 210/1407 [00:35<03:39,  5.44it/s, avg=5.87, loss=5.15]Epoch 1 [train]:  15%|███▎                  | 210/1407 [00:35<03:39,  5.44it/s, avg=5.86, loss=5.19]Epoch 1 [train]:  15%|███▎                  | 211/1407 [00:35<03:49,  5.22it/s, avg=5.86, loss=5.19]Epoch 1 [train]:  15%|███▎                  | 211/1407 [00:35<03:49,  5.22it/s, avg=5.86, loss=5.43]Epoch 1 [train]:  15%|███▎                  | 212/1407 [00:35<03:43,  5.35it/s, avg=5.86, loss=5.43]Epoch 1 [train]:  15%|███▎                  | 212/1407 [00:35<03:43,  5.35it/s, avg=5.86, loss=5.38]Epoch 1 [train]:  15%|███▎                  | 213/1407 [00:35<03:33,  5.59it/s, avg=5.86, loss=5.38]Epoch 1 [train]:  15%|███▎                  | 213/1407 [00:35<03:33,  5.59it/s, avg=5.86, loss=5.44]Epoch 1 [train]:  15%|███▎                  | 214/1407 [00:35<03:23,  5.86it/s, avg=5.86, loss=5.44]Epoch 1 [train]:  15%|███▎                  | 214/1407 [00:35<03:23,  5.86it/s, avg=5.85, loss=5.56]Epoch 1 [train]:  15%|███▎                  | 215/1407 [00:35<03:02,  6.53it/s, avg=5.85, loss=5.56]Epoch 1 [train]:  15%|███▎                  | 215/1407 [00:35<03:02,  6.53it/s, avg=5.85, loss=5.18]Epoch 1 [train]:  15%|███▍                  | 216/1407 [00:35<02:52,  6.92it/s, avg=5.85, loss=5.18]Epoch 1 [train]:  15%|███▍                  | 216/1407 [00:36<02:52,  6.92it/s, avg=5.85, loss=5.32]Epoch 1 [train]:  15%|███▍                  | 217/1407 [00:36<02:46,  7.13it/s, avg=5.85, loss=5.32]Epoch 1 [train]:  15%|███▍                  | 217/1407 [00:36<02:46,  7.13it/s, avg=5.85, loss=5.22]Epoch 1 [train]:  15%|███▍                  | 218/1407 [00:36<02:52,  6.91it/s, avg=5.85, loss=5.22]Epoch 1 [train]:  15%|███▍                  | 218/1407 [00:36<02:52,  6.91it/s, avg=5.84, loss=5.33]Epoch 1 [train]:  16%|███▍                  | 219/1407 [00:36<02:45,  7.16it/s, avg=5.84, loss=5.33]Epoch 1 [train]:  16%|███▍                  | 219/1407 [00:36<02:45,  7.16it/s, avg=5.84, loss=5.23]Epoch 1 [train]:  16%|███▍                  | 220/1407 [00:36<02:51,  6.91it/s, avg=5.84, loss=5.23]Epoch 1 [train]:  16%|███▍                  | 220/1407 [00:36<02:51,  6.91it/s, avg=5.84, loss=5.44]Epoch 1 [train]:  16%|███▍                  | 221/1407 [00:36<02:53,  6.83it/s, avg=5.84, loss=5.44]Epoch 1 [train]:  16%|███▍                  | 221/1407 [00:36<02:53,  6.83it/s, avg=5.84, loss=5.32]Epoch 1 [train]:  16%|███▍                  | 222/1407 [00:36<02:47,  7.08it/s, avg=5.84, loss=5.32]Epoch 1 [train]:  16%|███▍                  | 222/1407 [00:37<02:47,  7.08it/s, avg=5.83, loss=5.37]Epoch 1 [train]:  16%|███▍                  | 223/1407 [00:37<02:54,  6.77it/s, avg=5.83, loss=5.37]Epoch 1 [train]:  16%|███▋                   | 223/1407 [00:37<02:54,  6.77it/s, avg=5.83, loss=5.5]Epoch 1 [train]:  16%|███▋                   | 224/1407 [00:37<02:53,  6.80it/s, avg=5.83, loss=5.5]Epoch 1 [train]:  16%|███▌                  | 224/1407 [00:37<02:53,  6.80it/s, avg=5.83, loss=5.19]Epoch 1 [train]:  16%|███▌                  | 225/1407 [00:37<02:47,  7.04it/s, avg=5.83, loss=5.19]Epoch 1 [train]:  16%|███▌                  | 225/1407 [00:37<02:47,  7.04it/s, avg=5.83, loss=5.11]Epoch 1 [train]:  16%|███▌                  | 226/1407 [00:37<03:01,  6.52it/s, avg=5.83, loss=5.11]Epoch 1 [train]:  16%|███▌                  | 226/1407 [00:37<03:01,  6.52it/s, avg=5.82, loss=5.23]Epoch 1 [train]:  16%|███▌                  | 227/1407 [00:37<03:04,  6.38it/s, avg=5.82, loss=5.23]Epoch 1 [train]:  16%|███▌                  | 227/1407 [00:37<03:04,  6.38it/s, avg=5.82, loss=5.28]Epoch 1 [train]:  16%|███▌                  | 228/1407 [00:37<03:02,  6.46it/s, avg=5.82, loss=5.28]Epoch 1 [train]:  16%|███▌                  | 228/1407 [00:37<03:02,  6.46it/s, avg=5.82, loss=5.34]Epoch 1 [train]:  16%|███▌                  | 229/1407 [00:37<02:58,  6.59it/s, avg=5.82, loss=5.34]Epoch 1 [train]:  16%|███▌                  | 229/1407 [00:38<02:58,  6.59it/s, avg=5.82, loss=5.28]Epoch 1 [train]:  16%|███▌                  | 230/1407 [00:38<03:04,  6.38it/s, avg=5.82, loss=5.28]Epoch 1 [train]:  16%|███▌                  | 230/1407 [00:38<03:04,  6.38it/s, avg=5.81, loss=5.14]Epoch 1 [train]:  16%|███▌                  | 231/1407 [00:38<03:05,  6.35it/s, avg=5.81, loss=5.14]Epoch 1 [train]:  16%|███▊                   | 231/1407 [00:38<03:05,  6.35it/s, avg=5.81, loss=5.2]Epoch 1 [train]:  16%|███▊                   | 232/1407 [00:38<03:02,  6.43it/s, avg=5.81, loss=5.2]Epoch 1 [train]:  16%|███▋                  | 232/1407 [00:38<03:02,  6.43it/s, avg=5.81, loss=5.22]Epoch 1 [train]:  17%|███▋                  | 233/1407 [00:38<03:11,  6.15it/s, avg=5.81, loss=5.22]Epoch 1 [train]:  17%|███▋                  | 233/1407 [00:38<03:11,  6.15it/s, avg=5.81, loss=5.22]Epoch 1 [train]:  17%|███▋                  | 234/1407 [00:38<03:12,  6.08it/s, avg=5.81, loss=5.22]Epoch 1 [train]:  17%|███▊                   | 234/1407 [00:38<03:12,  6.08it/s, avg=5.8, loss=5.22]Epoch 1 [train]:  17%|███▊                   | 235/1407 [00:38<03:01,  6.47it/s, avg=5.8, loss=5.22]Epoch 1 [train]:  17%|███▊                   | 235/1407 [00:39<03:01,  6.47it/s, avg=5.8, loss=5.29]Epoch 1 [train]:  17%|███▊                   | 236/1407 [00:39<03:17,  5.93it/s, avg=5.8, loss=5.29]Epoch 1 [train]:  17%|████                    | 236/1407 [00:39<03:17,  5.93it/s, avg=5.8, loss=5.1]Epoch 1 [train]:  17%|████                    | 237/1407 [00:39<03:11,  6.11it/s, avg=5.8, loss=5.1]Epoch 1 [train]:  17%|███▊                   | 237/1407 [00:39<03:11,  6.11it/s, avg=5.8, loss=5.27]Epoch 1 [train]:  17%|███▉                   | 238/1407 [00:39<03:11,  6.11it/s, avg=5.8, loss=5.27]Epoch 1 [train]:  17%|███▋                  | 238/1407 [00:39<03:11,  6.11it/s, avg=5.79, loss=4.96]Epoch 1 [train]:  17%|███▋                  | 239/1407 [00:39<03:02,  6.40it/s, avg=5.79, loss=4.96]Epoch 1 [train]:  17%|███▋                  | 239/1407 [00:39<03:02,  6.40it/s, avg=5.79, loss=5.23]Epoch 1 [train]:  17%|███▊                  | 240/1407 [00:39<03:13,  6.04it/s, avg=5.79, loss=5.23]Epoch 1 [train]:  17%|███▊                  | 240/1407 [00:39<03:13,  6.04it/s, avg=5.79, loss=5.18]Epoch 1 [train]:  17%|███▊                  | 241/1407 [00:39<03:09,  6.14it/s, avg=5.79, loss=5.18]Epoch 1 [train]:  17%|███▊                  | 241/1407 [00:40<03:09,  6.14it/s, avg=5.79, loss=5.18]Epoch 1 [train]:  17%|███▊                  | 242/1407 [00:40<03:12,  6.05it/s, avg=5.79, loss=5.18]Epoch 1 [train]:  17%|███▊                  | 242/1407 [00:40<03:12,  6.05it/s, avg=5.78, loss=5.31]Epoch 1 [train]:  17%|███▊                  | 243/1407 [00:40<03:04,  6.33it/s, avg=5.78, loss=5.31]Epoch 1 [train]:  17%|███▊                  | 243/1407 [00:40<03:04,  6.33it/s, avg=5.78, loss=5.05]Epoch 1 [train]:  17%|███▊                  | 244/1407 [00:40<03:00,  6.45it/s, avg=5.78, loss=5.05]Epoch 1 [train]:  17%|███▉                   | 244/1407 [00:40<03:00,  6.45it/s, avg=5.78, loss=5.2]Epoch 1 [train]:  17%|████                   | 245/1407 [00:40<03:10,  6.09it/s, avg=5.78, loss=5.2]Epoch 1 [train]:  17%|███▊                  | 245/1407 [00:40<03:10,  6.09it/s, avg=5.78, loss=5.04]Epoch 1 [train]:  17%|███▊                  | 246/1407 [00:40<03:20,  5.80it/s, avg=5.78, loss=5.04]Epoch 1 [train]:  17%|███▊                  | 246/1407 [00:40<03:20,  5.80it/s, avg=5.77, loss=5.25]Epoch 1 [train]:  18%|███▊                  | 247/1407 [00:40<03:31,  5.49it/s, avg=5.77, loss=5.25]Epoch 1 [train]:  18%|███▊                  | 247/1407 [00:41<03:31,  5.49it/s, avg=5.77, loss=5.22]Epoch 1 [train]:  18%|███▉                  | 248/1407 [00:41<03:28,  5.56it/s, avg=5.77, loss=5.22]Epoch 1 [train]:  18%|███▉                  | 248/1407 [00:41<03:28,  5.56it/s, avg=5.77, loss=5.17]Epoch 1 [train]:  18%|███▉                  | 249/1407 [00:41<03:16,  5.89it/s, avg=5.77, loss=5.17]Epoch 1 [train]:  18%|███▉                  | 249/1407 [00:41<03:16,  5.89it/s, avg=5.77, loss=5.36]Epoch 1 [train]:  18%|███▉                  | 250/1407 [00:41<03:10,  6.06it/s, avg=5.77, loss=5.36]Epoch 1 [train]:  18%|███▉                  | 250/1407 [00:41<03:10,  6.06it/s, avg=5.77, loss=5.28]Epoch 1 [train]:  18%|███▉                  | 251/1407 [00:41<03:05,  6.24it/s, avg=5.77, loss=5.28]Epoch 1 [train]:  18%|███▉                  | 251/1407 [00:41<03:05,  6.24it/s, avg=5.76, loss=5.19]Epoch 1 [train]:  18%|███▉                  | 252/1407 [00:41<03:02,  6.33it/s, avg=5.76, loss=5.19]Epoch 1 [train]:  18%|███▉                  | 252/1407 [00:41<03:02,  6.33it/s, avg=5.76, loss=5.26]Epoch 1 [train]:  18%|███▉                  | 253/1407 [00:41<02:52,  6.68it/s, avg=5.76, loss=5.26]Epoch 1 [train]:  18%|███▉                  | 253/1407 [00:41<02:52,  6.68it/s, avg=5.76, loss=5.13]Epoch 1 [train]:  18%|███▉                  | 254/1407 [00:41<02:53,  6.64it/s, avg=5.76, loss=5.13]Epoch 1 [train]:  18%|███▉                  | 254/1407 [00:42<02:53,  6.64it/s, avg=5.76, loss=5.29]Epoch 1 [train]:  18%|███▉                  | 255/1407 [00:42<02:50,  6.75it/s, avg=5.76, loss=5.29]Epoch 1 [train]:  18%|███▉                  | 255/1407 [00:42<02:50,  6.75it/s, avg=5.76, loss=5.37]Epoch 1 [train]:  18%|████                  | 256/1407 [00:42<02:58,  6.44it/s, avg=5.76, loss=5.37]Epoch 1 [train]:  18%|████                  | 256/1407 [00:42<02:58,  6.44it/s, avg=5.75, loss=5.12]Epoch 1 [train]:  18%|████                  | 257/1407 [00:42<03:24,  5.63it/s, avg=5.75, loss=5.12]Epoch 1 [train]:  18%|████▏                  | 257/1407 [00:42<03:24,  5.63it/s, avg=5.75, loss=5.1]Epoch 1 [train]:  18%|████▏                  | 258/1407 [00:42<03:16,  5.84it/s, avg=5.75, loss=5.1]Epoch 1 [train]:  18%|████                  | 258/1407 [00:42<03:16,  5.84it/s, avg=5.75, loss=5.12]Epoch 1 [train]:  18%|████                  | 259/1407 [00:42<03:09,  6.06it/s, avg=5.75, loss=5.12]Epoch 1 [train]:  18%|████                  | 259/1407 [00:43<03:09,  6.06it/s, avg=5.75, loss=5.15]Epoch 1 [train]:  18%|████                  | 260/1407 [00:43<03:16,  5.85it/s, avg=5.75, loss=5.15]Epoch 1 [train]:  18%|████                  | 260/1407 [00:43<03:16,  5.85it/s, avg=5.74, loss=5.03]Epoch 1 [train]:  19%|████                  | 261/1407 [00:43<02:51,  6.67it/s, avg=5.74, loss=5.03]Epoch 1 [train]:  19%|████                  | 261/1407 [00:43<02:51,  6.67it/s, avg=5.74, loss=5.07]Epoch 1 [train]:  19%|████                  | 262/1407 [00:43<02:54,  6.54it/s, avg=5.74, loss=5.07]Epoch 1 [train]:  19%|████                  | 262/1407 [00:43<02:54,  6.54it/s, avg=5.74, loss=5.25]Epoch 1 [train]:  19%|████                  | 263/1407 [00:43<02:58,  6.40it/s, avg=5.74, loss=5.25]Epoch 1 [train]:  19%|████                  | 263/1407 [00:43<02:58,  6.40it/s, avg=5.74, loss=4.98]Epoch 1 [train]:  19%|████▏                 | 264/1407 [00:43<02:52,  6.61it/s, avg=5.74, loss=4.98]Epoch 1 [train]:  19%|████▏                 | 264/1407 [00:43<02:52,  6.61it/s, avg=5.73, loss=5.16]Epoch 1 [train]:  19%|████▏                 | 265/1407 [00:43<03:17,  5.79it/s, avg=5.73, loss=5.16]Epoch 1 [train]:  19%|████▏                 | 265/1407 [00:43<03:17,  5.79it/s, avg=5.73, loss=4.98]Epoch 1 [train]:  19%|████▏                 | 266/1407 [00:43<03:12,  5.92it/s, avg=5.73, loss=4.98]Epoch 1 [train]:  19%|████▏                 | 266/1407 [00:44<03:12,  5.92it/s, avg=5.73, loss=5.12]Epoch 1 [train]:  19%|████▏                 | 267/1407 [00:44<03:34,  5.32it/s, avg=5.73, loss=5.12]Epoch 1 [train]:  19%|████▏                 | 267/1407 [00:44<03:34,  5.32it/s, avg=5.73, loss=5.09]Epoch 1 [train]:  19%|████▏                 | 268/1407 [00:44<03:15,  5.82it/s, avg=5.73, loss=5.09]Epoch 1 [train]:  19%|████▏                 | 268/1407 [00:44<03:15,  5.82it/s, avg=5.72, loss=5.29]Epoch 1 [train]:  19%|████▏                 | 269/1407 [00:44<03:23,  5.60it/s, avg=5.72, loss=5.29]Epoch 1 [train]:  19%|████▏                 | 269/1407 [00:44<03:23,  5.60it/s, avg=5.72, loss=5.03]Epoch 1 [train]:  19%|████▏                 | 270/1407 [00:44<03:22,  5.61it/s, avg=5.72, loss=5.03]Epoch 1 [train]:  19%|████▏                 | 270/1407 [00:44<03:22,  5.61it/s, avg=5.72, loss=5.17]Epoch 1 [train]:  19%|████▏                 | 271/1407 [00:44<03:19,  5.68it/s, avg=5.72, loss=5.17]Epoch 1 [train]:  19%|████▏                 | 271/1407 [00:45<03:19,  5.68it/s, avg=5.72, loss=5.23]Epoch 1 [train]:  19%|████▎                 | 272/1407 [00:45<03:08,  6.02it/s, avg=5.72, loss=5.23]Epoch 1 [train]:  19%|████▎                 | 272/1407 [00:45<03:08,  6.02it/s, avg=5.72, loss=5.24]Epoch 1 [train]:  19%|████▎                 | 273/1407 [00:45<03:03,  6.18it/s, avg=5.72, loss=5.24]Epoch 1 [train]:  19%|████▍                  | 273/1407 [00:45<03:03,  6.18it/s, avg=5.71, loss=5.2]Epoch 1 [train]:  19%|████▍                  | 274/1407 [00:45<02:49,  6.69it/s, avg=5.71, loss=5.2]Epoch 1 [train]:  19%|████▎                 | 274/1407 [00:45<02:49,  6.69it/s, avg=5.71, loss=5.19]Epoch 1 [train]:  20%|████▎                 | 275/1407 [00:45<02:57,  6.39it/s, avg=5.71, loss=5.19]Epoch 1 [train]:  20%|████▎                 | 275/1407 [00:45<02:57,  6.39it/s, avg=5.71, loss=5.24]Epoch 1 [train]:  20%|████▎                 | 276/1407 [00:45<03:17,  5.71it/s, avg=5.71, loss=5.24]Epoch 1 [train]:  20%|████▎                 | 276/1407 [00:45<03:17,  5.71it/s, avg=5.71, loss=5.15]Epoch 1 [train]:  20%|████▎                 | 277/1407 [00:45<03:12,  5.87it/s, avg=5.71, loss=5.15]Epoch 1 [train]:  20%|████▌                  | 277/1407 [00:45<03:12,  5.87it/s, avg=5.71, loss=5.2]Epoch 1 [train]:  20%|████▌                  | 278/1407 [00:45<03:04,  6.11it/s, avg=5.71, loss=5.2]Epoch 1 [train]:  20%|████▌                  | 278/1407 [00:46<03:04,  6.11it/s, avg=5.71, loss=5.2]Epoch 1 [train]:  20%|████▌                  | 279/1407 [00:46<03:01,  6.21it/s, avg=5.71, loss=5.2]Epoch 1 [train]:  20%|████▌                  | 279/1407 [00:46<03:01,  6.21it/s, avg=5.7, loss=5.16]Epoch 1 [train]:  20%|████▌                  | 280/1407 [00:46<03:05,  6.07it/s, avg=5.7, loss=5.16]Epoch 1 [train]:  20%|████▌                  | 280/1407 [00:46<03:05,  6.07it/s, avg=5.7, loss=5.27]Epoch 1 [train]:  20%|████▌                  | 281/1407 [00:46<03:01,  6.20it/s, avg=5.7, loss=5.27]Epoch 1 [train]:  20%|████▌                  | 281/1407 [00:46<03:01,  6.20it/s, avg=5.7, loss=5.25]Epoch 1 [train]:  20%|████▌                  | 282/1407 [00:46<02:58,  6.32it/s, avg=5.7, loss=5.25]Epoch 1 [train]:  20%|████▌                  | 282/1407 [00:46<02:58,  6.32it/s, avg=5.7, loss=5.06]Epoch 1 [train]:  20%|████▋                  | 283/1407 [00:46<03:09,  5.95it/s, avg=5.7, loss=5.06]Epoch 1 [train]:  20%|████▋                  | 283/1407 [00:46<03:09,  5.95it/s, avg=5.7, loss=5.08]Epoch 1 [train]:  20%|████▋                  | 284/1407 [00:46<03:12,  5.82it/s, avg=5.7, loss=5.08]Epoch 1 [train]:  20%|████▍                 | 284/1407 [00:47<03:12,  5.82it/s, avg=5.69, loss=5.17]Epoch 1 [train]:  20%|████▍                 | 285/1407 [00:47<03:17,  5.67it/s, avg=5.69, loss=5.17]Epoch 1 [train]:  20%|████▍                 | 285/1407 [00:47<03:17,  5.67it/s, avg=5.69, loss=5.05]Epoch 1 [train]:  20%|████▍                 | 286/1407 [00:47<03:22,  5.54it/s, avg=5.69, loss=5.05]Epoch 1 [train]:  20%|████▍                 | 286/1407 [00:47<03:22,  5.54it/s, avg=5.69, loss=5.03]Epoch 1 [train]:  20%|████▍                 | 287/1407 [00:47<03:13,  5.80it/s, avg=5.69, loss=5.03]Epoch 1 [train]:  20%|████▍                 | 287/1407 [00:47<03:13,  5.80it/s, avg=5.69, loss=5.23]Epoch 1 [train]:  20%|████▌                 | 288/1407 [00:47<03:05,  6.04it/s, avg=5.69, loss=5.23]Epoch 1 [train]:  20%|████▌                 | 288/1407 [00:47<03:05,  6.04it/s, avg=5.69, loss=5.22]Epoch 1 [train]:  21%|████▌                 | 289/1407 [00:47<03:27,  5.39it/s, avg=5.69, loss=5.22]Epoch 1 [train]:  21%|████▌                 | 289/1407 [00:48<03:27,  5.39it/s, avg=5.68, loss=5.39]Epoch 1 [train]:  21%|████▌                 | 290/1407 [00:48<03:26,  5.42it/s, avg=5.68, loss=5.39]Epoch 1 [train]:  21%|████▌                 | 290/1407 [00:48<03:26,  5.42it/s, avg=5.68, loss=5.11]Epoch 1 [train]:  21%|████▌                 | 291/1407 [00:48<03:15,  5.71it/s, avg=5.68, loss=5.11]Epoch 1 [train]:  21%|████▌                 | 291/1407 [00:48<03:15,  5.71it/s, avg=5.68, loss=5.16]Epoch 1 [train]:  21%|████▌                 | 292/1407 [00:48<03:07,  5.95it/s, avg=5.68, loss=5.16]Epoch 1 [train]:  21%|████▌                 | 292/1407 [00:48<03:07,  5.95it/s, avg=5.68, loss=5.21]Epoch 1 [train]:  21%|████▌                 | 293/1407 [00:48<03:07,  5.94it/s, avg=5.68, loss=5.21]Epoch 1 [train]:  21%|████▌                 | 293/1407 [00:48<03:07,  5.94it/s, avg=5.68, loss=5.06]Epoch 1 [train]:  21%|████▌                 | 294/1407 [00:48<03:15,  5.68it/s, avg=5.68, loss=5.06]Epoch 1 [train]:  21%|████▌                 | 294/1407 [00:48<03:15,  5.68it/s, avg=5.68, loss=5.02]Epoch 1 [train]:  21%|████▌                 | 295/1407 [00:48<03:01,  6.12it/s, avg=5.68, loss=5.02]Epoch 1 [train]:  21%|████▌                 | 295/1407 [00:49<03:01,  6.12it/s, avg=5.67, loss=5.08]Epoch 1 [train]:  21%|████▋                 | 296/1407 [00:49<02:53,  6.40it/s, avg=5.67, loss=5.08]Epoch 1 [train]:  21%|████▋                 | 296/1407 [00:49<02:53,  6.40it/s, avg=5.67, loss=5.27]Epoch 1 [train]:  21%|████▋                 | 297/1407 [00:49<03:17,  5.62it/s, avg=5.67, loss=5.27]Epoch 1 [train]:  21%|████▋                 | 297/1407 [00:49<03:17,  5.62it/s, avg=5.67, loss=5.27]Epoch 1 [train]:  21%|████▋                 | 298/1407 [00:49<03:04,  6.01it/s, avg=5.67, loss=5.27]Epoch 1 [train]:  21%|████▋                 | 298/1407 [00:49<03:04,  6.01it/s, avg=5.67, loss=5.11]Epoch 1 [train]:  21%|████▋                 | 299/1407 [00:49<03:10,  5.80it/s, avg=5.67, loss=5.11][train] epoch=1 batch=300/1407 loss=5.1113 avg=5.6668 gpu_mem=1023MB
Epoch 1 [train]:  21%|████▋                 | 299/1407 [00:49<03:10,  5.80it/s, avg=5.67, loss=5.11]Epoch 1 [train]:  21%|████▋                 | 300/1407 [00:49<03:13,  5.73it/s, avg=5.67, loss=5.11]Epoch 1 [train]:  21%|████▋                 | 300/1407 [00:49<03:13,  5.73it/s, avg=5.66, loss=5.12]Epoch 1 [train]:  21%|████▋                 | 301/1407 [00:49<03:00,  6.13it/s, avg=5.66, loss=5.12]Epoch 1 [train]:  21%|████▋                 | 301/1407 [00:50<03:00,  6.13it/s, avg=5.66, loss=4.92]Epoch 1 [train]:  21%|████▋                 | 302/1407 [00:50<02:52,  6.41it/s, avg=5.66, loss=4.92]Epoch 1 [train]:  21%|████▋                 | 302/1407 [00:50<02:52,  6.41it/s, avg=5.66, loss=5.18]Epoch 1 [train]:  22%|████▋                 | 303/1407 [00:50<02:53,  6.35it/s, avg=5.66, loss=5.18]Epoch 1 [train]:  22%|█████▍                   | 303/1407 [00:50<02:53,  6.35it/s, avg=5.66, loss=5]Epoch 1 [train]:  22%|█████▍                   | 304/1407 [00:50<02:55,  6.28it/s, avg=5.66, loss=5]Epoch 1 [train]:  22%|████▊                 | 304/1407 [00:50<02:55,  6.28it/s, avg=5.66, loss=4.93]Epoch 1 [train]:  22%|████▊                 | 305/1407 [00:50<02:43,  6.73it/s, avg=5.66, loss=4.93]Epoch 1 [train]:  22%|████▊                 | 305/1407 [00:50<02:43,  6.73it/s, avg=5.65, loss=5.01]Epoch 1 [train]:  22%|████▊                 | 306/1407 [00:50<02:47,  6.55it/s, avg=5.65, loss=5.01]Epoch 1 [train]:  22%|████▊                 | 306/1407 [00:50<02:47,  6.55it/s, avg=5.65, loss=4.97]Epoch 1 [train]:  22%|████▊                 | 307/1407 [00:50<02:56,  6.24it/s, avg=5.65, loss=4.97]Epoch 1 [train]:  22%|████▊                 | 307/1407 [00:50<02:56,  6.24it/s, avg=5.65, loss=5.22]Epoch 1 [train]:  22%|████▊                 | 308/1407 [00:50<03:02,  6.02it/s, avg=5.65, loss=5.22]Epoch 1 [train]:  22%|████▊                 | 308/1407 [00:51<03:02,  6.02it/s, avg=5.65, loss=4.96]Epoch 1 [train]:  22%|████▊                 | 309/1407 [00:51<02:52,  6.38it/s, avg=5.65, loss=4.96]Epoch 1 [train]:  22%|████▊                 | 309/1407 [00:51<02:52,  6.38it/s, avg=5.65, loss=5.14]Epoch 1 [train]:  22%|████▊                 | 310/1407 [00:51<02:53,  6.31it/s, avg=5.65, loss=5.14]Epoch 1 [train]:  22%|████▊                 | 310/1407 [00:51<02:53,  6.31it/s, avg=5.65, loss=5.19]Epoch 1 [train]:  22%|████▊                 | 311/1407 [00:51<02:57,  6.16it/s, avg=5.65, loss=5.19]Epoch 1 [train]:  22%|████▊                 | 311/1407 [00:51<02:57,  6.16it/s, avg=5.64, loss=5.11]Epoch 1 [train]:  22%|████▉                 | 312/1407 [00:51<03:06,  5.87it/s, avg=5.64, loss=5.11]Epoch 1 [train]:  22%|████▉                 | 312/1407 [00:51<03:06,  5.87it/s, avg=5.64, loss=5.22]Epoch 1 [train]:  22%|████▉                 | 313/1407 [00:51<03:05,  5.89it/s, avg=5.64, loss=5.22]Epoch 1 [train]:  22%|████▉                 | 313/1407 [00:51<03:05,  5.89it/s, avg=5.64, loss=5.23]Epoch 1 [train]:  22%|████▉                 | 314/1407 [00:51<03:00,  6.06it/s, avg=5.64, loss=5.23]Epoch 1 [train]:  22%|████▉                 | 314/1407 [00:52<03:00,  6.06it/s, avg=5.64, loss=5.21]Epoch 1 [train]:  22%|████▉                 | 315/1407 [00:52<02:53,  6.31it/s, avg=5.64, loss=5.21]Epoch 1 [train]:  22%|████▉                 | 315/1407 [00:52<02:53,  6.31it/s, avg=5.64, loss=5.13]Epoch 1 [train]:  22%|████▉                 | 316/1407 [00:52<02:57,  6.13it/s, avg=5.64, loss=5.13]Epoch 1 [train]:  22%|████▉                 | 316/1407 [00:52<02:57,  6.13it/s, avg=5.64, loss=5.09]Epoch 1 [train]:  23%|████▉                 | 317/1407 [00:52<03:11,  5.69it/s, avg=5.64, loss=5.09]Epoch 1 [train]:  23%|████▉                 | 317/1407 [00:52<03:11,  5.69it/s, avg=5.63, loss=5.13]Epoch 1 [train]:  23%|████▉                 | 318/1407 [00:52<03:10,  5.70it/s, avg=5.63, loss=5.13]Epoch 1 [train]:  23%|████▉                 | 318/1407 [00:52<03:10,  5.70it/s, avg=5.63, loss=5.23]Epoch 1 [train]:  23%|████▉                 | 319/1407 [00:52<03:06,  5.84it/s, avg=5.63, loss=5.23]Epoch 1 [train]:  23%|████▉                 | 319/1407 [00:52<03:06,  5.84it/s, avg=5.63, loss=4.87]Epoch 1 [train]:  23%|█████                 | 320/1407 [00:52<02:57,  6.12it/s, avg=5.63, loss=4.87]Epoch 1 [train]:  23%|█████                 | 320/1407 [00:53<02:57,  6.12it/s, avg=5.63, loss=4.91]Epoch 1 [train]:  23%|█████                 | 321/1407 [00:53<02:51,  6.35it/s, avg=5.63, loss=4.91]Epoch 1 [train]:  23%|█████                 | 321/1407 [00:53<02:51,  6.35it/s, avg=5.63, loss=4.98]Epoch 1 [train]:  23%|█████                 | 322/1407 [00:53<03:10,  5.70it/s, avg=5.63, loss=4.98]Epoch 1 [train]:  23%|█████                 | 322/1407 [00:53<03:10,  5.70it/s, avg=5.62, loss=5.09]Epoch 1 [train]:  23%|█████                 | 323/1407 [00:53<03:11,  5.66it/s, avg=5.62, loss=5.09]Epoch 1 [train]:  23%|█████                 | 323/1407 [00:53<03:11,  5.66it/s, avg=5.62, loss=5.06]Epoch 1 [train]:  23%|█████                 | 324/1407 [00:53<02:53,  6.25it/s, avg=5.62, loss=5.06]Epoch 1 [train]:  23%|█████                 | 324/1407 [00:53<02:53,  6.25it/s, avg=5.62, loss=4.91]Epoch 1 [train]:  23%|█████                 | 325/1407 [00:53<02:50,  6.36it/s, avg=5.62, loss=4.91]Epoch 1 [train]:  23%|█████                 | 325/1407 [00:53<02:50,  6.36it/s, avg=5.62, loss=5.13]Epoch 1 [train]:  23%|█████                 | 326/1407 [00:53<02:49,  6.38it/s, avg=5.62, loss=5.13]Epoch 1 [train]:  23%|█████                 | 326/1407 [00:54<02:49,  6.38it/s, avg=5.62, loss=5.15]Epoch 1 [train]:  23%|█████                 | 327/1407 [00:54<03:11,  5.63it/s, avg=5.62, loss=5.15]Epoch 1 [train]:  23%|█████                 | 327/1407 [00:54<03:11,  5.63it/s, avg=5.62, loss=4.94]Epoch 1 [train]:  23%|█████▏                | 328/1407 [00:54<03:08,  5.71it/s, avg=5.62, loss=4.94]Epoch 1 [train]:  23%|█████▏                | 328/1407 [00:54<03:08,  5.71it/s, avg=5.61, loss=4.99]Epoch 1 [train]:  23%|█████▏                | 329/1407 [00:54<03:07,  5.76it/s, avg=5.61, loss=4.99]Epoch 1 [train]:  23%|█████▏                | 329/1407 [00:54<03:07,  5.76it/s, avg=5.61, loss=5.16]Epoch 1 [train]:  23%|█████▏                | 330/1407 [00:54<03:09,  5.70it/s, avg=5.61, loss=5.16]Epoch 1 [train]:  23%|█████▏                | 330/1407 [00:54<03:09,  5.70it/s, avg=5.61, loss=5.06]Epoch 1 [train]:  24%|█████▏                | 331/1407 [00:54<03:15,  5.50it/s, avg=5.61, loss=5.06]Epoch 1 [train]:  24%|█████▏                | 331/1407 [00:55<03:15,  5.50it/s, avg=5.61, loss=5.18]Epoch 1 [train]:  24%|█████▏                | 332/1407 [00:55<03:08,  5.70it/s, avg=5.61, loss=5.18]Epoch 1 [train]:  24%|█████▏                | 332/1407 [00:55<03:08,  5.70it/s, avg=5.61, loss=4.97]Epoch 1 [train]:  24%|█████▏                | 333/1407 [00:55<03:14,  5.52it/s, avg=5.61, loss=4.97]Epoch 1 [train]:  24%|█████▏                | 333/1407 [00:55<03:14,  5.52it/s, avg=5.61, loss=4.97]Epoch 1 [train]:  24%|█████▏                | 334/1407 [00:55<03:12,  5.57it/s, avg=5.61, loss=4.97]Epoch 1 [train]:  24%|█████▍                 | 334/1407 [00:55<03:12,  5.57it/s, avg=5.6, loss=5.01]Epoch 1 [train]:  24%|█████▍                 | 335/1407 [00:55<03:08,  5.70it/s, avg=5.6, loss=5.01]Epoch 1 [train]:  24%|█████▍                 | 335/1407 [00:55<03:08,  5.70it/s, avg=5.6, loss=5.09]Epoch 1 [train]:  24%|█████▍                 | 336/1407 [00:55<03:04,  5.79it/s, avg=5.6, loss=5.09]Epoch 1 [train]:  24%|██████▏                   | 336/1407 [00:55<03:04,  5.79it/s, avg=5.6, loss=5]Epoch 1 [train]:  24%|██████▏                   | 337/1407 [00:55<03:00,  5.94it/s, avg=5.6, loss=5]Epoch 1 [train]:  24%|█████▌                 | 337/1407 [00:56<03:00,  5.94it/s, avg=5.6, loss=4.93]Epoch 1 [train]:  24%|█████▌                 | 338/1407 [00:56<02:58,  6.00it/s, avg=5.6, loss=4.93]Epoch 1 [train]:  24%|█████▊                  | 338/1407 [00:56<02:58,  6.00it/s, avg=5.6, loss=4.7]Epoch 1 [train]:  24%|█████▊                  | 339/1407 [00:56<02:51,  6.23it/s, avg=5.6, loss=4.7]Epoch 1 [train]:  24%|█████▎                | 339/1407 [00:56<02:51,  6.23it/s, avg=5.59, loss=5.16]Epoch 1 [train]:  24%|█████▎                | 340/1407 [00:56<02:58,  5.98it/s, avg=5.59, loss=5.16]Epoch 1 [train]:  24%|█████▎                | 340/1407 [00:56<02:58,  5.98it/s, avg=5.59, loss=4.94]Epoch 1 [train]:  24%|█████▎                | 341/1407 [00:56<03:02,  5.84it/s, avg=5.59, loss=4.94]Epoch 1 [train]:  24%|█████▎                | 341/1407 [00:56<03:02,  5.84it/s, avg=5.59, loss=5.01]Epoch 1 [train]:  24%|█████▎                | 342/1407 [00:56<02:55,  6.08it/s, avg=5.59, loss=5.01]Epoch 1 [train]:  24%|█████▎                | 342/1407 [00:56<02:55,  6.08it/s, avg=5.59, loss=5.09]Epoch 1 [train]:  24%|█████▎                | 343/1407 [00:56<02:47,  6.36it/s, avg=5.59, loss=5.09]Epoch 1 [train]:  24%|█████▎                | 343/1407 [00:57<02:47,  6.36it/s, avg=5.59, loss=5.19]Epoch 1 [train]:  24%|█████▍                | 344/1407 [00:57<02:50,  6.24it/s, avg=5.59, loss=5.19]Epoch 1 [train]:  24%|█████▍                | 344/1407 [00:57<02:50,  6.24it/s, avg=5.59, loss=4.92]Epoch 1 [train]:  25%|█████▍                | 345/1407 [00:57<02:48,  6.32it/s, avg=5.59, loss=4.92]Epoch 1 [train]:  25%|█████▍                | 345/1407 [00:57<02:48,  6.32it/s, avg=5.58, loss=4.98]Epoch 1 [train]:  25%|█████▍                | 346/1407 [00:57<02:58,  5.95it/s, avg=5.58, loss=4.98]Epoch 1 [train]:  25%|█████▍                | 346/1407 [00:57<02:58,  5.95it/s, avg=5.58, loss=5.03]Epoch 1 [train]:  25%|█████▍                | 347/1407 [00:57<02:53,  6.12it/s, avg=5.58, loss=5.03]Epoch 1 [train]:  25%|█████▋                 | 347/1407 [00:57<02:53,  6.12it/s, avg=5.58, loss=4.8]Epoch 1 [train]:  25%|█████▋                 | 348/1407 [00:57<03:00,  5.87it/s, avg=5.58, loss=4.8]Epoch 1 [train]:  25%|█████▍                | 348/1407 [00:57<03:00,  5.87it/s, avg=5.58, loss=4.84]Epoch 1 [train]:  25%|█████▍                | 349/1407 [00:57<02:52,  6.13it/s, avg=5.58, loss=4.84]Epoch 1 [train]:  25%|█████▍                | 349/1407 [00:58<02:52,  6.13it/s, avg=5.58, loss=5.02]Epoch 1 [train]:  25%|█████▍                | 350/1407 [00:58<02:58,  5.92it/s, avg=5.58, loss=5.02]Epoch 1 [train]:  25%|██████▏                  | 350/1407 [00:58<02:58,  5.92it/s, avg=5.58, loss=5]Epoch 1 [train]:  25%|██████▏                  | 351/1407 [00:58<02:51,  6.16it/s, avg=5.58, loss=5]Epoch 1 [train]:  25%|█████▍                | 351/1407 [00:58<02:51,  6.16it/s, avg=5.57, loss=5.05]Epoch 1 [train]:  25%|█████▌                | 352/1407 [00:58<02:48,  6.27it/s, avg=5.57, loss=5.05]Epoch 1 [train]:  25%|█████▌                | 352/1407 [00:58<02:48,  6.27it/s, avg=5.57, loss=4.95]Epoch 1 [train]:  25%|█████▌                | 353/1407 [00:58<02:44,  6.43it/s, avg=5.57, loss=4.95]Epoch 1 [train]:  25%|█████▌                | 353/1407 [00:58<02:44,  6.43it/s, avg=5.57, loss=5.12]Epoch 1 [train]:  25%|█████▌                | 354/1407 [00:58<02:43,  6.42it/s, avg=5.57, loss=5.12]Epoch 1 [train]:  25%|█████▌                | 354/1407 [00:58<02:43,  6.42it/s, avg=5.57, loss=5.11]Epoch 1 [train]:  25%|█████▌                | 355/1407 [00:58<02:40,  6.56it/s, avg=5.57, loss=5.11]Epoch 1 [train]:  25%|█████▌                | 355/1407 [00:58<02:40,  6.56it/s, avg=5.57, loss=4.92]Epoch 1 [train]:  25%|█████▌                | 356/1407 [00:58<02:45,  6.36it/s, avg=5.57, loss=4.92]Epoch 1 [train]:  25%|█████▌                | 356/1407 [00:59<02:45,  6.36it/s, avg=5.57, loss=5.01]Epoch 1 [train]:  25%|█████▌                | 357/1407 [00:59<02:53,  6.04it/s, avg=5.57, loss=5.01]Epoch 1 [train]:  25%|█████▌                | 357/1407 [00:59<02:53,  6.04it/s, avg=5.57, loss=5.09]Epoch 1 [train]:  25%|█████▌                | 358/1407 [00:59<02:56,  5.96it/s, avg=5.57, loss=5.09]Epoch 1 [train]:  25%|█████▌                | 358/1407 [00:59<02:56,  5.96it/s, avg=5.56, loss=4.78]Epoch 1 [train]:  26%|█████▌                | 359/1407 [00:59<03:07,  5.60it/s, avg=5.56, loss=4.78]Epoch 1 [train]:  26%|█████▌                | 359/1407 [00:59<03:07,  5.60it/s, avg=5.56, loss=4.93]Epoch 1 [train]:  26%|█████▋                | 360/1407 [00:59<03:10,  5.51it/s, avg=5.56, loss=4.93]Epoch 1 [train]:  26%|█████▋                | 360/1407 [00:59<03:10,  5.51it/s, avg=5.56, loss=5.04]Epoch 1 [train]:  26%|█████▋                | 361/1407 [00:59<03:03,  5.69it/s, avg=5.56, loss=5.04]Epoch 1 [train]:  26%|█████▋                | 361/1407 [01:00<03:03,  5.69it/s, avg=5.56, loss=5.14]Epoch 1 [train]:  26%|█████▋                | 362/1407 [01:00<03:03,  5.68it/s, avg=5.56, loss=5.14]Epoch 1 [train]:  26%|█████▋                | 362/1407 [01:00<03:03,  5.68it/s, avg=5.56, loss=4.99]Epoch 1 [train]:  26%|█████▋                | 363/1407 [01:00<02:51,  6.08it/s, avg=5.56, loss=4.99]Epoch 1 [train]:  26%|█████▋                | 363/1407 [01:00<02:51,  6.08it/s, avg=5.56, loss=5.07]Epoch 1 [train]:  26%|█████▋                | 364/1407 [01:00<02:59,  5.82it/s, avg=5.56, loss=5.07]Epoch 1 [train]:  26%|█████▋                | 364/1407 [01:00<02:59,  5.82it/s, avg=5.55, loss=4.92]Epoch 1 [train]:  26%|█████▋                | 365/1407 [01:00<02:58,  5.85it/s, avg=5.55, loss=4.92]Epoch 1 [train]:  26%|█████▋                | 365/1407 [01:00<02:58,  5.85it/s, avg=5.55, loss=4.92]Epoch 1 [train]:  26%|█████▋                | 366/1407 [01:00<02:56,  5.89it/s, avg=5.55, loss=4.92]Epoch 1 [train]:  26%|█████▋                | 366/1407 [01:00<02:56,  5.89it/s, avg=5.55, loss=4.83]Epoch 1 [train]:  26%|█████▋                | 367/1407 [01:00<03:00,  5.75it/s, avg=5.55, loss=4.83]Epoch 1 [train]:  26%|█████▋                | 367/1407 [01:01<03:00,  5.75it/s, avg=5.55, loss=4.98]Epoch 1 [train]:  26%|█████▊                | 368/1407 [01:01<02:56,  5.88it/s, avg=5.55, loss=4.98]Epoch 1 [train]:  26%|█████▊                | 368/1407 [01:01<02:56,  5.88it/s, avg=5.55, loss=4.96]Epoch 1 [train]:  26%|█████▊                | 369/1407 [01:01<02:58,  5.82it/s, avg=5.55, loss=4.96]Epoch 1 [train]:  26%|█████▊                | 369/1407 [01:01<02:58,  5.82it/s, avg=5.55, loss=5.13]Epoch 1 [train]:  26%|█████▊                | 370/1407 [01:01<02:58,  5.80it/s, avg=5.55, loss=5.13]Epoch 1 [train]:  26%|█████▊                | 370/1407 [01:01<02:58,  5.80it/s, avg=5.54, loss=4.95]Epoch 1 [train]:  26%|█████▊                | 371/1407 [01:01<02:48,  6.15it/s, avg=5.54, loss=4.95]Epoch 1 [train]:  26%|█████▊                | 371/1407 [01:01<02:48,  6.15it/s, avg=5.54, loss=5.11]Epoch 1 [train]:  26%|█████▊                | 372/1407 [01:01<02:38,  6.52it/s, avg=5.54, loss=5.11]Epoch 1 [train]:  26%|█████▊                | 372/1407 [01:01<02:38,  6.52it/s, avg=5.54, loss=4.93]Epoch 1 [train]:  27%|█████▊                | 373/1407 [01:01<02:54,  5.91it/s, avg=5.54, loss=4.93]Epoch 1 [train]:  27%|█████▊                | 373/1407 [01:02<02:54,  5.91it/s, avg=5.54, loss=5.24]Epoch 1 [train]:  27%|█████▊                | 374/1407 [01:02<02:44,  6.30it/s, avg=5.54, loss=5.24]Epoch 1 [train]:  27%|██████                 | 374/1407 [01:02<02:44,  6.30it/s, avg=5.54, loss=4.9]Epoch 1 [train]:  27%|██████▏                | 375/1407 [01:02<02:42,  6.36it/s, avg=5.54, loss=4.9]Epoch 1 [train]:  27%|██████▋                  | 375/1407 [01:02<02:42,  6.36it/s, avg=5.54, loss=5]Epoch 1 [train]:  27%|██████▋                  | 376/1407 [01:02<02:42,  6.36it/s, avg=5.54, loss=5]Epoch 1 [train]:  27%|█████▉                | 376/1407 [01:02<02:42,  6.36it/s, avg=5.54, loss=4.91]Epoch 1 [train]:  27%|█████▉                | 377/1407 [01:02<02:39,  6.46it/s, avg=5.54, loss=4.91]Epoch 1 [train]:  27%|█████▉                | 377/1407 [01:02<02:39,  6.46it/s, avg=5.53, loss=4.88]Epoch 1 [train]:  27%|█████▉                | 378/1407 [01:02<02:37,  6.55it/s, avg=5.53, loss=4.88]Epoch 1 [train]:  27%|█████▉                | 378/1407 [01:02<02:37,  6.55it/s, avg=5.53, loss=5.04]Epoch 1 [train]:  27%|█████▉                | 379/1407 [01:02<02:40,  6.40it/s, avg=5.53, loss=5.04]Epoch 1 [train]:  27%|█████▉                | 379/1407 [01:02<02:40,  6.40it/s, avg=5.53, loss=4.93]Epoch 1 [train]:  27%|█████▉                | 380/1407 [01:02<02:49,  6.05it/s, avg=5.53, loss=4.93]Epoch 1 [train]:  27%|█████▉                | 380/1407 [01:03<02:49,  6.05it/s, avg=5.53, loss=5.01]Epoch 1 [train]:  27%|█████▉                | 381/1407 [01:03<02:37,  6.53it/s, avg=5.53, loss=5.01]Epoch 1 [train]:  27%|█████▉                | 381/1407 [01:03<02:37,  6.53it/s, avg=5.53, loss=5.08]Epoch 1 [train]:  27%|█████▉                | 382/1407 [01:03<02:33,  6.69it/s, avg=5.53, loss=5.08]Epoch 1 [train]:  27%|█████▉                | 382/1407 [01:03<02:33,  6.69it/s, avg=5.53, loss=4.93]Epoch 1 [train]:  27%|█████▉                | 383/1407 [01:03<02:50,  6.02it/s, avg=5.53, loss=4.93]Epoch 1 [train]:  27%|█████▉                | 383/1407 [01:03<02:50,  6.02it/s, avg=5.53, loss=4.87]Epoch 1 [train]:  27%|██████                | 384/1407 [01:03<02:38,  6.46it/s, avg=5.53, loss=4.87]Epoch 1 [train]:  27%|██████                | 384/1407 [01:03<02:38,  6.46it/s, avg=5.52, loss=5.11]Epoch 1 [train]:  27%|██████                | 385/1407 [01:03<02:35,  6.57it/s, avg=5.52, loss=5.11]Epoch 1 [train]:  27%|██████                | 385/1407 [01:03<02:35,  6.57it/s, avg=5.52, loss=4.86]Epoch 1 [train]:  27%|██████                | 386/1407 [01:03<02:34,  6.62it/s, avg=5.52, loss=4.86]Epoch 1 [train]:  27%|██████                | 386/1407 [01:04<02:34,  6.62it/s, avg=5.52, loss=5.07]Epoch 1 [train]:  28%|██████                | 387/1407 [01:04<02:46,  6.11it/s, avg=5.52, loss=5.07]Epoch 1 [train]:  28%|██████                | 387/1407 [01:04<02:46,  6.11it/s, avg=5.52, loss=5.05]Epoch 1 [train]:  28%|██████                | 388/1407 [01:04<02:41,  6.30it/s, avg=5.52, loss=5.05]Epoch 1 [train]:  28%|██████                | 388/1407 [01:04<02:41,  6.30it/s, avg=5.52, loss=5.06]Epoch 1 [train]:  28%|██████                | 389/1407 [01:04<02:42,  6.27it/s, avg=5.52, loss=5.06]Epoch 1 [train]:  28%|██████                | 389/1407 [01:04<02:42,  6.27it/s, avg=5.52, loss=4.99]Epoch 1 [train]:  28%|██████                | 390/1407 [01:04<02:52,  5.89it/s, avg=5.52, loss=4.99]Epoch 1 [train]:  28%|██████▉                  | 390/1407 [01:04<02:52,  5.89it/s, avg=5.52, loss=5]Epoch 1 [train]:  28%|██████▉                  | 391/1407 [01:04<02:53,  5.84it/s, avg=5.52, loss=5]Epoch 1 [train]:  28%|██████                | 391/1407 [01:04<02:53,  5.84it/s, avg=5.52, loss=5.02]Epoch 1 [train]:  28%|██████▏               | 392/1407 [01:04<02:42,  6.25it/s, avg=5.52, loss=5.02]Epoch 1 [train]:  28%|██████▏               | 392/1407 [01:05<02:42,  6.25it/s, avg=5.51, loss=4.92]Epoch 1 [train]:  28%|██████▏               | 393/1407 [01:05<02:41,  6.28it/s, avg=5.51, loss=4.92]Epoch 1 [train]:  28%|██████▏               | 393/1407 [01:05<02:41,  6.28it/s, avg=5.51, loss=4.88]Epoch 1 [train]:  28%|██████▏               | 394/1407 [01:05<02:39,  6.37it/s, avg=5.51, loss=4.88]Epoch 1 [train]:  28%|██████▏               | 394/1407 [01:05<02:39,  6.37it/s, avg=5.51, loss=4.85]Epoch 1 [train]:  28%|██████▏               | 395/1407 [01:05<02:43,  6.19it/s, avg=5.51, loss=4.85]Epoch 1 [train]:  28%|██████▏               | 395/1407 [01:05<02:43,  6.19it/s, avg=5.51, loss=4.98]Epoch 1 [train]:  28%|██████▏               | 396/1407 [01:05<02:41,  6.26it/s, avg=5.51, loss=4.98]Epoch 1 [train]:  28%|██████▏               | 396/1407 [01:05<02:41,  6.26it/s, avg=5.51, loss=4.97]Epoch 1 [train]:  28%|██████▏               | 397/1407 [01:05<02:42,  6.22it/s, avg=5.51, loss=4.97]Epoch 1 [train]:  28%|██████▏               | 397/1407 [01:05<02:42,  6.22it/s, avg=5.51, loss=5.06]Epoch 1 [train]:  28%|██████▏               | 398/1407 [01:05<02:38,  6.38it/s, avg=5.51, loss=5.06]Epoch 1 [train]:  28%|██████▏               | 398/1407 [01:06<02:38,  6.38it/s, avg=5.51, loss=5.04]Epoch 1 [train]:  28%|██████▏               | 399/1407 [01:06<02:42,  6.21it/s, avg=5.51, loss=5.04][train] epoch=1 batch=400/1407 loss=5.0126 avg=5.5041 gpu_mem=944MB
Epoch 1 [train]:  28%|██████▌                | 399/1407 [01:06<02:42,  6.21it/s, avg=5.5, loss=5.01]Epoch 1 [train]:  28%|██████▌                | 400/1407 [01:06<02:45,  6.10it/s, avg=5.5, loss=5.01]Epoch 1 [train]:  28%|██████▌                | 400/1407 [01:06<02:45,  6.10it/s, avg=5.5, loss=5.19]Epoch 1 [train]:  29%|██████▌                | 401/1407 [01:06<03:00,  5.57it/s, avg=5.5, loss=5.19]Epoch 1 [train]:  29%|██████▌                | 401/1407 [01:06<03:00,  5.57it/s, avg=5.5, loss=4.97]Epoch 1 [train]:  29%|██████▌                | 402/1407 [01:06<03:01,  5.53it/s, avg=5.5, loss=4.97]Epoch 1 [train]:  29%|██████▌                | 402/1407 [01:06<03:01,  5.53it/s, avg=5.5, loss=5.01]Epoch 1 [train]:  29%|██████▌                | 403/1407 [01:06<02:59,  5.58it/s, avg=5.5, loss=5.01]Epoch 1 [train]:  29%|██████▌                | 403/1407 [01:06<02:59,  5.58it/s, avg=5.5, loss=5.11]Epoch 1 [train]:  29%|██████▌                | 404/1407 [01:06<02:58,  5.62it/s, avg=5.5, loss=5.11]Epoch 1 [train]:  29%|██████▌                | 404/1407 [01:07<02:58,  5.62it/s, avg=5.5, loss=5.17]Epoch 1 [train]:  29%|██████▌                | 405/1407 [01:07<02:43,  6.12it/s, avg=5.5, loss=5.17]Epoch 1 [train]:  29%|██████▌                | 405/1407 [01:07<02:43,  6.12it/s, avg=5.5, loss=4.97]Epoch 1 [train]:  29%|██████▋                | 406/1407 [01:07<02:44,  6.08it/s, avg=5.5, loss=4.97]Epoch 1 [train]:  29%|██████▋                | 406/1407 [01:07<02:44,  6.08it/s, avg=5.5, loss=4.75]Epoch 1 [train]:  29%|██████▋                | 407/1407 [01:07<02:42,  6.17it/s, avg=5.5, loss=4.75]Epoch 1 [train]:  29%|██████▋                | 407/1407 [01:07<02:42,  6.17it/s, avg=5.5, loss=5.18]Epoch 1 [train]:  29%|██████▋                | 408/1407 [01:07<02:57,  5.64it/s, avg=5.5, loss=5.18]Epoch 1 [train]:  29%|██████▍               | 408/1407 [01:07<02:57,  5.64it/s, avg=5.49, loss=4.87]Epoch 1 [train]:  29%|██████▍               | 409/1407 [01:07<02:45,  6.02it/s, avg=5.49, loss=4.87]Epoch 1 [train]:  29%|██████▍               | 409/1407 [01:07<02:45,  6.02it/s, avg=5.49, loss=4.88]Epoch 1 [train]:  29%|██████▍               | 410/1407 [01:07<02:39,  6.23it/s, avg=5.49, loss=4.88]Epoch 1 [train]:  29%|██████▍               | 410/1407 [01:08<02:39,  6.23it/s, avg=5.49, loss=4.95]Epoch 1 [train]:  29%|██████▍               | 411/1407 [01:08<02:40,  6.19it/s, avg=5.49, loss=4.95]Epoch 1 [train]:  29%|██████▋                | 411/1407 [01:08<02:40,  6.19it/s, avg=5.49, loss=5.1]Epoch 1 [train]:  29%|██████▋                | 412/1407 [01:08<03:02,  5.45it/s, avg=5.49, loss=5.1]Epoch 1 [train]:  29%|██████▍               | 412/1407 [01:08<03:02,  5.45it/s, avg=5.49, loss=4.78]Epoch 1 [train]:  29%|██████▍               | 413/1407 [01:08<02:48,  5.89it/s, avg=5.49, loss=4.78]Epoch 1 [train]:  29%|██████▍               | 413/1407 [01:08<02:48,  5.89it/s, avg=5.49, loss=4.75]Epoch 1 [train]:  29%|██████▍               | 414/1407 [01:08<02:39,  6.24it/s, avg=5.49, loss=4.75]Epoch 1 [train]:  29%|██████▍               | 414/1407 [01:08<02:39,  6.24it/s, avg=5.49, loss=5.15]Epoch 1 [train]:  29%|██████▍               | 415/1407 [01:08<02:37,  6.30it/s, avg=5.49, loss=5.15]Epoch 1 [train]:  29%|██████▍               | 415/1407 [01:08<02:37,  6.30it/s, avg=5.48, loss=5.05]Epoch 1 [train]:  30%|██████▌               | 416/1407 [01:08<02:35,  6.37it/s, avg=5.48, loss=5.05]Epoch 1 [train]:  30%|██████▌               | 416/1407 [01:09<02:35,  6.37it/s, avg=5.48, loss=5.05]Epoch 1 [train]:  30%|██████▌               | 417/1407 [01:09<02:47,  5.93it/s, avg=5.48, loss=5.05]Epoch 1 [train]:  30%|██████▌               | 417/1407 [01:09<02:47,  5.93it/s, avg=5.48, loss=4.96]Epoch 1 [train]:  30%|██████▌               | 418/1407 [01:09<03:05,  5.33it/s, avg=5.48, loss=4.96]Epoch 1 [train]:  30%|███████▍                 | 418/1407 [01:09<03:05,  5.33it/s, avg=5.48, loss=5]Epoch 1 [train]:  30%|███████▍                 | 419/1407 [01:09<03:04,  5.36it/s, avg=5.48, loss=5]Epoch 1 [train]:  30%|███████▍                 | 419/1407 [01:09<03:04,  5.36it/s, avg=5.48, loss=5]Epoch 1 [train]:  30%|███████▍                 | 420/1407 [01:09<02:57,  5.57it/s, avg=5.48, loss=5]Epoch 1 [train]:  30%|██████▊                | 420/1407 [01:09<02:57,  5.57it/s, avg=5.48, loss=4.8]Epoch 1 [train]:  30%|██████▉                | 421/1407 [01:09<02:51,  5.76it/s, avg=5.48, loss=4.8]Epoch 1 [train]:  30%|██████▌               | 421/1407 [01:09<02:51,  5.76it/s, avg=5.48, loss=5.01]Epoch 1 [train]:  30%|██████▌               | 422/1407 [01:09<02:58,  5.52it/s, avg=5.48, loss=5.01]Epoch 1 [train]:  30%|██████▌               | 422/1407 [01:10<02:58,  5.52it/s, avg=5.48, loss=4.91]Epoch 1 [train]:  30%|██████▌               | 423/1407 [01:10<02:43,  6.02it/s, avg=5.48, loss=4.91]Epoch 1 [train]:  30%|██████▌               | 423/1407 [01:10<02:43,  6.02it/s, avg=5.48, loss=5.14]Epoch 1 [train]:  30%|██████▋               | 424/1407 [01:10<02:38,  6.21it/s, avg=5.48, loss=5.14]Epoch 1 [train]:  30%|██████▋               | 424/1407 [01:10<02:38,  6.21it/s, avg=5.47, loss=5.05]Epoch 1 [train]:  30%|██████▋               | 425/1407 [01:10<02:45,  5.92it/s, avg=5.47, loss=5.05]Epoch 1 [train]:  30%|██████▋               | 425/1407 [01:10<02:45,  5.92it/s, avg=5.47, loss=4.91]Epoch 1 [train]:  30%|██████▋               | 426/1407 [01:10<02:41,  6.07it/s, avg=5.47, loss=4.91]Epoch 1 [train]:  30%|██████▋               | 426/1407 [01:10<02:41,  6.07it/s, avg=5.47, loss=4.86]Epoch 1 [train]:  30%|██████▋               | 427/1407 [01:10<02:29,  6.56it/s, avg=5.47, loss=4.86]Epoch 1 [train]:  30%|██████▉                | 427/1407 [01:10<02:29,  6.56it/s, avg=5.47, loss=5.1]Epoch 1 [train]:  30%|██████▉                | 428/1407 [01:10<02:14,  7.27it/s, avg=5.47, loss=5.1]Epoch 1 [train]:  30%|██████▋               | 428/1407 [01:10<02:14,  7.27it/s, avg=5.47, loss=4.94]Epoch 1 [train]:  30%|██████▋               | 429/1407 [01:10<02:16,  7.14it/s, avg=5.47, loss=4.94]Epoch 1 [train]:  30%|██████▋               | 429/1407 [01:11<02:16,  7.14it/s, avg=5.47, loss=4.84]Epoch 1 [train]:  31%|██████▋               | 430/1407 [01:11<02:15,  7.22it/s, avg=5.47, loss=4.84]Epoch 1 [train]:  31%|██████▋               | 430/1407 [01:11<02:15,  7.22it/s, avg=5.47, loss=5.03]Epoch 1 [train]:  31%|██████▋               | 431/1407 [01:11<02:33,  6.36it/s, avg=5.47, loss=5.03]Epoch 1 [train]:  31%|██████▋               | 431/1407 [01:11<02:33,  6.36it/s, avg=5.47, loss=4.99]Epoch 1 [train]:  31%|██████▊               | 432/1407 [01:11<02:42,  5.99it/s, avg=5.47, loss=4.99]Epoch 1 [train]:  31%|██████▊               | 432/1407 [01:11<02:42,  5.99it/s, avg=5.46, loss=4.85]Epoch 1 [train]:  31%|██████▊               | 433/1407 [01:11<02:40,  6.06it/s, avg=5.46, loss=4.85]Epoch 1 [train]:  31%|██████▊               | 433/1407 [01:11<02:40,  6.06it/s, avg=5.46, loss=4.82]Epoch 1 [train]:  31%|██████▊               | 434/1407 [01:11<02:35,  6.26it/s, avg=5.46, loss=4.82]Epoch 1 [train]:  31%|██████▊               | 434/1407 [01:11<02:35,  6.26it/s, avg=5.46, loss=4.81]Epoch 1 [train]:  31%|██████▊               | 435/1407 [01:11<02:35,  6.25it/s, avg=5.46, loss=4.81]Epoch 1 [train]:  31%|███████                | 435/1407 [01:12<02:35,  6.25it/s, avg=5.46, loss=4.9]Epoch 1 [train]:  31%|███████▏               | 436/1407 [01:12<02:32,  6.35it/s, avg=5.46, loss=4.9]Epoch 1 [train]:  31%|██████▊               | 436/1407 [01:12<02:32,  6.35it/s, avg=5.46, loss=4.87]Epoch 1 [train]:  31%|██████▊               | 437/1407 [01:12<02:38,  6.10it/s, avg=5.46, loss=4.87]Epoch 1 [train]:  31%|██████▊               | 437/1407 [01:12<02:38,  6.10it/s, avg=5.46, loss=4.98]Epoch 1 [train]:  31%|██████▊               | 438/1407 [01:12<02:56,  5.50it/s, avg=5.46, loss=4.98]Epoch 1 [train]:  31%|███████▏               | 438/1407 [01:12<02:56,  5.50it/s, avg=5.46, loss=4.8]Epoch 1 [train]:  31%|███████▏               | 439/1407 [01:12<02:50,  5.69it/s, avg=5.46, loss=4.8]Epoch 1 [train]:  31%|██████▊               | 439/1407 [01:12<02:50,  5.69it/s, avg=5.45, loss=4.99]Epoch 1 [train]:  31%|██████▉               | 440/1407 [01:12<02:51,  5.65it/s, avg=5.45, loss=4.99]Epoch 1 [train]:  31%|██████▉               | 440/1407 [01:13<02:51,  5.65it/s, avg=5.45, loss=5.13]Epoch 1 [train]:  31%|██████▉               | 441/1407 [01:13<02:39,  6.06it/s, avg=5.45, loss=5.13]Epoch 1 [train]:  31%|██████▉               | 441/1407 [01:13<02:39,  6.06it/s, avg=5.45, loss=4.79]Epoch 1 [train]:  31%|██████▉               | 442/1407 [01:13<02:34,  6.24it/s, avg=5.45, loss=4.79]Epoch 1 [train]:  31%|██████▉               | 442/1407 [01:13<02:34,  6.24it/s, avg=5.45, loss=5.02]Epoch 1 [train]:  31%|██████▉               | 443/1407 [01:13<02:35,  6.21it/s, avg=5.45, loss=5.02]Epoch 1 [train]:  31%|███████▏               | 443/1407 [01:13<02:35,  6.21it/s, avg=5.45, loss=4.9]Epoch 1 [train]:  32%|███████▎               | 444/1407 [01:13<02:33,  6.28it/s, avg=5.45, loss=4.9]Epoch 1 [train]:  32%|██████▉               | 444/1407 [01:13<02:33,  6.28it/s, avg=5.45, loss=4.98]Epoch 1 [train]:  32%|██████▉               | 445/1407 [01:13<02:28,  6.47it/s, avg=5.45, loss=4.98]Epoch 1 [train]:  32%|██████▉               | 445/1407 [01:13<02:28,  6.47it/s, avg=5.45, loss=5.03]Epoch 1 [train]:  32%|██████▉               | 446/1407 [01:13<02:29,  6.44it/s, avg=5.45, loss=5.03]Epoch 1 [train]:  32%|██████▉               | 446/1407 [01:13<02:29,  6.44it/s, avg=5.45, loss=4.86]Epoch 1 [train]:  32%|██████▉               | 447/1407 [01:13<02:38,  6.05it/s, avg=5.45, loss=4.86]Epoch 1 [train]:  32%|███████▎               | 447/1407 [01:14<02:38,  6.05it/s, avg=5.45, loss=4.9]Epoch 1 [train]:  32%|███████▎               | 448/1407 [01:14<02:46,  5.74it/s, avg=5.45, loss=4.9]Epoch 1 [train]:  32%|███████               | 448/1407 [01:14<02:46,  5.74it/s, avg=5.44, loss=4.77]Epoch 1 [train]:  32%|███████               | 449/1407 [01:14<02:53,  5.53it/s, avg=5.44, loss=4.77]Epoch 1 [train]:  32%|███████               | 449/1407 [01:14<02:53,  5.53it/s, avg=5.44, loss=5.19]Epoch 1 [train]:  32%|███████               | 450/1407 [01:14<02:49,  5.63it/s, avg=5.44, loss=5.19]Epoch 1 [train]:  32%|███████               | 450/1407 [01:14<02:49,  5.63it/s, avg=5.44, loss=4.97]Epoch 1 [train]:  32%|███████               | 451/1407 [01:14<02:48,  5.69it/s, avg=5.44, loss=4.97]Epoch 1 [train]:  32%|███████               | 451/1407 [01:14<02:48,  5.69it/s, avg=5.44, loss=4.98]Epoch 1 [train]:  32%|███████               | 452/1407 [01:14<02:44,  5.80it/s, avg=5.44, loss=4.98]Epoch 1 [train]:  32%|███████               | 452/1407 [01:15<02:44,  5.80it/s, avg=5.44, loss=4.94]Epoch 1 [train]:  32%|███████               | 453/1407 [01:15<02:42,  5.85it/s, avg=5.44, loss=4.94]Epoch 1 [train]:  32%|███████               | 453/1407 [01:15<02:42,  5.85it/s, avg=5.44, loss=4.92]Epoch 1 [train]:  32%|███████               | 454/1407 [01:15<02:37,  6.04it/s, avg=5.44, loss=4.92]Epoch 1 [train]:  32%|███████               | 454/1407 [01:15<02:37,  6.04it/s, avg=5.44, loss=4.84]Epoch 1 [train]:  32%|███████               | 455/1407 [01:15<02:34,  6.15it/s, avg=5.44, loss=4.84]Epoch 1 [train]:  32%|███████               | 455/1407 [01:15<02:34,  6.15it/s, avg=5.44, loss=4.81]Epoch 1 [train]:  32%|███████▏              | 456/1407 [01:15<02:39,  5.95it/s, avg=5.44, loss=4.81]Epoch 1 [train]:  32%|███████▏              | 456/1407 [01:15<02:39,  5.95it/s, avg=5.44, loss=4.81]Epoch 1 [train]:  32%|███████▏              | 457/1407 [01:15<02:47,  5.68it/s, avg=5.44, loss=4.81]Epoch 1 [train]:  32%|███████▏              | 457/1407 [01:15<02:47,  5.68it/s, avg=5.43, loss=4.88]Epoch 1 [train]:  33%|███████▏              | 458/1407 [01:15<02:46,  5.68it/s, avg=5.43, loss=4.88]Epoch 1 [train]:  33%|███████▏              | 458/1407 [01:16<02:46,  5.68it/s, avg=5.43, loss=4.78]Epoch 1 [train]:  33%|███████▏              | 459/1407 [01:16<02:41,  5.85it/s, avg=5.43, loss=4.78]Epoch 1 [train]:  33%|███████▏              | 459/1407 [01:16<02:41,  5.85it/s, avg=5.43, loss=4.88]Epoch 1 [train]:  33%|███████▏              | 460/1407 [01:16<02:37,  6.03it/s, avg=5.43, loss=4.88]Epoch 1 [train]:  33%|███████▏              | 460/1407 [01:16<02:37,  6.03it/s, avg=5.43, loss=4.75]Epoch 1 [train]:  33%|███████▏              | 461/1407 [01:16<02:35,  6.08it/s, avg=5.43, loss=4.75]Epoch 1 [train]:  33%|███████▌               | 461/1407 [01:16<02:35,  6.08it/s, avg=5.43, loss=4.8]Epoch 1 [train]:  33%|███████▌               | 462/1407 [01:16<02:54,  5.41it/s, avg=5.43, loss=4.8]Epoch 1 [train]:  33%|███████▏              | 462/1407 [01:16<02:54,  5.41it/s, avg=5.43, loss=4.69]Epoch 1 [train]:  33%|███████▏              | 463/1407 [01:16<02:52,  5.47it/s, avg=5.43, loss=4.69]Epoch 1 [train]:  33%|███████▏              | 463/1407 [01:16<02:52,  5.47it/s, avg=5.43, loss=4.92]Epoch 1 [train]:  33%|███████▎              | 464/1407 [01:16<02:42,  5.80it/s, avg=5.43, loss=4.92]Epoch 1 [train]:  33%|███████▎              | 464/1407 [01:17<02:42,  5.80it/s, avg=5.42, loss=4.93]Epoch 1 [train]:  33%|███████▎              | 465/1407 [01:17<02:59,  5.26it/s, avg=5.42, loss=4.93]Epoch 1 [train]:  33%|███████▎              | 465/1407 [01:17<02:59,  5.26it/s, avg=5.42, loss=4.77]Epoch 1 [train]:  33%|███████▎              | 466/1407 [01:17<02:53,  5.43it/s, avg=5.42, loss=4.77]Epoch 1 [train]:  33%|███████▎              | 466/1407 [01:17<02:53,  5.43it/s, avg=5.42, loss=4.86]Epoch 1 [train]:  33%|███████▎              | 467/1407 [01:17<02:47,  5.62it/s, avg=5.42, loss=4.86]Epoch 1 [train]:  33%|███████▎              | 467/1407 [01:17<02:47,  5.62it/s, avg=5.42, loss=5.05]Epoch 1 [train]:  33%|███████▎              | 468/1407 [01:17<02:49,  5.56it/s, avg=5.42, loss=5.05]Epoch 1 [train]:  33%|███████▎              | 468/1407 [01:17<02:49,  5.56it/s, avg=5.42, loss=4.84]Epoch 1 [train]:  33%|███████▎              | 469/1407 [01:17<02:45,  5.66it/s, avg=5.42, loss=4.84]Epoch 1 [train]:  33%|███████▎              | 469/1407 [01:18<02:45,  5.66it/s, avg=5.42, loss=4.88]Epoch 1 [train]:  33%|███████▎              | 470/1407 [01:18<02:44,  5.70it/s, avg=5.42, loss=4.88]Epoch 1 [train]:  33%|███████▎              | 470/1407 [01:18<02:44,  5.70it/s, avg=5.42, loss=4.84]Epoch 1 [train]:  33%|███████▎              | 471/1407 [01:18<02:46,  5.61it/s, avg=5.42, loss=4.84]Epoch 1 [train]:  33%|███████▎              | 471/1407 [01:18<02:46,  5.61it/s, avg=5.42, loss=4.66]Epoch 1 [train]:  34%|███████▍              | 472/1407 [01:18<02:37,  5.94it/s, avg=5.42, loss=4.66]Epoch 1 [train]:  34%|███████▍              | 472/1407 [01:18<02:37,  5.94it/s, avg=5.42, loss=4.92]Epoch 1 [train]:  34%|███████▍              | 473/1407 [01:18<02:38,  5.89it/s, avg=5.42, loss=4.92]Epoch 1 [train]:  34%|████████▍                | 473/1407 [01:18<02:38,  5.89it/s, avg=5.41, loss=5]Epoch 1 [train]:  34%|████████▍                | 474/1407 [01:18<02:43,  5.71it/s, avg=5.41, loss=5]Epoch 1 [train]:  34%|███████▍              | 474/1407 [01:18<02:43,  5.71it/s, avg=5.41, loss=4.99]Epoch 1 [train]:  34%|███████▍              | 475/1407 [01:18<02:58,  5.21it/s, avg=5.41, loss=4.99]Epoch 1 [train]:  34%|███████▍              | 475/1407 [01:19<02:58,  5.21it/s, avg=5.41, loss=4.73]Epoch 1 [train]:  34%|███████▍              | 476/1407 [01:19<02:48,  5.53it/s, avg=5.41, loss=4.73]Epoch 1 [train]:  34%|███████▍              | 476/1407 [01:19<02:48,  5.53it/s, avg=5.41, loss=4.97]Epoch 1 [train]:  34%|███████▍              | 477/1407 [01:19<02:51,  5.41it/s, avg=5.41, loss=4.97]Epoch 1 [train]:  34%|███████▍              | 477/1407 [01:19<02:51,  5.41it/s, avg=5.41, loss=4.75]Epoch 1 [train]:  34%|███████▍              | 478/1407 [01:19<02:51,  5.43it/s, avg=5.41, loss=4.75]Epoch 1 [train]:  34%|███████▊               | 478/1407 [01:19<02:51,  5.43it/s, avg=5.41, loss=4.7]Epoch 1 [train]:  34%|███████▊               | 479/1407 [01:19<02:44,  5.65it/s, avg=5.41, loss=4.7]Epoch 1 [train]:  34%|███████▍              | 479/1407 [01:19<02:44,  5.65it/s, avg=5.41, loss=5.07]Epoch 1 [train]:  34%|███████▌              | 480/1407 [01:19<02:59,  5.16it/s, avg=5.41, loss=5.07]Epoch 1 [train]:  34%|███████▌              | 480/1407 [01:20<02:59,  5.16it/s, avg=5.41, loss=4.78]Epoch 1 [train]:  34%|███████▌              | 481/1407 [01:20<02:50,  5.45it/s, avg=5.41, loss=4.78]Epoch 1 [train]:  34%|███████▌              | 481/1407 [01:20<02:50,  5.45it/s, avg=5.41, loss=4.87]Epoch 1 [train]:  34%|███████▌              | 482/1407 [01:20<02:41,  5.74it/s, avg=5.41, loss=4.87]Epoch 1 [train]:  34%|███████▉               | 482/1407 [01:20<02:41,  5.74it/s, avg=5.4, loss=4.95]Epoch 1 [train]:  34%|███████▉               | 483/1407 [01:20<02:36,  5.91it/s, avg=5.4, loss=4.95]Epoch 1 [train]:  34%|███████▉               | 483/1407 [01:20<02:36,  5.91it/s, avg=5.4, loss=4.88]Epoch 1 [train]:  34%|███████▉               | 484/1407 [01:20<02:29,  6.16it/s, avg=5.4, loss=4.88]Epoch 1 [train]:  34%|███████▉               | 484/1407 [01:20<02:29,  6.16it/s, avg=5.4, loss=4.94]Epoch 1 [train]:  34%|███████▉               | 485/1407 [01:20<02:24,  6.37it/s, avg=5.4, loss=4.94]Epoch 1 [train]:  34%|███████▉               | 485/1407 [01:20<02:24,  6.37it/s, avg=5.4, loss=5.12]Epoch 1 [train]:  35%|███████▉               | 486/1407 [01:20<02:32,  6.05it/s, avg=5.4, loss=5.12]Epoch 1 [train]:  35%|███████▉               | 486/1407 [01:20<02:32,  6.05it/s, avg=5.4, loss=4.74]Epoch 1 [train]:  35%|███████▉               | 487/1407 [01:20<02:21,  6.50it/s, avg=5.4, loss=4.74]Epoch 1 [train]:  35%|███████▉               | 487/1407 [01:21<02:21,  6.50it/s, avg=5.4, loss=5.18]Epoch 1 [train]:  35%|███████▉               | 488/1407 [01:21<02:22,  6.44it/s, avg=5.4, loss=5.18]Epoch 1 [train]:  35%|███████▉               | 488/1407 [01:21<02:22,  6.44it/s, avg=5.4, loss=4.95]Epoch 1 [train]:  35%|███████▉               | 489/1407 [01:21<02:27,  6.20it/s, avg=5.4, loss=4.95]Epoch 1 [train]:  35%|███████▉               | 489/1407 [01:21<02:27,  6.20it/s, avg=5.4, loss=5.01]Epoch 1 [train]:  35%|████████               | 490/1407 [01:21<02:23,  6.39it/s, avg=5.4, loss=5.01]Epoch 1 [train]:  35%|████████               | 490/1407 [01:21<02:23,  6.39it/s, avg=5.4, loss=4.78]Epoch 1 [train]:  35%|████████               | 491/1407 [01:21<02:39,  5.73it/s, avg=5.4, loss=4.78]Epoch 1 [train]:  35%|████████               | 491/1407 [01:21<02:39,  5.73it/s, avg=5.4, loss=4.73]Epoch 1 [train]:  35%|████████               | 492/1407 [01:21<02:33,  5.96it/s, avg=5.4, loss=4.73]Epoch 1 [train]:  35%|███████▋              | 492/1407 [01:21<02:33,  5.96it/s, avg=5.39, loss=4.85]Epoch 1 [train]:  35%|███████▋              | 493/1407 [01:21<02:31,  6.04it/s, avg=5.39, loss=4.85]Epoch 1 [train]:  35%|███████▋              | 493/1407 [01:22<02:31,  6.04it/s, avg=5.39, loss=4.95]Epoch 1 [train]:  35%|███████▋              | 494/1407 [01:22<02:31,  6.01it/s, avg=5.39, loss=4.95]Epoch 1 [train]:  35%|███████▋              | 494/1407 [01:22<02:31,  6.01it/s, avg=5.39, loss=4.75]Epoch 1 [train]:  35%|███████▋              | 495/1407 [01:22<02:26,  6.21it/s, avg=5.39, loss=4.75]Epoch 1 [train]:  35%|███████▋              | 495/1407 [01:22<02:26,  6.21it/s, avg=5.39, loss=4.77]Epoch 1 [train]:  35%|███████▊              | 496/1407 [01:22<02:22,  6.40it/s, avg=5.39, loss=4.77]Epoch 1 [train]:  35%|███████▊              | 496/1407 [01:22<02:22,  6.40it/s, avg=5.39, loss=4.76]Epoch 1 [train]:  35%|███████▊              | 497/1407 [01:22<02:20,  6.48it/s, avg=5.39, loss=4.76]Epoch 1 [train]:  35%|████████               | 497/1407 [01:22<02:20,  6.48it/s, avg=5.39, loss=4.7]Epoch 1 [train]:  35%|████████▏              | 498/1407 [01:22<02:30,  6.02it/s, avg=5.39, loss=4.7]Epoch 1 [train]:  35%|███████▊              | 498/1407 [01:22<02:30,  6.02it/s, avg=5.39, loss=5.04]Epoch 1 [train]:  35%|███████▊              | 499/1407 [01:22<02:29,  6.08it/s, avg=5.39, loss=5.04][train] epoch=1 batch=500/1407 loss=4.7631 avg=5.3863 gpu_mem=1007MB
Epoch 1 [train]:  35%|███████▊              | 499/1407 [01:23<02:29,  6.08it/s, avg=5.39, loss=4.76]Epoch 1 [train]:  36%|███████▊              | 500/1407 [01:23<02:34,  5.87it/s, avg=5.39, loss=4.76]Epoch 1 [train]:  36%|███████▊              | 500/1407 [01:23<02:34,  5.87it/s, avg=5.39, loss=4.84]Epoch 1 [train]:  36%|███████▊              | 501/1407 [01:23<02:36,  5.81it/s, avg=5.39, loss=4.84]Epoch 1 [train]:  36%|███████▊              | 501/1407 [01:23<02:36,  5.81it/s, avg=5.38, loss=4.66]Epoch 1 [train]:  36%|███████▊              | 502/1407 [01:23<02:34,  5.84it/s, avg=5.38, loss=4.66]Epoch 1 [train]:  36%|███████▊              | 502/1407 [01:23<02:34,  5.84it/s, avg=5.38, loss=4.64]Epoch 1 [train]:  36%|███████▊              | 503/1407 [01:23<02:39,  5.67it/s, avg=5.38, loss=4.64]Epoch 1 [train]:  36%|███████▊              | 503/1407 [01:23<02:39,  5.67it/s, avg=5.38, loss=4.82]Epoch 1 [train]:  36%|███████▉              | 504/1407 [01:23<02:43,  5.52it/s, avg=5.38, loss=4.82]Epoch 1 [train]:  36%|████████▏              | 504/1407 [01:24<02:43,  5.52it/s, avg=5.38, loss=4.8]Epoch 1 [train]:  36%|████████▎              | 505/1407 [01:24<02:47,  5.38it/s, avg=5.38, loss=4.8]Epoch 1 [train]:  36%|███████▉              | 505/1407 [01:24<02:47,  5.38it/s, avg=5.38, loss=4.85]Epoch 1 [train]:  36%|███████▉              | 506/1407 [01:24<02:38,  5.69it/s, avg=5.38, loss=4.85]Epoch 1 [train]:  36%|████████▎              | 506/1407 [01:24<02:38,  5.69it/s, avg=5.38, loss=4.8]Epoch 1 [train]:  36%|████████▎              | 507/1407 [01:24<02:37,  5.72it/s, avg=5.38, loss=4.8]Epoch 1 [train]:  36%|███████▉              | 507/1407 [01:24<02:37,  5.72it/s, avg=5.38, loss=4.74]Epoch 1 [train]:  36%|███████▉              | 508/1407 [01:24<02:29,  6.00it/s, avg=5.38, loss=4.74]Epoch 1 [train]:  36%|███████▉              | 508/1407 [01:24<02:29,  6.00it/s, avg=5.38, loss=4.84]Epoch 1 [train]:  36%|███████▉              | 509/1407 [01:24<02:36,  5.74it/s, avg=5.38, loss=4.84]Epoch 1 [train]:  36%|███████▉              | 509/1407 [01:24<02:36,  5.74it/s, avg=5.37, loss=4.75]Epoch 1 [train]:  36%|███████▉              | 510/1407 [01:24<02:24,  6.21it/s, avg=5.37, loss=4.75]Epoch 1 [train]:  36%|███████▉              | 510/1407 [01:24<02:24,  6.21it/s, avg=5.37, loss=4.95]Epoch 1 [train]:  36%|███████▉              | 511/1407 [01:24<02:24,  6.21it/s, avg=5.37, loss=4.95]Epoch 1 [train]:  36%|███████▉              | 511/1407 [01:25<02:24,  6.21it/s, avg=5.37, loss=4.85]Epoch 1 [train]:  36%|████████              | 512/1407 [01:25<02:36,  5.72it/s, avg=5.37, loss=4.85]Epoch 1 [train]:  36%|████████              | 512/1407 [01:25<02:36,  5.72it/s, avg=5.37, loss=4.83]Epoch 1 [train]:  36%|████████              | 513/1407 [01:25<02:39,  5.60it/s, avg=5.37, loss=4.83]Epoch 1 [train]:  36%|████████              | 513/1407 [01:25<02:39,  5.60it/s, avg=5.37, loss=4.91]Epoch 1 [train]:  37%|████████              | 514/1407 [01:25<02:27,  6.07it/s, avg=5.37, loss=4.91]Epoch 1 [train]:  37%|████████              | 514/1407 [01:25<02:27,  6.07it/s, avg=5.37, loss=4.84]Epoch 1 [train]:  37%|████████              | 515/1407 [01:25<02:23,  6.21it/s, avg=5.37, loss=4.84]Epoch 1 [train]:  37%|████████              | 515/1407 [01:25<02:23,  6.21it/s, avg=5.37, loss=4.99]Epoch 1 [train]:  37%|████████              | 516/1407 [01:25<02:29,  5.94it/s, avg=5.37, loss=4.99]Epoch 1 [train]:  37%|████████              | 516/1407 [01:26<02:29,  5.94it/s, avg=5.37, loss=4.73]Epoch 1 [train]:  37%|████████              | 517/1407 [01:26<02:28,  5.98it/s, avg=5.37, loss=4.73]Epoch 1 [train]:  37%|████████              | 517/1407 [01:26<02:28,  5.98it/s, avg=5.37, loss=4.83]Epoch 1 [train]:  37%|████████              | 518/1407 [01:26<02:25,  6.13it/s, avg=5.37, loss=4.83]Epoch 1 [train]:  37%|████████              | 518/1407 [01:26<02:25,  6.13it/s, avg=5.37, loss=4.83]Epoch 1 [train]:  37%|████████              | 519/1407 [01:26<02:26,  6.07it/s, avg=5.37, loss=4.83]Epoch 1 [train]:  37%|████████              | 519/1407 [01:26<02:26,  6.07it/s, avg=5.36, loss=4.79]Epoch 1 [train]:  37%|████████▏             | 520/1407 [01:26<02:15,  6.52it/s, avg=5.36, loss=4.79]Epoch 1 [train]:  37%|████████▏             | 520/1407 [01:26<02:15,  6.52it/s, avg=5.36, loss=4.93]Epoch 1 [train]:  37%|████████▏             | 521/1407 [01:26<02:07,  6.94it/s, avg=5.36, loss=4.93]Epoch 1 [train]:  37%|████████▏             | 521/1407 [01:26<02:07,  6.94it/s, avg=5.36, loss=4.85]Epoch 1 [train]:  37%|████████▏             | 522/1407 [01:26<02:06,  6.99it/s, avg=5.36, loss=4.85]Epoch 1 [train]:  37%|████████▏             | 522/1407 [01:26<02:06,  6.99it/s, avg=5.36, loss=4.79]Epoch 1 [train]:  37%|████████▏             | 523/1407 [01:26<02:18,  6.38it/s, avg=5.36, loss=4.79]Epoch 1 [train]:  37%|████████▏             | 523/1407 [01:27<02:18,  6.38it/s, avg=5.36, loss=4.85]Epoch 1 [train]:  37%|████████▏             | 524/1407 [01:27<02:21,  6.26it/s, avg=5.36, loss=4.85]Epoch 1 [train]:  37%|████████▏             | 524/1407 [01:27<02:21,  6.26it/s, avg=5.36, loss=4.86]Epoch 1 [train]:  37%|████████▏             | 525/1407 [01:27<02:23,  6.15it/s, avg=5.36, loss=4.86]Epoch 1 [train]:  37%|████████▏             | 525/1407 [01:27<02:23,  6.15it/s, avg=5.36, loss=4.87]Epoch 1 [train]:  37%|████████▏             | 526/1407 [01:27<02:18,  6.36it/s, avg=5.36, loss=4.87]Epoch 1 [train]:  37%|████████▏             | 526/1407 [01:27<02:18,  6.36it/s, avg=5.36, loss=4.89]Epoch 1 [train]:  37%|████████▏             | 527/1407 [01:27<02:28,  5.93it/s, avg=5.36, loss=4.89]Epoch 1 [train]:  37%|████████▌              | 527/1407 [01:27<02:28,  5.93it/s, avg=5.36, loss=4.9]Epoch 1 [train]:  38%|████████▋              | 528/1407 [01:27<02:29,  5.86it/s, avg=5.36, loss=4.9]Epoch 1 [train]:  38%|████████▎             | 528/1407 [01:27<02:29,  5.86it/s, avg=5.36, loss=4.71]Epoch 1 [train]:  38%|████████▎             | 529/1407 [01:27<02:26,  5.98it/s, avg=5.36, loss=4.71]Epoch 1 [train]:  38%|████████▎             | 529/1407 [01:28<02:26,  5.98it/s, avg=5.35, loss=4.74]Epoch 1 [train]:  38%|████████▎             | 530/1407 [01:28<02:30,  5.84it/s, avg=5.35, loss=4.74]Epoch 1 [train]:  38%|████████▎             | 530/1407 [01:28<02:30,  5.84it/s, avg=5.35, loss=4.87]Epoch 1 [train]:  38%|████████▎             | 531/1407 [01:28<02:45,  5.28it/s, avg=5.35, loss=4.87]Epoch 1 [train]:  38%|████████▎             | 531/1407 [01:28<02:45,  5.28it/s, avg=5.35, loss=4.62]Epoch 1 [train]:  38%|████████▎             | 532/1407 [01:28<02:51,  5.11it/s, avg=5.35, loss=4.62]Epoch 1 [train]:  38%|████████▎             | 532/1407 [01:28<02:51,  5.11it/s, avg=5.35, loss=4.72]Epoch 1 [train]:  38%|████████▎             | 533/1407 [01:28<02:41,  5.42it/s, avg=5.35, loss=4.72]Epoch 1 [train]:  38%|████████▋              | 533/1407 [01:28<02:41,  5.42it/s, avg=5.35, loss=4.8]Epoch 1 [train]:  38%|████████▋              | 534/1407 [01:28<02:35,  5.62it/s, avg=5.35, loss=4.8]Epoch 1 [train]:  38%|████████▎             | 534/1407 [01:29<02:35,  5.62it/s, avg=5.35, loss=4.95]Epoch 1 [train]:  38%|████████▎             | 535/1407 [01:29<02:33,  5.70it/s, avg=5.35, loss=4.95]Epoch 1 [train]:  38%|████████▎             | 535/1407 [01:29<02:33,  5.70it/s, avg=5.35, loss=4.73]Epoch 1 [train]:  38%|████████▍             | 536/1407 [01:29<02:22,  6.10it/s, avg=5.35, loss=4.73]Epoch 1 [train]:  38%|████████▍             | 536/1407 [01:29<02:22,  6.10it/s, avg=5.35, loss=5.03]Epoch 1 [train]:  38%|████████▍             | 537/1407 [01:29<02:19,  6.24it/s, avg=5.35, loss=5.03]Epoch 1 [train]:  38%|████████▍             | 537/1407 [01:29<02:19,  6.24it/s, avg=5.35, loss=4.79]Epoch 1 [train]:  38%|████████▍             | 538/1407 [01:29<02:18,  6.28it/s, avg=5.35, loss=4.79]Epoch 1 [train]:  38%|████████▍             | 538/1407 [01:29<02:18,  6.28it/s, avg=5.35, loss=4.85]Epoch 1 [train]:  38%|████████▍             | 539/1407 [01:29<02:11,  6.59it/s, avg=5.35, loss=4.85]Epoch 1 [train]:  38%|████████▍             | 539/1407 [01:29<02:11,  6.59it/s, avg=5.34, loss=4.92]Epoch 1 [train]:  38%|████████▍             | 540/1407 [01:29<02:21,  6.15it/s, avg=5.34, loss=4.92]Epoch 1 [train]:  38%|████████▍             | 540/1407 [01:29<02:21,  6.15it/s, avg=5.34, loss=4.76]Epoch 1 [train]:  38%|████████▍             | 541/1407 [01:29<02:29,  5.79it/s, avg=5.34, loss=4.76]Epoch 1 [train]:  38%|████████▍             | 541/1407 [01:30<02:29,  5.79it/s, avg=5.34, loss=4.86]Epoch 1 [train]:  39%|████████▍             | 542/1407 [01:30<02:36,  5.53it/s, avg=5.34, loss=4.86]Epoch 1 [train]:  39%|████████▍             | 542/1407 [01:30<02:36,  5.53it/s, avg=5.34, loss=4.69]Epoch 1 [train]:  39%|████████▍             | 543/1407 [01:30<02:20,  6.13it/s, avg=5.34, loss=4.69]Epoch 1 [train]:  39%|████████▍             | 543/1407 [01:30<02:20,  6.13it/s, avg=5.34, loss=4.89]Epoch 1 [train]:  39%|████████▌             | 544/1407 [01:30<02:31,  5.69it/s, avg=5.34, loss=4.89]Epoch 1 [train]:  39%|████████▌             | 544/1407 [01:30<02:31,  5.69it/s, avg=5.34, loss=4.77]Epoch 1 [train]:  39%|████████▌             | 545/1407 [01:30<02:35,  5.55it/s, avg=5.34, loss=4.77]Epoch 1 [train]:  39%|████████▌             | 545/1407 [01:30<02:35,  5.55it/s, avg=5.34, loss=4.78]Epoch 1 [train]:  39%|████████▌             | 546/1407 [01:30<02:26,  5.89it/s, avg=5.34, loss=4.78]Epoch 1 [train]:  39%|████████▌             | 546/1407 [01:31<02:26,  5.89it/s, avg=5.34, loss=4.93]Epoch 1 [train]:  39%|████████▌             | 547/1407 [01:31<02:42,  5.30it/s, avg=5.34, loss=4.93]Epoch 1 [train]:  39%|████████▌             | 547/1407 [01:31<02:42,  5.30it/s, avg=5.34, loss=4.99]Epoch 1 [train]:  39%|████████▌             | 548/1407 [01:31<02:45,  5.18it/s, avg=5.34, loss=4.99]Epoch 1 [train]:  39%|████████▉              | 548/1407 [01:31<02:45,  5.18it/s, avg=5.34, loss=4.7]Epoch 1 [train]:  39%|████████▉              | 549/1407 [01:31<02:35,  5.53it/s, avg=5.34, loss=4.7]Epoch 1 [train]:  39%|████████▌             | 549/1407 [01:31<02:35,  5.53it/s, avg=5.34, loss=4.82]Epoch 1 [train]:  39%|████████▌             | 550/1407 [01:31<02:41,  5.31it/s, avg=5.34, loss=4.82]Epoch 1 [train]:  39%|████████▌             | 550/1407 [01:31<02:41,  5.31it/s, avg=5.33, loss=4.86]Epoch 1 [train]:  39%|████████▌             | 551/1407 [01:31<02:46,  5.13it/s, avg=5.33, loss=4.86]Epoch 1 [train]:  39%|████████▌             | 551/1407 [01:32<02:46,  5.13it/s, avg=5.33, loss=4.83]Epoch 1 [train]:  39%|████████▋             | 552/1407 [01:32<02:36,  5.45it/s, avg=5.33, loss=4.83]Epoch 1 [train]:  39%|████████▋             | 552/1407 [01:32<02:36,  5.45it/s, avg=5.33, loss=4.75]Epoch 1 [train]:  39%|████████▋             | 553/1407 [01:32<02:33,  5.58it/s, avg=5.33, loss=4.75]Epoch 1 [train]:  39%|████████▋             | 553/1407 [01:32<02:33,  5.58it/s, avg=5.33, loss=4.61]Epoch 1 [train]:  39%|████████▋             | 554/1407 [01:32<02:27,  5.79it/s, avg=5.33, loss=4.61]Epoch 1 [train]:  39%|████████▋             | 554/1407 [01:32<02:27,  5.79it/s, avg=5.33, loss=4.79]Epoch 1 [train]:  39%|████████▋             | 555/1407 [01:32<02:19,  6.11it/s, avg=5.33, loss=4.79]Epoch 1 [train]:  39%|████████▋             | 555/1407 [01:32<02:19,  6.11it/s, avg=5.33, loss=4.89]Epoch 1 [train]:  40%|████████▋             | 556/1407 [01:32<02:14,  6.34it/s, avg=5.33, loss=4.89]Epoch 1 [train]:  40%|████████▋             | 556/1407 [01:32<02:14,  6.34it/s, avg=5.33, loss=4.55]Epoch 1 [train]:  40%|████████▋             | 557/1407 [01:32<02:22,  5.95it/s, avg=5.33, loss=4.55]Epoch 1 [train]:  40%|████████▋             | 557/1407 [01:33<02:22,  5.95it/s, avg=5.33, loss=4.87]Epoch 1 [train]:  40%|████████▋             | 558/1407 [01:33<02:28,  5.72it/s, avg=5.33, loss=4.87]Epoch 1 [train]:  40%|████████▋             | 558/1407 [01:33<02:28,  5.72it/s, avg=5.33, loss=4.71]Epoch 1 [train]:  40%|████████▋             | 559/1407 [01:33<02:23,  5.89it/s, avg=5.33, loss=4.71]Epoch 1 [train]:  40%|████████▋             | 559/1407 [01:33<02:23,  5.89it/s, avg=5.32, loss=4.74]Epoch 1 [train]:  40%|████████▊             | 560/1407 [01:33<02:11,  6.46it/s, avg=5.32, loss=4.74]Epoch 1 [train]:  40%|████████▊             | 560/1407 [01:33<02:11,  6.46it/s, avg=5.32, loss=4.96]Epoch 1 [train]:  40%|████████▊             | 561/1407 [01:33<02:03,  6.85it/s, avg=5.32, loss=4.96]Epoch 1 [train]:  40%|████████▊             | 561/1407 [01:33<02:03,  6.85it/s, avg=5.32, loss=4.79]Epoch 1 [train]:  40%|████████▊             | 562/1407 [01:33<02:08,  6.57it/s, avg=5.32, loss=4.79]Epoch 1 [train]:  40%|█████████▏             | 562/1407 [01:33<02:08,  6.57it/s, avg=5.32, loss=4.7]Epoch 1 [train]:  40%|█████████▏             | 563/1407 [01:33<02:10,  6.49it/s, avg=5.32, loss=4.7]Epoch 1 [train]:  40%|████████▊             | 563/1407 [01:33<02:10,  6.49it/s, avg=5.32, loss=4.72]Epoch 1 [train]:  40%|████████▊             | 564/1407 [01:33<02:02,  6.86it/s, avg=5.32, loss=4.72]Epoch 1 [train]:  40%|████████▊             | 564/1407 [01:34<02:02,  6.86it/s, avg=5.32, loss=4.93]Epoch 1 [train]:  40%|████████▊             | 565/1407 [01:34<02:05,  6.69it/s, avg=5.32, loss=4.93]Epoch 1 [train]:  40%|████████▊             | 565/1407 [01:34<02:05,  6.69it/s, avg=5.32, loss=4.72]Epoch 1 [train]:  40%|████████▊             | 566/1407 [01:34<02:08,  6.55it/s, avg=5.32, loss=4.72]Epoch 1 [train]:  40%|████████▊             | 566/1407 [01:34<02:08,  6.55it/s, avg=5.32, loss=4.98]Epoch 1 [train]:  40%|████████▊             | 567/1407 [01:34<02:15,  6.20it/s, avg=5.32, loss=4.98]Epoch 1 [train]:  40%|████████▊             | 567/1407 [01:34<02:15,  6.20it/s, avg=5.32, loss=4.63]Epoch 1 [train]:  40%|████████▉             | 568/1407 [01:34<02:17,  6.10it/s, avg=5.32, loss=4.63]Epoch 1 [train]:  40%|████████▉             | 568/1407 [01:34<02:17,  6.10it/s, avg=5.32, loss=4.62]Epoch 1 [train]:  40%|████████▉             | 569/1407 [01:34<02:25,  5.76it/s, avg=5.32, loss=4.62]Epoch 1 [train]:  40%|████████▉             | 569/1407 [01:34<02:25,  5.76it/s, avg=5.32, loss=4.68]Epoch 1 [train]:  41%|████████▉             | 570/1407 [01:34<02:14,  6.22it/s, avg=5.32, loss=4.68]Epoch 1 [train]:  41%|████████▉             | 570/1407 [01:35<02:14,  6.22it/s, avg=5.31, loss=4.86]Epoch 1 [train]:  41%|████████▉             | 571/1407 [01:35<02:10,  6.39it/s, avg=5.31, loss=4.86]Epoch 1 [train]:  41%|████████▉             | 571/1407 [01:35<02:10,  6.39it/s, avg=5.31, loss=4.89]Epoch 1 [train]:  41%|████████▉             | 572/1407 [01:35<02:12,  6.29it/s, avg=5.31, loss=4.89]Epoch 1 [train]:  41%|████████▉             | 572/1407 [01:35<02:12,  6.29it/s, avg=5.31, loss=4.69]Epoch 1 [train]:  41%|████████▉             | 573/1407 [01:35<02:17,  6.08it/s, avg=5.31, loss=4.69]Epoch 1 [train]:  41%|████████▉             | 573/1407 [01:35<02:17,  6.08it/s, avg=5.31, loss=4.76]Epoch 1 [train]:  41%|████████▉             | 574/1407 [01:35<02:11,  6.34it/s, avg=5.31, loss=4.76]Epoch 1 [train]:  41%|████████▉             | 574/1407 [01:35<02:11,  6.34it/s, avg=5.31, loss=4.51]Epoch 1 [train]:  41%|████████▉             | 575/1407 [01:35<02:04,  6.70it/s, avg=5.31, loss=4.51]Epoch 1 [train]:  41%|████████▉             | 575/1407 [01:35<02:04,  6.70it/s, avg=5.31, loss=4.66]Epoch 1 [train]:  41%|█████████             | 576/1407 [01:35<02:03,  6.72it/s, avg=5.31, loss=4.66]Epoch 1 [train]:  41%|█████████             | 576/1407 [01:35<02:03,  6.72it/s, avg=5.31, loss=4.69]Epoch 1 [train]:  41%|█████████             | 577/1407 [01:35<01:59,  6.95it/s, avg=5.31, loss=4.69]Epoch 1 [train]:  41%|█████████             | 577/1407 [01:36<01:59,  6.95it/s, avg=5.31, loss=4.76]Epoch 1 [train]:  41%|█████████             | 578/1407 [01:36<02:00,  6.85it/s, avg=5.31, loss=4.76]Epoch 1 [train]:  41%|█████████             | 578/1407 [01:36<02:00,  6.85it/s, avg=5.31, loss=4.87]Epoch 1 [train]:  41%|█████████             | 579/1407 [01:36<01:57,  7.05it/s, avg=5.31, loss=4.87]Epoch 1 [train]:  41%|█████████             | 579/1407 [01:36<01:57,  7.05it/s, avg=5.31, loss=4.81]Epoch 1 [train]:  41%|█████████             | 580/1407 [01:36<02:19,  5.93it/s, avg=5.31, loss=4.81]Epoch 1 [train]:  41%|█████████▉              | 580/1407 [01:36<02:19,  5.93it/s, avg=5.3, loss=4.8]Epoch 1 [train]:  41%|█████████▉              | 581/1407 [01:36<02:32,  5.43it/s, avg=5.3, loss=4.8]Epoch 1 [train]:  41%|█████████▍             | 581/1407 [01:36<02:32,  5.43it/s, avg=5.3, loss=4.71]Epoch 1 [train]:  41%|█████████▌             | 582/1407 [01:36<02:21,  5.85it/s, avg=5.3, loss=4.71]Epoch 1 [train]:  41%|█████████▌             | 582/1407 [01:36<02:21,  5.85it/s, avg=5.3, loss=4.79]Epoch 1 [train]:  41%|█████████▌             | 583/1407 [01:36<02:23,  5.75it/s, avg=5.3, loss=4.79]Epoch 1 [train]:  41%|█████████▌             | 583/1407 [01:37<02:23,  5.75it/s, avg=5.3, loss=4.78]Epoch 1 [train]:  42%|█████████▌             | 584/1407 [01:37<02:27,  5.57it/s, avg=5.3, loss=4.78]Epoch 1 [train]:  42%|█████████▌             | 584/1407 [01:37<02:27,  5.57it/s, avg=5.3, loss=4.95]Epoch 1 [train]:  42%|█████████▌             | 585/1407 [01:37<02:21,  5.81it/s, avg=5.3, loss=4.95]Epoch 1 [train]:  42%|█████████▌             | 585/1407 [01:37<02:21,  5.81it/s, avg=5.3, loss=4.52]Epoch 1 [train]:  42%|█████████▌             | 586/1407 [01:37<02:18,  5.94it/s, avg=5.3, loss=4.52]Epoch 1 [train]:  42%|█████████▌             | 586/1407 [01:37<02:18,  5.94it/s, avg=5.3, loss=4.72]Epoch 1 [train]:  42%|█████████▌             | 587/1407 [01:37<02:23,  5.72it/s, avg=5.3, loss=4.72]Epoch 1 [train]:  42%|██████████              | 587/1407 [01:37<02:23,  5.72it/s, avg=5.3, loss=4.7]Epoch 1 [train]:  42%|██████████              | 588/1407 [01:37<02:17,  5.95it/s, avg=5.3, loss=4.7]Epoch 1 [train]:  42%|█████████▌             | 588/1407 [01:37<02:17,  5.95it/s, avg=5.3, loss=4.66]Epoch 1 [train]:  42%|█████████▋             | 589/1407 [01:37<02:22,  5.75it/s, avg=5.3, loss=4.66]Epoch 1 [train]:  42%|█████████▋             | 589/1407 [01:38<02:22,  5.75it/s, avg=5.3, loss=4.69]Epoch 1 [train]:  42%|█████████▋             | 590/1407 [01:38<02:18,  5.92it/s, avg=5.3, loss=4.69]Epoch 1 [train]:  42%|█████████▏            | 590/1407 [01:38<02:18,  5.92it/s, avg=5.29, loss=4.56]Epoch 1 [train]:  42%|█████████▏            | 591/1407 [01:38<02:12,  6.15it/s, avg=5.29, loss=4.56]Epoch 1 [train]:  42%|█████████▏            | 591/1407 [01:38<02:12,  6.15it/s, avg=5.29, loss=4.54]Epoch 1 [train]:  42%|█████████▎            | 592/1407 [01:38<02:18,  5.87it/s, avg=5.29, loss=4.54]Epoch 1 [train]:  42%|█████████▎            | 592/1407 [01:38<02:18,  5.87it/s, avg=5.29, loss=4.74]Epoch 1 [train]:  42%|█████████▎            | 593/1407 [01:38<02:31,  5.38it/s, avg=5.29, loss=4.74]Epoch 1 [train]:  42%|█████████▎            | 593/1407 [01:38<02:31,  5.38it/s, avg=5.29, loss=4.76]Epoch 1 [train]:  42%|█████████▎            | 594/1407 [01:38<02:26,  5.56it/s, avg=5.29, loss=4.76]Epoch 1 [train]:  42%|█████████▎            | 594/1407 [01:39<02:26,  5.56it/s, avg=5.29, loss=4.66]Epoch 1 [train]:  42%|█████████▎            | 595/1407 [01:39<02:17,  5.90it/s, avg=5.29, loss=4.66]Epoch 1 [train]:  42%|█████████▎            | 595/1407 [01:39<02:17,  5.90it/s, avg=5.29, loss=4.71]Epoch 1 [train]:  42%|█████████▎            | 596/1407 [01:39<02:13,  6.09it/s, avg=5.29, loss=4.71]Epoch 1 [train]:  42%|█████████▎            | 596/1407 [01:39<02:13,  6.09it/s, avg=5.29, loss=4.66]Epoch 1 [train]:  42%|█████████▎            | 597/1407 [01:39<02:11,  6.15it/s, avg=5.29, loss=4.66]Epoch 1 [train]:  42%|█████████▊             | 597/1407 [01:39<02:11,  6.15it/s, avg=5.29, loss=4.8]Epoch 1 [train]:  43%|█████████▊             | 598/1407 [01:39<02:11,  6.14it/s, avg=5.29, loss=4.8]Epoch 1 [train]:  43%|█████████▎            | 598/1407 [01:39<02:11,  6.14it/s, avg=5.29, loss=4.99]Epoch 1 [train]:  43%|█████████▎            | 599/1407 [01:39<02:13,  6.06it/s, avg=5.29, loss=4.99][train] epoch=1 batch=600/1407 loss=4.4762 avg=5.2855 gpu_mem=930MB
Epoch 1 [train]:  43%|█████████▎            | 599/1407 [01:39<02:13,  6.06it/s, avg=5.29, loss=4.48]Epoch 1 [train]:  43%|█████████▍            | 600/1407 [01:39<02:08,  6.28it/s, avg=5.29, loss=4.48]Epoch 1 [train]:  43%|█████████▍            | 600/1407 [01:39<02:08,  6.28it/s, avg=5.28, loss=4.62]Epoch 1 [train]:  43%|█████████▍            | 601/1407 [01:39<02:03,  6.50it/s, avg=5.28, loss=4.62]Epoch 1 [train]:  43%|█████████▍            | 601/1407 [01:40<02:03,  6.50it/s, avg=5.28, loss=4.73]Epoch 1 [train]:  43%|█████████▍            | 602/1407 [01:40<02:01,  6.63it/s, avg=5.28, loss=4.73]Epoch 1 [train]:  43%|█████████▍            | 602/1407 [01:40<02:01,  6.63it/s, avg=5.28, loss=4.76]Epoch 1 [train]:  43%|█████████▍            | 603/1407 [01:40<02:05,  6.40it/s, avg=5.28, loss=4.76]Epoch 1 [train]:  43%|█████████▍            | 603/1407 [01:40<02:05,  6.40it/s, avg=5.28, loss=4.81]Epoch 1 [train]:  43%|█████████▍            | 604/1407 [01:40<02:11,  6.10it/s, avg=5.28, loss=4.81]Epoch 1 [train]:  43%|█████████▍            | 604/1407 [01:40<02:11,  6.10it/s, avg=5.28, loss=4.98]Epoch 1 [train]:  43%|█████████▍            | 605/1407 [01:40<02:27,  5.43it/s, avg=5.28, loss=4.98]Epoch 1 [train]:  43%|█████████▍            | 605/1407 [01:40<02:27,  5.43it/s, avg=5.28, loss=4.63]Epoch 1 [train]:  43%|█████████▍            | 606/1407 [01:40<02:35,  5.15it/s, avg=5.28, loss=4.63]Epoch 1 [train]:  43%|█████████▍            | 606/1407 [01:41<02:35,  5.15it/s, avg=5.28, loss=4.88]Epoch 1 [train]:  43%|█████████▍            | 607/1407 [01:41<02:30,  5.30it/s, avg=5.28, loss=4.88]Epoch 1 [train]:  43%|█████████▍            | 607/1407 [01:41<02:30,  5.30it/s, avg=5.28, loss=4.63]Epoch 1 [train]:  43%|█████████▌            | 608/1407 [01:41<02:22,  5.61it/s, avg=5.28, loss=4.63]Epoch 1 [train]:  43%|█████████▌            | 608/1407 [01:41<02:22,  5.61it/s, avg=5.28, loss=4.78]Epoch 1 [train]:  43%|█████████▌            | 609/1407 [01:41<02:14,  5.94it/s, avg=5.28, loss=4.78]Epoch 1 [train]:  43%|█████████▌            | 609/1407 [01:41<02:14,  5.94it/s, avg=5.28, loss=4.86]Epoch 1 [train]:  43%|█████████▌            | 610/1407 [01:41<02:12,  6.03it/s, avg=5.28, loss=4.86]Epoch 1 [train]:  43%|█████████▉             | 610/1407 [01:41<02:12,  6.03it/s, avg=5.28, loss=4.7]Epoch 1 [train]:  43%|█████████▉             | 611/1407 [01:41<02:04,  6.38it/s, avg=5.28, loss=4.7]Epoch 1 [train]:  43%|██████████▊              | 611/1407 [01:41<02:04,  6.38it/s, avg=5.28, loss=5]Epoch 1 [train]:  43%|██████████▊              | 612/1407 [01:41<02:15,  5.88it/s, avg=5.28, loss=5]Epoch 1 [train]:  43%|█████████▌            | 612/1407 [01:42<02:15,  5.88it/s, avg=5.27, loss=4.51]Epoch 1 [train]:  44%|█████████▌            | 613/1407 [01:42<02:11,  6.02it/s, avg=5.27, loss=4.51]Epoch 1 [train]:  44%|█████████▌            | 613/1407 [01:42<02:11,  6.02it/s, avg=5.27, loss=4.61]Epoch 1 [train]:  44%|█████████▌            | 614/1407 [01:42<02:12,  5.99it/s, avg=5.27, loss=4.61]Epoch 1 [train]:  44%|█████████▌            | 614/1407 [01:42<02:12,  5.99it/s, avg=5.27, loss=4.82]Epoch 1 [train]:  44%|█████████▌            | 615/1407 [01:42<02:11,  6.03it/s, avg=5.27, loss=4.82]Epoch 1 [train]:  44%|█████████▌            | 615/1407 [01:42<02:11,  6.03it/s, avg=5.27, loss=4.79]Epoch 1 [train]:  44%|█████████▋            | 616/1407 [01:42<02:07,  6.22it/s, avg=5.27, loss=4.79]Epoch 1 [train]:  44%|█████████▋            | 616/1407 [01:42<02:07,  6.22it/s, avg=5.27, loss=4.71]Epoch 1 [train]:  44%|█████████▋            | 617/1407 [01:42<02:09,  6.08it/s, avg=5.27, loss=4.71]Epoch 1 [train]:  44%|██████████             | 617/1407 [01:42<02:09,  6.08it/s, avg=5.27, loss=4.8]Epoch 1 [train]:  44%|██████████             | 618/1407 [01:42<02:22,  5.52it/s, avg=5.27, loss=4.8]Epoch 1 [train]:  44%|█████████▋            | 618/1407 [01:43<02:22,  5.52it/s, avg=5.27, loss=4.91]Epoch 1 [train]:  44%|█████████▋            | 619/1407 [01:43<02:27,  5.33it/s, avg=5.27, loss=4.91]Epoch 1 [train]:  44%|█████████▋            | 619/1407 [01:43<02:27,  5.33it/s, avg=5.27, loss=4.93]Epoch 1 [train]:  44%|█████████▋            | 620/1407 [01:43<02:27,  5.33it/s, avg=5.27, loss=4.93]Epoch 1 [train]:  44%|██████████▏            | 620/1407 [01:43<02:27,  5.33it/s, avg=5.27, loss=4.9]Epoch 1 [train]:  44%|██████████▏            | 621/1407 [01:43<02:20,  5.59it/s, avg=5.27, loss=4.9]Epoch 1 [train]:  44%|█████████▋            | 621/1407 [01:43<02:20,  5.59it/s, avg=5.27, loss=4.86]Epoch 1 [train]:  44%|█████████▋            | 622/1407 [01:43<02:21,  5.56it/s, avg=5.27, loss=4.86]Epoch 1 [train]:  44%|██████████▏            | 622/1407 [01:43<02:21,  5.56it/s, avg=5.27, loss=4.7]Epoch 1 [train]:  44%|██████████▏            | 623/1407 [01:43<02:13,  5.89it/s, avg=5.27, loss=4.7]Epoch 1 [train]:  44%|█████████▋            | 623/1407 [01:43<02:13,  5.89it/s, avg=5.27, loss=4.92]Epoch 1 [train]:  44%|█████████▊            | 624/1407 [01:43<02:20,  5.58it/s, avg=5.27, loss=4.92]Epoch 1 [train]:  44%|█████████▊            | 624/1407 [01:44<02:20,  5.58it/s, avg=5.27, loss=5.02]Epoch 1 [train]:  44%|█████████▊            | 625/1407 [01:44<02:12,  5.88it/s, avg=5.27, loss=5.02]Epoch 1 [train]:  44%|█████████▊            | 625/1407 [01:44<02:12,  5.88it/s, avg=5.26, loss=4.63]Epoch 1 [train]:  44%|█████████▊            | 626/1407 [01:44<02:27,  5.29it/s, avg=5.26, loss=4.63]Epoch 1 [train]:  44%|█████████▊            | 626/1407 [01:44<02:27,  5.29it/s, avg=5.26, loss=4.65]Epoch 1 [train]:  45%|█████████▊            | 627/1407 [01:44<02:19,  5.58it/s, avg=5.26, loss=4.65]Epoch 1 [train]:  45%|██████████▏            | 627/1407 [01:44<02:19,  5.58it/s, avg=5.26, loss=4.8]Epoch 1 [train]:  45%|██████████▎            | 628/1407 [01:44<02:12,  5.86it/s, avg=5.26, loss=4.8]Epoch 1 [train]:  45%|█████████▊            | 628/1407 [01:44<02:12,  5.86it/s, avg=5.26, loss=4.51]Epoch 1 [train]:  45%|█████████▊            | 629/1407 [01:44<02:17,  5.68it/s, avg=5.26, loss=4.51]Epoch 1 [train]:  45%|█████████▊            | 629/1407 [01:45<02:17,  5.68it/s, avg=5.26, loss=4.45]Epoch 1 [train]:  45%|█████████▊            | 630/1407 [01:45<02:22,  5.46it/s, avg=5.26, loss=4.45]Epoch 1 [train]:  45%|█████████▊            | 630/1407 [01:45<02:22,  5.46it/s, avg=5.26, loss=4.75]Epoch 1 [train]:  45%|█████████▊            | 631/1407 [01:45<02:13,  5.82it/s, avg=5.26, loss=4.75]Epoch 1 [train]:  45%|█████████▊            | 631/1407 [01:45<02:13,  5.82it/s, avg=5.26, loss=4.77]Epoch 1 [train]:  45%|█████████▉            | 632/1407 [01:45<02:13,  5.79it/s, avg=5.26, loss=4.77]Epoch 1 [train]:  45%|█████████▉            | 632/1407 [01:45<02:13,  5.79it/s, avg=5.26, loss=4.78]Epoch 1 [train]:  45%|█████████▉            | 633/1407 [01:45<02:13,  5.81it/s, avg=5.26, loss=4.78]Epoch 1 [train]:  45%|█████████▉            | 633/1407 [01:45<02:13,  5.81it/s, avg=5.26, loss=4.52]Epoch 1 [train]:  45%|█████████▉            | 634/1407 [01:45<02:02,  6.29it/s, avg=5.26, loss=4.52]Epoch 1 [train]:  45%|█████████▉            | 634/1407 [01:45<02:02,  6.29it/s, avg=5.26, loss=4.78]Epoch 1 [train]:  45%|█████████▉            | 635/1407 [01:45<02:00,  6.43it/s, avg=5.26, loss=4.78]Epoch 1 [train]:  45%|█████████▉            | 635/1407 [01:45<02:00,  6.43it/s, avg=5.26, loss=4.81]Epoch 1 [train]:  45%|█████████▉            | 636/1407 [01:45<02:02,  6.29it/s, avg=5.26, loss=4.81]Epoch 1 [train]:  45%|█████████▉            | 636/1407 [01:46<02:02,  6.29it/s, avg=5.25, loss=4.72]Epoch 1 [train]:  45%|█████████▉            | 637/1407 [01:46<02:08,  5.98it/s, avg=5.25, loss=4.72]Epoch 1 [train]:  45%|█████████▉            | 637/1407 [01:46<02:08,  5.98it/s, avg=5.25, loss=4.68]Epoch 1 [train]:  45%|█████████▉            | 638/1407 [01:46<02:12,  5.79it/s, avg=5.25, loss=4.68]Epoch 1 [train]:  45%|█████████▉            | 638/1407 [01:46<02:12,  5.79it/s, avg=5.25, loss=4.94]Epoch 1 [train]:  45%|█████████▉            | 639/1407 [01:46<02:23,  5.34it/s, avg=5.25, loss=4.94]Epoch 1 [train]:  45%|█████████▉            | 639/1407 [01:46<02:23,  5.34it/s, avg=5.25, loss=4.83]Epoch 1 [train]:  45%|██████████            | 640/1407 [01:46<02:22,  5.39it/s, avg=5.25, loss=4.83]Epoch 1 [train]:  45%|██████████            | 640/1407 [01:46<02:22,  5.39it/s, avg=5.25, loss=4.71]Epoch 1 [train]:  46%|██████████            | 641/1407 [01:46<02:18,  5.53it/s, avg=5.25, loss=4.71]Epoch 1 [train]:  46%|██████████▍            | 641/1407 [01:47<02:18,  5.53it/s, avg=5.25, loss=4.8]Epoch 1 [train]:  46%|██████████▍            | 642/1407 [01:47<02:14,  5.69it/s, avg=5.25, loss=4.8]Epoch 1 [train]:  46%|██████████            | 642/1407 [01:47<02:14,  5.69it/s, avg=5.25, loss=4.78]Epoch 1 [train]:  46%|██████████            | 643/1407 [01:47<02:12,  5.77it/s, avg=5.25, loss=4.78]Epoch 1 [train]:  46%|██████████            | 643/1407 [01:47<02:12,  5.77it/s, avg=5.25, loss=4.69]Epoch 1 [train]:  46%|██████████            | 644/1407 [01:47<02:12,  5.77it/s, avg=5.25, loss=4.69]Epoch 1 [train]:  46%|██████████            | 644/1407 [01:47<02:12,  5.77it/s, avg=5.25, loss=4.62]Epoch 1 [train]:  46%|██████████            | 645/1407 [01:47<02:07,  5.98it/s, avg=5.25, loss=4.62]Epoch 1 [train]:  46%|██████████            | 645/1407 [01:47<02:07,  5.98it/s, avg=5.25, loss=4.84]Epoch 1 [train]:  46%|██████████            | 646/1407 [01:47<02:22,  5.34it/s, avg=5.25, loss=4.84]Epoch 1 [train]:  46%|██████████            | 646/1407 [01:47<02:22,  5.34it/s, avg=5.25, loss=4.82]Epoch 1 [train]:  46%|██████████            | 647/1407 [01:47<02:17,  5.52it/s, avg=5.25, loss=4.82]Epoch 1 [train]:  46%|██████████            | 647/1407 [01:48<02:17,  5.52it/s, avg=5.25, loss=4.79]Epoch 1 [train]:  46%|██████████▏           | 648/1407 [01:48<02:05,  6.03it/s, avg=5.25, loss=4.79]Epoch 1 [train]:  46%|██████████▏           | 648/1407 [01:48<02:05,  6.03it/s, avg=5.25, loss=4.77]Epoch 1 [train]:  46%|██████████▏           | 649/1407 [01:48<02:09,  5.85it/s, avg=5.25, loss=4.77]Epoch 1 [train]:  46%|██████████▏           | 649/1407 [01:48<02:09,  5.85it/s, avg=5.25, loss=4.87]Epoch 1 [train]:  46%|██████████▏           | 650/1407 [01:48<02:07,  5.91it/s, avg=5.25, loss=4.87]Epoch 1 [train]:  46%|██████████▏           | 650/1407 [01:48<02:07,  5.91it/s, avg=5.24, loss=4.78]Epoch 1 [train]:  46%|██████████▏           | 651/1407 [01:48<02:05,  6.02it/s, avg=5.24, loss=4.78]Epoch 1 [train]:  46%|██████████▏           | 651/1407 [01:48<02:05,  6.02it/s, avg=5.24, loss=4.65]Epoch 1 [train]:  46%|██████████▏           | 652/1407 [01:48<01:55,  6.51it/s, avg=5.24, loss=4.65]Epoch 1 [train]:  46%|██████████▏           | 652/1407 [01:48<01:55,  6.51it/s, avg=5.24, loss=4.58]Epoch 1 [train]:  46%|██████████▏           | 653/1407 [01:48<01:59,  6.32it/s, avg=5.24, loss=4.58]Epoch 1 [train]:  46%|██████████▏           | 653/1407 [01:49<01:59,  6.32it/s, avg=5.24, loss=4.79]Epoch 1 [train]:  46%|██████████▏           | 654/1407 [01:49<02:08,  5.87it/s, avg=5.24, loss=4.79]Epoch 1 [train]:  46%|██████████▏           | 654/1407 [01:49<02:08,  5.87it/s, avg=5.24, loss=4.77]Epoch 1 [train]:  47%|██████████▏           | 655/1407 [01:49<02:01,  6.21it/s, avg=5.24, loss=4.77]Epoch 1 [train]:  47%|██████████▏           | 655/1407 [01:49<02:01,  6.21it/s, avg=5.24, loss=4.78]Epoch 1 [train]:  47%|██████████▎           | 656/1407 [01:49<01:59,  6.27it/s, avg=5.24, loss=4.78]Epoch 1 [train]:  47%|██████████▎           | 656/1407 [01:49<01:59,  6.27it/s, avg=5.24, loss=4.69]Epoch 1 [train]:  47%|██████████▎           | 657/1407 [01:49<02:01,  6.19it/s, avg=5.24, loss=4.69]Epoch 1 [train]:  47%|██████████▎           | 657/1407 [01:49<02:01,  6.19it/s, avg=5.24, loss=4.72]Epoch 1 [train]:  47%|██████████▎           | 658/1407 [01:49<02:17,  5.44it/s, avg=5.24, loss=4.72]Epoch 1 [train]:  47%|██████████▊            | 658/1407 [01:50<02:17,  5.44it/s, avg=5.24, loss=4.6]Epoch 1 [train]:  47%|██████████▊            | 659/1407 [01:50<02:18,  5.41it/s, avg=5.24, loss=4.6]Epoch 1 [train]:  47%|██████████▎           | 659/1407 [01:50<02:18,  5.41it/s, avg=5.24, loss=4.71]Epoch 1 [train]:  47%|██████████▎           | 660/1407 [01:50<02:27,  5.07it/s, avg=5.24, loss=4.71]Epoch 1 [train]:  47%|██████████▎           | 660/1407 [01:50<02:27,  5.07it/s, avg=5.24, loss=4.33]Epoch 1 [train]:  47%|██████████▎           | 661/1407 [01:50<02:23,  5.21it/s, avg=5.24, loss=4.33]Epoch 1 [train]:  47%|██████████▊            | 661/1407 [01:50<02:23,  5.21it/s, avg=5.24, loss=4.9]Epoch 1 [train]:  47%|██████████▊            | 662/1407 [01:50<02:32,  4.90it/s, avg=5.24, loss=4.9]Epoch 1 [train]:  47%|██████████▎           | 662/1407 [01:50<02:32,  4.90it/s, avg=5.23, loss=4.54]Epoch 1 [train]:  47%|██████████▎           | 663/1407 [01:50<02:19,  5.32it/s, avg=5.23, loss=4.54]Epoch 1 [train]:  47%|██████████▎           | 663/1407 [01:50<02:19,  5.32it/s, avg=5.23, loss=4.67]Epoch 1 [train]:  47%|██████████▍           | 664/1407 [01:50<02:13,  5.55it/s, avg=5.23, loss=4.67]Epoch 1 [train]:  47%|██████████▍           | 664/1407 [01:51<02:13,  5.55it/s, avg=5.23, loss=4.65]Epoch 1 [train]:  47%|██████████▍           | 665/1407 [01:51<02:10,  5.67it/s, avg=5.23, loss=4.65]Epoch 1 [train]:  47%|██████████▊            | 665/1407 [01:51<02:10,  5.67it/s, avg=5.23, loss=4.8]Epoch 1 [train]:  47%|██████████▉            | 666/1407 [01:51<02:08,  5.77it/s, avg=5.23, loss=4.8]Epoch 1 [train]:  47%|██████████▍           | 666/1407 [01:51<02:08,  5.77it/s, avg=5.23, loss=4.67]Epoch 1 [train]:  47%|██████████▍           | 667/1407 [01:51<02:08,  5.78it/s, avg=5.23, loss=4.67]Epoch 1 [train]:  47%|██████████▍           | 667/1407 [01:51<02:08,  5.78it/s, avg=5.23, loss=4.79]Epoch 1 [train]:  47%|██████████▍           | 668/1407 [01:51<02:07,  5.82it/s, avg=5.23, loss=4.79]Epoch 1 [train]:  47%|██████████▍           | 668/1407 [01:51<02:07,  5.82it/s, avg=5.23, loss=4.61]Epoch 1 [train]:  48%|██████████▍           | 669/1407 [01:51<01:56,  6.31it/s, avg=5.23, loss=4.61]Epoch 1 [train]:  48%|██████████▍           | 669/1407 [01:51<01:56,  6.31it/s, avg=5.23, loss=4.63]Epoch 1 [train]:  48%|██████████▍           | 670/1407 [01:51<02:00,  6.14it/s, avg=5.23, loss=4.63]Epoch 1 [train]:  48%|██████████▍           | 670/1407 [01:52<02:00,  6.14it/s, avg=5.23, loss=4.71]Epoch 1 [train]:  48%|██████████▍           | 671/1407 [01:52<02:04,  5.89it/s, avg=5.23, loss=4.71]Epoch 1 [train]:  48%|██████████▍           | 671/1407 [01:52<02:04,  5.89it/s, avg=5.23, loss=4.62]Epoch 1 [train]:  48%|██████████▌           | 672/1407 [01:52<02:01,  6.03it/s, avg=5.23, loss=4.62]Epoch 1 [train]:  48%|██████████▌           | 672/1407 [01:52<02:01,  6.03it/s, avg=5.23, loss=4.68]Epoch 1 [train]:  48%|██████████▌           | 673/1407 [01:52<01:58,  6.20it/s, avg=5.23, loss=4.68]Epoch 1 [train]:  48%|██████████▌           | 673/1407 [01:52<01:58,  6.20it/s, avg=5.23, loss=4.65]Epoch 1 [train]:  48%|██████████▌           | 674/1407 [01:52<02:01,  6.04it/s, avg=5.23, loss=4.65]Epoch 1 [train]:  48%|██████████▌           | 674/1407 [01:52<02:01,  6.04it/s, avg=5.22, loss=4.86]Epoch 1 [train]:  48%|██████████▌           | 675/1407 [01:52<02:06,  5.77it/s, avg=5.22, loss=4.86]Epoch 1 [train]:  48%|██████████▌           | 675/1407 [01:52<02:06,  5.77it/s, avg=5.22, loss=4.71]Epoch 1 [train]:  48%|██████████▌           | 676/1407 [01:52<02:00,  6.07it/s, avg=5.22, loss=4.71]Epoch 1 [train]:  48%|██████████▌           | 676/1407 [01:53<02:00,  6.07it/s, avg=5.22, loss=4.83]Epoch 1 [train]:  48%|██████████▌           | 677/1407 [01:53<01:54,  6.39it/s, avg=5.22, loss=4.83]Epoch 1 [train]:  48%|██████████▌           | 677/1407 [01:53<01:54,  6.39it/s, avg=5.22, loss=4.59]Epoch 1 [train]:  48%|██████████▌           | 678/1407 [01:53<01:50,  6.57it/s, avg=5.22, loss=4.59]Epoch 1 [train]:  48%|██████████▌           | 678/1407 [01:53<01:50,  6.57it/s, avg=5.22, loss=4.46]Epoch 1 [train]:  48%|██████████▌           | 679/1407 [01:53<01:47,  6.80it/s, avg=5.22, loss=4.46]Epoch 1 [train]:  48%|██████████▌           | 679/1407 [01:53<01:47,  6.80it/s, avg=5.22, loss=4.57]Epoch 1 [train]:  48%|██████████▋           | 680/1407 [01:53<01:45,  6.92it/s, avg=5.22, loss=4.57]Epoch 1 [train]:  48%|███████████            | 680/1407 [01:53<01:45,  6.92it/s, avg=5.22, loss=4.7]Epoch 1 [train]:  48%|███████████▏           | 681/1407 [01:53<01:52,  6.43it/s, avg=5.22, loss=4.7]Epoch 1 [train]:  48%|██████████▋           | 681/1407 [01:53<01:52,  6.43it/s, avg=5.22, loss=4.79]Epoch 1 [train]:  48%|██████████▋           | 682/1407 [01:53<02:03,  5.88it/s, avg=5.22, loss=4.79]Epoch 1 [train]:  48%|██████████▋           | 682/1407 [01:54<02:03,  5.88it/s, avg=5.22, loss=4.79]Epoch 1 [train]:  49%|██████████▋           | 683/1407 [01:54<02:06,  5.75it/s, avg=5.22, loss=4.79]Epoch 1 [train]:  49%|██████████▋           | 683/1407 [01:54<02:06,  5.75it/s, avg=5.22, loss=4.74]Epoch 1 [train]:  49%|██████████▋           | 684/1407 [01:54<01:53,  6.36it/s, avg=5.22, loss=4.74]Epoch 1 [train]:  49%|██████████▋           | 684/1407 [01:54<01:53,  6.36it/s, avg=5.22, loss=4.86]Epoch 1 [train]:  49%|██████████▋           | 685/1407 [01:54<01:54,  6.31it/s, avg=5.22, loss=4.86]Epoch 1 [train]:  49%|██████████▋           | 685/1407 [01:54<01:54,  6.31it/s, avg=5.22, loss=4.65]Epoch 1 [train]:  49%|██████████▋           | 686/1407 [01:54<01:56,  6.18it/s, avg=5.22, loss=4.65]Epoch 1 [train]:  49%|██████████▋           | 686/1407 [01:54<01:56,  6.18it/s, avg=5.22, loss=4.53]Epoch 1 [train]:  49%|██████████▋           | 687/1407 [01:54<01:54,  6.29it/s, avg=5.22, loss=4.53]Epoch 1 [train]:  49%|██████████▋           | 687/1407 [01:54<01:54,  6.29it/s, avg=5.21, loss=4.79]Epoch 1 [train]:  49%|██████████▊           | 688/1407 [01:54<02:03,  5.81it/s, avg=5.21, loss=4.79]Epoch 1 [train]:  49%|██████████▊           | 688/1407 [01:55<02:03,  5.81it/s, avg=5.21, loss=4.71]Epoch 1 [train]:  49%|██████████▊           | 689/1407 [01:55<02:04,  5.79it/s, avg=5.21, loss=4.71]Epoch 1 [train]:  49%|██████████▊           | 689/1407 [01:55<02:04,  5.79it/s, avg=5.21, loss=4.56]Epoch 1 [train]:  49%|██████████▊           | 690/1407 [01:55<01:59,  6.00it/s, avg=5.21, loss=4.56]Epoch 1 [train]:  49%|██████████▊           | 690/1407 [01:55<01:59,  6.00it/s, avg=5.21, loss=4.61]Epoch 1 [train]:  49%|██████████▊           | 691/1407 [01:55<02:00,  5.96it/s, avg=5.21, loss=4.61]Epoch 1 [train]:  49%|██████████▊           | 691/1407 [01:55<02:00,  5.96it/s, avg=5.21, loss=4.85]Epoch 1 [train]:  49%|██████████▊           | 692/1407 [01:55<02:10,  5.49it/s, avg=5.21, loss=4.85]Epoch 1 [train]:  49%|██████████▊           | 692/1407 [01:55<02:10,  5.49it/s, avg=5.21, loss=4.83]Epoch 1 [train]:  49%|██████████▊           | 693/1407 [01:55<02:02,  5.84it/s, avg=5.21, loss=4.83]Epoch 1 [train]:  49%|███████████▎           | 693/1407 [01:55<02:02,  5.84it/s, avg=5.21, loss=4.7]Epoch 1 [train]:  49%|███████████▎           | 694/1407 [01:55<02:01,  5.87it/s, avg=5.21, loss=4.7]Epoch 1 [train]:  49%|██████████▊           | 694/1407 [01:56<02:01,  5.87it/s, avg=5.21, loss=4.65]Epoch 1 [train]:  49%|██████████▊           | 695/1407 [01:56<01:57,  6.04it/s, avg=5.21, loss=4.65]Epoch 1 [train]:  49%|██████████▊           | 695/1407 [01:56<01:57,  6.04it/s, avg=5.21, loss=4.65]Epoch 1 [train]:  49%|██████████▉           | 696/1407 [01:56<01:58,  5.98it/s, avg=5.21, loss=4.65]Epoch 1 [train]:  49%|██████████▉           | 696/1407 [01:56<01:58,  5.98it/s, avg=5.21, loss=4.66]Epoch 1 [train]:  50%|██████████▉           | 697/1407 [01:56<01:57,  6.03it/s, avg=5.21, loss=4.66]Epoch 1 [train]:  50%|██████████▉           | 697/1407 [01:56<01:57,  6.03it/s, avg=5.21, loss=4.58]Epoch 1 [train]:  50%|██████████▉           | 698/1407 [01:56<01:56,  6.10it/s, avg=5.21, loss=4.58]Epoch 1 [train]:  50%|██████████▉           | 698/1407 [01:56<01:56,  6.10it/s, avg=5.21, loss=4.53]Epoch 1 [train]:  50%|██████████▉           | 699/1407 [01:56<01:56,  6.08it/s, avg=5.21, loss=4.53][train] epoch=1 batch=700/1407 loss=4.5604 avg=5.2051 gpu_mem=929MB
Epoch 1 [train]:  50%|██████████▉           | 699/1407 [01:56<01:56,  6.08it/s, avg=5.21, loss=4.56]Epoch 1 [train]:  50%|██████████▉           | 700/1407 [01:56<01:53,  6.21it/s, avg=5.21, loss=4.56]Epoch 1 [train]:  50%|███████████▍           | 700/1407 [01:57<01:53,  6.21it/s, avg=5.2, loss=4.78]Epoch 1 [train]:  50%|███████████▍           | 701/1407 [01:57<02:00,  5.87it/s, avg=5.2, loss=4.78]Epoch 1 [train]:  50%|███████████▍           | 701/1407 [01:57<02:00,  5.87it/s, avg=5.2, loss=4.52]Epoch 1 [train]:  50%|███████████▍           | 702/1407 [01:57<01:58,  5.95it/s, avg=5.2, loss=4.52]Epoch 1 [train]:  50%|███████████▍           | 702/1407 [01:57<01:58,  5.95it/s, avg=5.2, loss=4.64]Epoch 1 [train]:  50%|███████████▍           | 703/1407 [01:57<02:03,  5.71it/s, avg=5.2, loss=4.64]Epoch 1 [train]:  50%|███████████▍           | 703/1407 [01:57<02:03,  5.71it/s, avg=5.2, loss=4.54]Epoch 1 [train]:  50%|███████████▌           | 704/1407 [01:57<02:00,  5.82it/s, avg=5.2, loss=4.54]Epoch 1 [train]:  50%|███████████▌           | 704/1407 [01:57<02:00,  5.82it/s, avg=5.2, loss=4.56]Epoch 1 [train]:  50%|███████████▌           | 705/1407 [01:57<01:55,  6.05it/s, avg=5.2, loss=4.56]Epoch 1 [train]:  50%|███████████▌           | 705/1407 [01:57<01:55,  6.05it/s, avg=5.2, loss=4.73]Epoch 1 [train]:  50%|███████████▌           | 706/1407 [01:57<02:01,  5.78it/s, avg=5.2, loss=4.73]Epoch 1 [train]:  50%|███████████▌           | 706/1407 [01:58<02:01,  5.78it/s, avg=5.2, loss=4.62]Epoch 1 [train]:  50%|███████████▌           | 707/1407 [01:58<01:53,  6.18it/s, avg=5.2, loss=4.62]Epoch 1 [train]:  50%|████████████            | 707/1407 [01:58<01:53,  6.18it/s, avg=5.2, loss=4.7]Epoch 1 [train]:  50%|████████████            | 708/1407 [01:58<01:58,  5.91it/s, avg=5.2, loss=4.7]Epoch 1 [train]:  50%|███████████▌           | 708/1407 [01:58<01:58,  5.91it/s, avg=5.2, loss=4.57]Epoch 1 [train]:  50%|███████████▌           | 709/1407 [01:58<01:55,  6.06it/s, avg=5.2, loss=4.57]Epoch 1 [train]:  50%|███████████▌           | 709/1407 [01:58<01:55,  6.06it/s, avg=5.2, loss=4.49]Epoch 1 [train]:  50%|███████████▌           | 710/1407 [01:58<01:56,  5.97it/s, avg=5.2, loss=4.49]Epoch 1 [train]:  50%|████████████            | 710/1407 [01:58<01:56,  5.97it/s, avg=5.2, loss=4.7]Epoch 1 [train]:  51%|████████████▏           | 711/1407 [01:58<01:51,  6.26it/s, avg=5.2, loss=4.7]Epoch 1 [train]:  51%|███████████▌           | 711/1407 [01:58<01:51,  6.26it/s, avg=5.2, loss=4.58]Epoch 1 [train]:  51%|███████████▋           | 712/1407 [01:58<01:45,  6.57it/s, avg=5.2, loss=4.58]Epoch 1 [train]:  51%|███████████▏          | 712/1407 [01:59<01:45,  6.57it/s, avg=5.19, loss=4.52]Epoch 1 [train]:  51%|███████████▏          | 713/1407 [01:59<01:48,  6.39it/s, avg=5.19, loss=4.52]Epoch 1 [train]:  51%|███████████▏          | 713/1407 [01:59<01:48,  6.39it/s, avg=5.19, loss=4.86]Epoch 1 [train]:  51%|███████████▏          | 714/1407 [01:59<01:50,  6.28it/s, avg=5.19, loss=4.86]Epoch 1 [train]:  51%|███████████▏          | 714/1407 [01:59<01:50,  6.28it/s, avg=5.19, loss=4.55]Epoch 1 [train]:  51%|███████████▏          | 715/1407 [01:59<01:50,  6.24it/s, avg=5.19, loss=4.55]Epoch 1 [train]:  51%|███████████▏          | 715/1407 [01:59<01:50,  6.24it/s, avg=5.19, loss=4.62]Epoch 1 [train]:  51%|███████████▏          | 716/1407 [01:59<01:51,  6.19it/s, avg=5.19, loss=4.62]Epoch 1 [train]:  51%|███████████▏          | 716/1407 [01:59<01:51,  6.19it/s, avg=5.19, loss=4.41]Epoch 1 [train]:  51%|███████████▏          | 717/1407 [01:59<01:49,  6.29it/s, avg=5.19, loss=4.41]Epoch 1 [train]:  51%|███████████▏          | 717/1407 [01:59<01:49,  6.29it/s, avg=5.19, loss=4.44]Epoch 1 [train]:  51%|███████████▏          | 718/1407 [01:59<01:49,  6.30it/s, avg=5.19, loss=4.44]Epoch 1 [train]:  51%|███████████▏          | 718/1407 [01:59<01:49,  6.30it/s, avg=5.19, loss=4.69]Epoch 1 [train]:  51%|███████████▏          | 719/1407 [01:59<01:53,  6.07it/s, avg=5.19, loss=4.69]Epoch 1 [train]:  51%|███████████▏          | 719/1407 [02:00<01:53,  6.07it/s, avg=5.19, loss=4.67]Epoch 1 [train]:  51%|███████████▎          | 720/1407 [02:00<01:54,  6.01it/s, avg=5.19, loss=4.67]Epoch 1 [train]:  51%|███████████▎          | 720/1407 [02:00<01:54,  6.01it/s, avg=5.19, loss=4.66]Epoch 1 [train]:  51%|███████████▎          | 721/1407 [02:00<01:54,  6.01it/s, avg=5.19, loss=4.66]Epoch 1 [train]:  51%|███████████▎          | 721/1407 [02:00<01:54,  6.01it/s, avg=5.19, loss=4.68]Epoch 1 [train]:  51%|███████████▎          | 722/1407 [02:00<01:49,  6.27it/s, avg=5.19, loss=4.68]Epoch 1 [train]:  51%|███████████▎          | 722/1407 [02:00<01:49,  6.27it/s, avg=5.19, loss=4.74]Epoch 1 [train]:  51%|███████████▎          | 723/1407 [02:00<01:50,  6.18it/s, avg=5.19, loss=4.74]Epoch 1 [train]:  51%|███████████▎          | 723/1407 [02:00<01:50,  6.18it/s, avg=5.19, loss=4.63]Epoch 1 [train]:  51%|███████████▎          | 724/1407 [02:00<01:58,  5.76it/s, avg=5.19, loss=4.63]Epoch 1 [train]:  51%|███████████▎          | 724/1407 [02:00<01:58,  5.76it/s, avg=5.19, loss=4.74]Epoch 1 [train]:  52%|███████████▎          | 725/1407 [02:00<01:54,  5.93it/s, avg=5.19, loss=4.74]Epoch 1 [train]:  52%|███████████▎          | 725/1407 [02:01<01:54,  5.93it/s, avg=5.18, loss=4.67]Epoch 1 [train]:  52%|███████████▎          | 726/1407 [02:01<01:53,  5.99it/s, avg=5.18, loss=4.67]Epoch 1 [train]:  52%|███████████▎          | 726/1407 [02:01<01:53,  5.99it/s, avg=5.18, loss=4.72]Epoch 1 [train]:  52%|███████████▎          | 727/1407 [02:01<02:00,  5.67it/s, avg=5.18, loss=4.72]Epoch 1 [train]:  52%|███████████▎          | 727/1407 [02:01<02:00,  5.67it/s, avg=5.18, loss=4.55]Epoch 1 [train]:  52%|███████████▍          | 728/1407 [02:01<01:50,  6.14it/s, avg=5.18, loss=4.55]Epoch 1 [train]:  52%|███████████▍          | 728/1407 [02:01<01:50,  6.14it/s, avg=5.18, loss=4.48]Epoch 1 [train]:  52%|███████████▍          | 729/1407 [02:01<01:49,  6.18it/s, avg=5.18, loss=4.48]Epoch 1 [train]:  52%|███████████▍          | 729/1407 [02:01<01:49,  6.18it/s, avg=5.18, loss=4.65]Epoch 1 [train]:  52%|███████████▍          | 730/1407 [02:01<01:47,  6.31it/s, avg=5.18, loss=4.65]Epoch 1 [train]:  52%|███████████▍          | 730/1407 [02:01<01:47,  6.31it/s, avg=5.18, loss=4.68]Epoch 1 [train]:  52%|███████████▍          | 731/1407 [02:01<01:54,  5.93it/s, avg=5.18, loss=4.68]Epoch 1 [train]:  52%|███████████▍          | 731/1407 [02:02<01:54,  5.93it/s, avg=5.18, loss=4.68]Epoch 1 [train]:  52%|███████████▍          | 732/1407 [02:02<01:56,  5.80it/s, avg=5.18, loss=4.68]Epoch 1 [train]:  52%|███████████▍          | 732/1407 [02:02<01:56,  5.80it/s, avg=5.18, loss=4.65]Epoch 1 [train]:  52%|███████████▍          | 733/1407 [02:02<01:55,  5.85it/s, avg=5.18, loss=4.65]Epoch 1 [train]:  52%|███████████▍          | 733/1407 [02:02<01:55,  5.85it/s, avg=5.18, loss=4.68]Epoch 1 [train]:  52%|███████████▍          | 734/1407 [02:02<01:49,  6.15it/s, avg=5.18, loss=4.68]Epoch 1 [train]:  52%|███████████▍          | 734/1407 [02:02<01:49,  6.15it/s, avg=5.18, loss=4.71]Epoch 1 [train]:  52%|███████████▍          | 735/1407 [02:02<01:46,  6.30it/s, avg=5.18, loss=4.71]Epoch 1 [train]:  52%|███████████▍          | 735/1407 [02:02<01:46,  6.30it/s, avg=5.18, loss=4.59]Epoch 1 [train]:  52%|███████████▌          | 736/1407 [02:02<01:47,  6.25it/s, avg=5.18, loss=4.59]Epoch 1 [train]:  52%|███████████▌          | 736/1407 [02:02<01:47,  6.25it/s, avg=5.18, loss=4.55]Epoch 1 [train]:  52%|███████████▌          | 737/1407 [02:02<01:53,  5.89it/s, avg=5.18, loss=4.55]Epoch 1 [train]:  52%|████████████           | 737/1407 [02:03<01:53,  5.89it/s, avg=5.18, loss=4.6]Epoch 1 [train]:  52%|████████████           | 738/1407 [02:03<01:49,  6.09it/s, avg=5.18, loss=4.6]Epoch 1 [train]:  52%|███████████▌          | 738/1407 [02:03<01:49,  6.09it/s, avg=5.17, loss=4.63]Epoch 1 [train]:  53%|███████████▌          | 739/1407 [02:03<01:47,  6.19it/s, avg=5.17, loss=4.63]Epoch 1 [train]:  53%|███████████▌          | 739/1407 [02:03<01:47,  6.19it/s, avg=5.17, loss=4.61]Epoch 1 [train]:  53%|███████████▌          | 740/1407 [02:03<01:47,  6.21it/s, avg=5.17, loss=4.61]Epoch 1 [train]:  53%|███████████▌          | 740/1407 [02:03<01:47,  6.21it/s, avg=5.17, loss=4.69]Epoch 1 [train]:  53%|███████████▌          | 741/1407 [02:03<01:48,  6.16it/s, avg=5.17, loss=4.69]Epoch 1 [train]:  53%|███████████▌          | 741/1407 [02:03<01:48,  6.16it/s, avg=5.17, loss=4.43]Epoch 1 [train]:  53%|███████████▌          | 742/1407 [02:03<01:52,  5.93it/s, avg=5.17, loss=4.43]Epoch 1 [train]:  53%|███████████▌          | 742/1407 [02:03<01:52,  5.93it/s, avg=5.17, loss=4.54]Epoch 1 [train]:  53%|███████████▌          | 743/1407 [02:03<01:56,  5.68it/s, avg=5.17, loss=4.54]Epoch 1 [train]:  53%|███████████▌          | 743/1407 [02:04<01:56,  5.68it/s, avg=5.17, loss=4.51]Epoch 1 [train]:  53%|███████████▋          | 744/1407 [02:04<01:58,  5.61it/s, avg=5.17, loss=4.51]Epoch 1 [train]:  53%|███████████▋          | 744/1407 [02:04<01:58,  5.61it/s, avg=5.17, loss=4.78]Epoch 1 [train]:  53%|███████████▋          | 745/1407 [02:04<01:59,  5.52it/s, avg=5.17, loss=4.78]Epoch 1 [train]:  53%|████████████▏          | 745/1407 [02:04<01:59,  5.52it/s, avg=5.17, loss=4.7]Epoch 1 [train]:  53%|████████████▏          | 746/1407 [02:04<02:08,  5.12it/s, avg=5.17, loss=4.7]Epoch 1 [train]:  53%|███████████▋          | 746/1407 [02:04<02:08,  5.12it/s, avg=5.17, loss=4.67]Epoch 1 [train]:  53%|███████████▋          | 747/1407 [02:04<02:11,  5.04it/s, avg=5.17, loss=4.67]Epoch 1 [train]:  53%|███████████▋          | 747/1407 [02:05<02:11,  5.04it/s, avg=5.17, loss=4.75]Epoch 1 [train]:  53%|███████████▋          | 748/1407 [02:05<02:11,  5.01it/s, avg=5.17, loss=4.75]Epoch 1 [train]:  53%|███████████▋          | 748/1407 [02:05<02:11,  5.01it/s, avg=5.17, loss=4.54]Epoch 1 [train]:  53%|███████████▋          | 749/1407 [02:05<01:56,  5.63it/s, avg=5.17, loss=4.54]Epoch 1 [train]:  53%|███████████▋          | 749/1407 [02:05<01:56,  5.63it/s, avg=5.17, loss=4.66]Epoch 1 [train]:  53%|███████████▋          | 750/1407 [02:05<01:53,  5.80it/s, avg=5.17, loss=4.66]Epoch 1 [train]:  53%|███████████▋          | 750/1407 [02:05<01:53,  5.80it/s, avg=5.17, loss=4.66]Epoch 1 [train]:  53%|███████████▋          | 751/1407 [02:05<01:58,  5.52it/s, avg=5.17, loss=4.66]Epoch 1 [train]:  53%|███████████▋          | 751/1407 [02:05<01:58,  5.52it/s, avg=5.17, loss=4.66]Epoch 1 [train]:  53%|███████████▊          | 752/1407 [02:05<01:56,  5.60it/s, avg=5.17, loss=4.66]Epoch 1 [train]:  53%|███████████▊          | 752/1407 [02:05<01:56,  5.60it/s, avg=5.16, loss=4.43]Epoch 1 [train]:  54%|███████████▊          | 753/1407 [02:05<01:56,  5.60it/s, avg=5.16, loss=4.43]Epoch 1 [train]:  54%|███████████▊          | 753/1407 [02:05<01:56,  5.60it/s, avg=5.16, loss=4.54]Epoch 1 [train]:  54%|███████████▊          | 754/1407 [02:05<01:47,  6.05it/s, avg=5.16, loss=4.54]Epoch 1 [train]:  54%|███████████▊          | 754/1407 [02:06<01:47,  6.05it/s, avg=5.16, loss=4.54]Epoch 1 [train]:  54%|███████████▊          | 755/1407 [02:06<02:01,  5.37it/s, avg=5.16, loss=4.54]Epoch 1 [train]:  54%|███████████▊          | 755/1407 [02:06<02:01,  5.37it/s, avg=5.16, loss=4.62]Epoch 1 [train]:  54%|███████████▊          | 756/1407 [02:06<01:56,  5.59it/s, avg=5.16, loss=4.62]Epoch 1 [train]:  54%|███████████▊          | 756/1407 [02:06<01:56,  5.59it/s, avg=5.16, loss=4.65]Epoch 1 [train]:  54%|███████████▊          | 757/1407 [02:06<01:53,  5.72it/s, avg=5.16, loss=4.65]Epoch 1 [train]:  54%|███████████▊          | 757/1407 [02:06<01:53,  5.72it/s, avg=5.16, loss=4.53]Epoch 1 [train]:  54%|███████████▊          | 758/1407 [02:06<02:02,  5.30it/s, avg=5.16, loss=4.53]Epoch 1 [train]:  54%|███████████▊          | 758/1407 [02:06<02:02,  5.30it/s, avg=5.16, loss=4.54]Epoch 1 [train]:  54%|███████████▊          | 759/1407 [02:06<01:57,  5.54it/s, avg=5.16, loss=4.54]Epoch 1 [train]:  54%|███████████▊          | 759/1407 [02:07<01:57,  5.54it/s, avg=5.16, loss=4.85]Epoch 1 [train]:  54%|███████████▉          | 760/1407 [02:07<02:05,  5.16it/s, avg=5.16, loss=4.85]Epoch 1 [train]:  54%|███████████▉          | 760/1407 [02:07<02:05,  5.16it/s, avg=5.16, loss=4.57]Epoch 1 [train]:  54%|███████████▉          | 761/1407 [02:07<01:55,  5.60it/s, avg=5.16, loss=4.57]Epoch 1 [train]:  54%|███████████▉          | 761/1407 [02:07<01:55,  5.60it/s, avg=5.16, loss=4.62]Epoch 1 [train]:  54%|███████████▉          | 762/1407 [02:07<01:49,  5.90it/s, avg=5.16, loss=4.62]Epoch 1 [train]:  54%|███████████▉          | 762/1407 [02:07<01:49,  5.90it/s, avg=5.16, loss=4.56]Epoch 1 [train]:  54%|███████████▉          | 763/1407 [02:07<01:42,  6.26it/s, avg=5.16, loss=4.56]Epoch 1 [train]:  54%|███████████▉          | 763/1407 [02:07<01:42,  6.26it/s, avg=5.16, loss=4.79]Epoch 1 [train]:  54%|███████████▉          | 764/1407 [02:07<01:42,  6.27it/s, avg=5.16, loss=4.79]Epoch 1 [train]:  54%|███████████▉          | 764/1407 [02:07<01:42,  6.27it/s, avg=5.16, loss=4.52]Epoch 1 [train]:  54%|███████████▉          | 765/1407 [02:07<01:45,  6.11it/s, avg=5.16, loss=4.52]Epoch 1 [train]:  54%|███████████▉          | 765/1407 [02:08<01:45,  6.11it/s, avg=5.15, loss=4.64]Epoch 1 [train]:  54%|███████████▉          | 766/1407 [02:08<01:57,  5.45it/s, avg=5.15, loss=4.64]Epoch 1 [train]:  54%|███████████▉          | 766/1407 [02:08<01:57,  5.45it/s, avg=5.15, loss=4.71]Epoch 1 [train]:  55%|███████████▉          | 767/1407 [02:08<01:53,  5.63it/s, avg=5.15, loss=4.71]Epoch 1 [train]:  55%|███████████▉          | 767/1407 [02:08<01:53,  5.63it/s, avg=5.15, loss=4.52]Epoch 1 [train]:  55%|████████████          | 768/1407 [02:08<01:41,  6.27it/s, avg=5.15, loss=4.52]Epoch 1 [train]:  55%|████████████          | 768/1407 [02:08<01:41,  6.27it/s, avg=5.15, loss=4.54]Epoch 1 [train]:  55%|████████████          | 769/1407 [02:08<01:40,  6.32it/s, avg=5.15, loss=4.54]Epoch 1 [train]:  55%|████████████          | 769/1407 [02:08<01:40,  6.32it/s, avg=5.15, loss=4.55]Epoch 1 [train]:  55%|████████████          | 770/1407 [02:08<01:38,  6.49it/s, avg=5.15, loss=4.55]Epoch 1 [train]:  55%|████████████          | 770/1407 [02:08<01:38,  6.49it/s, avg=5.15, loss=4.56]Epoch 1 [train]:  55%|████████████          | 771/1407 [02:08<01:43,  6.13it/s, avg=5.15, loss=4.56]Epoch 1 [train]:  55%|████████████          | 771/1407 [02:09<01:43,  6.13it/s, avg=5.15, loss=4.42]Epoch 1 [train]:  55%|████████████          | 772/1407 [02:09<01:41,  6.26it/s, avg=5.15, loss=4.42]Epoch 1 [train]:  55%|████████████          | 772/1407 [02:09<01:41,  6.26it/s, avg=5.15, loss=4.66]Epoch 1 [train]:  55%|████████████          | 773/1407 [02:09<01:47,  5.92it/s, avg=5.15, loss=4.66]Epoch 1 [train]:  55%|████████████          | 773/1407 [02:09<01:47,  5.92it/s, avg=5.15, loss=4.44]Epoch 1 [train]:  55%|████████████          | 774/1407 [02:09<01:44,  6.06it/s, avg=5.15, loss=4.44]Epoch 1 [train]:  55%|████████████          | 774/1407 [02:09<01:44,  6.06it/s, avg=5.15, loss=4.64]Epoch 1 [train]:  55%|████████████          | 775/1407 [02:09<01:48,  5.84it/s, avg=5.15, loss=4.64]Epoch 1 [train]:  55%|████████████          | 775/1407 [02:09<01:48,  5.84it/s, avg=5.15, loss=4.54]Epoch 1 [train]:  55%|████████████▏         | 776/1407 [02:09<01:52,  5.63it/s, avg=5.15, loss=4.54]Epoch 1 [train]:  55%|████████████▏         | 776/1407 [02:09<01:52,  5.63it/s, avg=5.15, loss=4.72]Epoch 1 [train]:  55%|████████████▏         | 777/1407 [02:09<01:47,  5.88it/s, avg=5.15, loss=4.72]Epoch 1 [train]:  55%|████████████▋          | 777/1407 [02:10<01:47,  5.88it/s, avg=5.15, loss=4.6]Epoch 1 [train]:  55%|████████████▋          | 778/1407 [02:10<01:45,  5.96it/s, avg=5.15, loss=4.6]Epoch 1 [train]:  55%|████████████▏         | 778/1407 [02:10<01:45,  5.96it/s, avg=5.15, loss=4.55]Epoch 1 [train]:  55%|████████████▏         | 779/1407 [02:10<01:43,  6.08it/s, avg=5.15, loss=4.55]Epoch 1 [train]:  55%|████████████▋          | 779/1407 [02:10<01:43,  6.08it/s, avg=5.14, loss=4.6]Epoch 1 [train]:  55%|████████████▊          | 780/1407 [02:10<01:47,  5.81it/s, avg=5.14, loss=4.6]Epoch 1 [train]:  55%|████████████▏         | 780/1407 [02:10<01:47,  5.81it/s, avg=5.14, loss=4.67]Epoch 1 [train]:  56%|████████████▏         | 781/1407 [02:10<01:40,  6.20it/s, avg=5.14, loss=4.67]Epoch 1 [train]:  56%|████████████▏         | 781/1407 [02:10<01:40,  6.20it/s, avg=5.14, loss=4.64]Epoch 1 [train]:  56%|████████████▏         | 782/1407 [02:10<01:43,  6.06it/s, avg=5.14, loss=4.64]Epoch 1 [train]:  56%|████████████▏         | 782/1407 [02:10<01:43,  6.06it/s, avg=5.14, loss=4.51]Epoch 1 [train]:  56%|████████████▏         | 783/1407 [02:10<01:38,  6.36it/s, avg=5.14, loss=4.51]Epoch 1 [train]:  56%|████████████▏         | 783/1407 [02:11<01:38,  6.36it/s, avg=5.14, loss=4.54]Epoch 1 [train]:  56%|████████████▎         | 784/1407 [02:11<01:42,  6.10it/s, avg=5.14, loss=4.54]Epoch 1 [train]:  56%|████████████▊          | 784/1407 [02:11<01:42,  6.10it/s, avg=5.14, loss=4.7]Epoch 1 [train]:  56%|████████████▊          | 785/1407 [02:11<01:44,  5.94it/s, avg=5.14, loss=4.7]Epoch 1 [train]:  56%|████████████▎         | 785/1407 [02:11<01:44,  5.94it/s, avg=5.14, loss=4.49]Epoch 1 [train]:  56%|████████████▎         | 786/1407 [02:11<01:43,  5.98it/s, avg=5.14, loss=4.49]Epoch 1 [train]:  56%|████████████▎         | 786/1407 [02:11<01:43,  5.98it/s, avg=5.14, loss=4.67]Epoch 1 [train]:  56%|████████████▎         | 787/1407 [02:11<01:41,  6.11it/s, avg=5.14, loss=4.67]Epoch 1 [train]:  56%|████████████▎         | 787/1407 [02:11<01:41,  6.11it/s, avg=5.14, loss=4.58]Epoch 1 [train]:  56%|████████████▎         | 788/1407 [02:11<01:46,  5.81it/s, avg=5.14, loss=4.58]Epoch 1 [train]:  56%|████████████▎         | 788/1407 [02:11<01:46,  5.81it/s, avg=5.14, loss=4.54]Epoch 1 [train]:  56%|████████████▎         | 789/1407 [02:11<01:36,  6.39it/s, avg=5.14, loss=4.54]Epoch 1 [train]:  56%|████████████▎         | 789/1407 [02:12<01:36,  6.39it/s, avg=5.14, loss=4.77]Epoch 1 [train]:  56%|████████████▎         | 790/1407 [02:12<01:44,  5.93it/s, avg=5.14, loss=4.77]Epoch 1 [train]:  56%|████████████▎         | 790/1407 [02:12<01:44,  5.93it/s, avg=5.14, loss=4.24]Epoch 1 [train]:  56%|████████████▎         | 791/1407 [02:12<01:45,  5.86it/s, avg=5.14, loss=4.24]Epoch 1 [train]:  56%|████████████▎         | 791/1407 [02:12<01:45,  5.86it/s, avg=5.14, loss=4.44]Epoch 1 [train]:  56%|████████████▍         | 792/1407 [02:12<01:47,  5.71it/s, avg=5.14, loss=4.44]Epoch 1 [train]:  56%|████████████▍         | 792/1407 [02:12<01:47,  5.71it/s, avg=5.14, loss=4.76]Epoch 1 [train]:  56%|████████████▍         | 793/1407 [02:12<01:52,  5.44it/s, avg=5.14, loss=4.76]Epoch 1 [train]:  56%|████████████▍         | 793/1407 [02:12<01:52,  5.44it/s, avg=5.13, loss=4.52]Epoch 1 [train]:  56%|████████████▍         | 794/1407 [02:12<01:47,  5.68it/s, avg=5.13, loss=4.52]Epoch 1 [train]:  56%|████████████▍         | 794/1407 [02:12<01:47,  5.68it/s, avg=5.13, loss=4.45]Epoch 1 [train]:  57%|████████████▍         | 795/1407 [02:12<01:51,  5.49it/s, avg=5.13, loss=4.45]Epoch 1 [train]:  57%|████████████▍         | 795/1407 [02:13<01:51,  5.49it/s, avg=5.13, loss=4.54]Epoch 1 [train]:  57%|████████████▍         | 796/1407 [02:13<01:52,  5.42it/s, avg=5.13, loss=4.54]Epoch 1 [train]:  57%|████████████▍         | 796/1407 [02:13<01:52,  5.42it/s, avg=5.13, loss=4.61]Epoch 1 [train]:  57%|████████████▍         | 797/1407 [02:13<01:42,  5.96it/s, avg=5.13, loss=4.61]Epoch 1 [train]:  57%|████████████▍         | 797/1407 [02:13<01:42,  5.96it/s, avg=5.13, loss=4.58]Epoch 1 [train]:  57%|████████████▍         | 798/1407 [02:13<01:39,  6.14it/s, avg=5.13, loss=4.58]Epoch 1 [train]:  57%|████████████▍         | 798/1407 [02:13<01:39,  6.14it/s, avg=5.13, loss=4.56]Epoch 1 [train]:  57%|████████████▍         | 799/1407 [02:13<01:36,  6.29it/s, avg=5.13, loss=4.56][train] epoch=1 batch=800/1407 loss=4.9264 avg=5.1305 gpu_mem=886MB
Epoch 1 [train]:  57%|████████████▍         | 799/1407 [02:13<01:36,  6.29it/s, avg=5.13, loss=4.93]Epoch 1 [train]:  57%|████████████▌         | 800/1407 [02:13<01:37,  6.21it/s, avg=5.13, loss=4.93]Epoch 1 [train]:  57%|████████████▌         | 800/1407 [02:13<01:37,  6.21it/s, avg=5.13, loss=4.55]Epoch 1 [train]:  57%|████████████▌         | 801/1407 [02:13<01:35,  6.33it/s, avg=5.13, loss=4.55]Epoch 1 [train]:  57%|█████████████          | 801/1407 [02:14<01:35,  6.33it/s, avg=5.13, loss=4.7]Epoch 1 [train]:  57%|█████████████          | 802/1407 [02:14<01:35,  6.36it/s, avg=5.13, loss=4.7]Epoch 1 [train]:  57%|████████████▌         | 802/1407 [02:14<01:35,  6.36it/s, avg=5.13, loss=4.44]Epoch 1 [train]:  57%|████████████▌         | 803/1407 [02:14<01:28,  6.79it/s, avg=5.13, loss=4.44]Epoch 1 [train]:  57%|█████████████▏         | 803/1407 [02:14<01:28,  6.79it/s, avg=5.13, loss=4.6]Epoch 1 [train]:  57%|█████████████▏         | 804/1407 [02:14<01:29,  6.77it/s, avg=5.13, loss=4.6]Epoch 1 [train]:  57%|████████████▌         | 804/1407 [02:14<01:29,  6.77it/s, avg=5.13, loss=4.67]Epoch 1 [train]:  57%|████████████▌         | 805/1407 [02:14<01:44,  5.78it/s, avg=5.13, loss=4.67]Epoch 1 [train]:  57%|████████████▌         | 805/1407 [02:14<01:44,  5.78it/s, avg=5.13, loss=4.44]Epoch 1 [train]:  57%|████████████▌         | 806/1407 [02:14<01:37,  6.13it/s, avg=5.13, loss=4.44]Epoch 1 [train]:  57%|████████████▌         | 806/1407 [02:14<01:37,  6.13it/s, avg=5.13, loss=4.64]Epoch 1 [train]:  57%|████████████▌         | 807/1407 [02:14<01:46,  5.61it/s, avg=5.13, loss=4.64]Epoch 1 [train]:  57%|█████████████▏         | 807/1407 [02:15<01:46,  5.61it/s, avg=5.13, loss=4.6]Epoch 1 [train]:  57%|█████████████▏         | 808/1407 [02:15<01:40,  5.95it/s, avg=5.13, loss=4.6]Epoch 1 [train]:  57%|████████████▋         | 808/1407 [02:15<01:40,  5.95it/s, avg=5.12, loss=4.67]Epoch 1 [train]:  57%|████████████▋         | 809/1407 [02:15<01:33,  6.40it/s, avg=5.12, loss=4.67]Epoch 1 [train]:  57%|█████████████▏         | 809/1407 [02:15<01:33,  6.40it/s, avg=5.12, loss=4.5]Epoch 1 [train]:  58%|█████████████▏         | 810/1407 [02:15<01:37,  6.11it/s, avg=5.12, loss=4.5]Epoch 1 [train]:  58%|████████████▋         | 810/1407 [02:15<01:37,  6.11it/s, avg=5.12, loss=4.52]Epoch 1 [train]:  58%|████████████▋         | 811/1407 [02:15<01:47,  5.57it/s, avg=5.12, loss=4.52]Epoch 1 [train]:  58%|████████████▋         | 811/1407 [02:15<01:47,  5.57it/s, avg=5.12, loss=4.42]Epoch 1 [train]:  58%|████████████▋         | 812/1407 [02:15<01:42,  5.81it/s, avg=5.12, loss=4.42]Epoch 1 [train]:  58%|█████████████▎         | 812/1407 [02:15<01:42,  5.81it/s, avg=5.12, loss=4.7]Epoch 1 [train]:  58%|█████████████▎         | 813/1407 [02:15<01:46,  5.57it/s, avg=5.12, loss=4.7]Epoch 1 [train]:  58%|████████████▋         | 813/1407 [02:16<01:46,  5.57it/s, avg=5.12, loss=4.42]Epoch 1 [train]:  58%|████████████▋         | 814/1407 [02:16<01:51,  5.33it/s, avg=5.12, loss=4.42]Epoch 1 [train]:  58%|█████████████▎         | 814/1407 [02:16<01:51,  5.33it/s, avg=5.12, loss=4.6]Epoch 1 [train]:  58%|█████████████▎         | 815/1407 [02:16<01:44,  5.65it/s, avg=5.12, loss=4.6]Epoch 1 [train]:  58%|████████████▋         | 815/1407 [02:16<01:44,  5.65it/s, avg=5.12, loss=4.65]Epoch 1 [train]:  58%|████████████▊         | 816/1407 [02:16<01:43,  5.69it/s, avg=5.12, loss=4.65]Epoch 1 [train]:  58%|████████████▊         | 816/1407 [02:16<01:43,  5.69it/s, avg=5.12, loss=4.52]Epoch 1 [train]:  58%|████████████▊         | 817/1407 [02:16<01:39,  5.94it/s, avg=5.12, loss=4.52]Epoch 1 [train]:  58%|████████████▊         | 817/1407 [02:16<01:39,  5.94it/s, avg=5.12, loss=4.63]Epoch 1 [train]:  58%|████████████▊         | 818/1407 [02:16<01:37,  6.06it/s, avg=5.12, loss=4.63]Epoch 1 [train]:  58%|████████████▊         | 818/1407 [02:16<01:37,  6.06it/s, avg=5.12, loss=4.59]Epoch 1 [train]:  58%|████████████▊         | 819/1407 [02:16<01:41,  5.80it/s, avg=5.12, loss=4.59]Epoch 1 [train]:  58%|████████████▊         | 819/1407 [02:17<01:41,  5.80it/s, avg=5.12, loss=4.53]Epoch 1 [train]:  58%|████████████▊         | 820/1407 [02:17<01:39,  5.93it/s, avg=5.12, loss=4.53]Epoch 1 [train]:  58%|████████████▊         | 820/1407 [02:17<01:39,  5.93it/s, avg=5.12, loss=4.67]Epoch 1 [train]:  58%|████████████▊         | 821/1407 [02:17<01:50,  5.31it/s, avg=5.12, loss=4.67]Epoch 1 [train]:  58%|████████████▊         | 821/1407 [02:17<01:50,  5.31it/s, avg=5.12, loss=4.56]Epoch 1 [train]:  58%|████████████▊         | 822/1407 [02:17<01:49,  5.33it/s, avg=5.12, loss=4.56]Epoch 1 [train]:  58%|████████████▊         | 822/1407 [02:17<01:49,  5.33it/s, avg=5.11, loss=4.54]Epoch 1 [train]:  58%|████████████▊         | 823/1407 [02:17<01:46,  5.46it/s, avg=5.11, loss=4.54]Epoch 1 [train]:  58%|████████████▊         | 823/1407 [02:17<01:46,  5.46it/s, avg=5.11, loss=4.49]Epoch 1 [train]:  59%|████████████▉         | 824/1407 [02:17<01:43,  5.64it/s, avg=5.11, loss=4.49]Epoch 1 [train]:  59%|████████████▉         | 824/1407 [02:18<01:43,  5.64it/s, avg=5.11, loss=4.75]Epoch 1 [train]:  59%|████████████▉         | 825/1407 [02:18<01:44,  5.59it/s, avg=5.11, loss=4.75]Epoch 1 [train]:  59%|█████████████▍         | 825/1407 [02:18<01:44,  5.59it/s, avg=5.11, loss=4.7]Epoch 1 [train]:  59%|█████████████▌         | 826/1407 [02:18<01:45,  5.51it/s, avg=5.11, loss=4.7]Epoch 1 [train]:  59%|████████████▉         | 826/1407 [02:18<01:45,  5.51it/s, avg=5.11, loss=4.56]Epoch 1 [train]:  59%|████████████▉         | 827/1407 [02:18<01:41,  5.69it/s, avg=5.11, loss=4.56]Epoch 1 [train]:  59%|████████████▉         | 827/1407 [02:18<01:41,  5.69it/s, avg=5.11, loss=4.66]Epoch 1 [train]:  59%|████████████▉         | 828/1407 [02:18<01:36,  5.99it/s, avg=5.11, loss=4.66]Epoch 1 [train]:  59%|████████████▉         | 828/1407 [02:18<01:36,  5.99it/s, avg=5.11, loss=4.69]Epoch 1 [train]:  59%|████████████▉         | 829/1407 [02:18<01:32,  6.22it/s, avg=5.11, loss=4.69]Epoch 1 [train]:  59%|████████████▉         | 829/1407 [02:18<01:32,  6.22it/s, avg=5.11, loss=4.65]Epoch 1 [train]:  59%|████████████▉         | 830/1407 [02:18<01:37,  5.89it/s, avg=5.11, loss=4.65]Epoch 1 [train]:  59%|████████████▉         | 830/1407 [02:19<01:37,  5.89it/s, avg=5.11, loss=4.62]Epoch 1 [train]:  59%|████████████▉         | 831/1407 [02:19<01:35,  6.04it/s, avg=5.11, loss=4.62]Epoch 1 [train]:  59%|████████████▉         | 831/1407 [02:19<01:35,  6.04it/s, avg=5.11, loss=4.82]Epoch 1 [train]:  59%|█████████████         | 832/1407 [02:19<01:37,  5.92it/s, avg=5.11, loss=4.82]Epoch 1 [train]:  59%|█████████████         | 832/1407 [02:19<01:37,  5.92it/s, avg=5.11, loss=4.53]Epoch 1 [train]:  59%|█████████████         | 833/1407 [02:19<01:33,  6.14it/s, avg=5.11, loss=4.53]Epoch 1 [train]:  59%|█████████████         | 833/1407 [02:19<01:33,  6.14it/s, avg=5.11, loss=4.55]Epoch 1 [train]:  59%|█████████████         | 834/1407 [02:19<01:28,  6.44it/s, avg=5.11, loss=4.55]Epoch 1 [train]:  59%|█████████████         | 834/1407 [02:19<01:28,  6.44it/s, avg=5.11, loss=4.69]Epoch 1 [train]:  59%|█████████████         | 835/1407 [02:19<01:28,  6.43it/s, avg=5.11, loss=4.69]Epoch 1 [train]:  59%|█████████████         | 835/1407 [02:19<01:28,  6.43it/s, avg=5.11, loss=4.44]Epoch 1 [train]:  59%|█████████████         | 836/1407 [02:19<01:34,  6.07it/s, avg=5.11, loss=4.44]Epoch 1 [train]:  59%|█████████████         | 836/1407 [02:20<01:34,  6.07it/s, avg=5.11, loss=4.59]Epoch 1 [train]:  59%|█████████████         | 837/1407 [02:20<01:40,  5.68it/s, avg=5.11, loss=4.59]Epoch 1 [train]:  59%|█████████████         | 837/1407 [02:20<01:40,  5.68it/s, avg=5.11, loss=4.52]Epoch 1 [train]:  60%|█████████████         | 838/1407 [02:20<01:34,  6.02it/s, avg=5.11, loss=4.52]Epoch 1 [train]:  60%|█████████████         | 838/1407 [02:20<01:34,  6.02it/s, avg=5.11, loss=4.34]Epoch 1 [train]:  60%|█████████████         | 839/1407 [02:20<01:33,  6.04it/s, avg=5.11, loss=4.34]Epoch 1 [train]:  60%|█████████████▋         | 839/1407 [02:20<01:33,  6.04it/s, avg=5.1, loss=4.43]Epoch 1 [train]:  60%|█████████████▋         | 840/1407 [02:20<01:36,  5.86it/s, avg=5.1, loss=4.43]Epoch 1 [train]:  60%|██████████████▎         | 840/1407 [02:20<01:36,  5.86it/s, avg=5.1, loss=4.6]Epoch 1 [train]:  60%|██████████████▎         | 841/1407 [02:20<01:38,  5.75it/s, avg=5.1, loss=4.6]Epoch 1 [train]:  60%|█████████████▋         | 841/1407 [02:20<01:38,  5.75it/s, avg=5.1, loss=4.45]Epoch 1 [train]:  60%|█████████████▊         | 842/1407 [02:20<01:44,  5.38it/s, avg=5.1, loss=4.45]Epoch 1 [train]:  60%|█████████████▊         | 842/1407 [02:21<01:44,  5.38it/s, avg=5.1, loss=4.63]Epoch 1 [train]:  60%|█████████████▊         | 843/1407 [02:21<01:46,  5.31it/s, avg=5.1, loss=4.63]Epoch 1 [train]:  60%|█████████████▊         | 843/1407 [02:21<01:46,  5.31it/s, avg=5.1, loss=4.48]Epoch 1 [train]:  60%|█████████████▊         | 844/1407 [02:21<01:49,  5.13it/s, avg=5.1, loss=4.48]Epoch 1 [train]:  60%|█████████████▊         | 844/1407 [02:21<01:49,  5.13it/s, avg=5.1, loss=4.62]Epoch 1 [train]:  60%|█████████████▊         | 845/1407 [02:21<01:45,  5.31it/s, avg=5.1, loss=4.62]Epoch 1 [train]:  60%|█████████████▊         | 845/1407 [02:21<01:45,  5.31it/s, avg=5.1, loss=4.59]Epoch 1 [train]:  60%|█████████████▊         | 846/1407 [02:21<01:46,  5.28it/s, avg=5.1, loss=4.59]Epoch 1 [train]:  60%|█████████████▊         | 846/1407 [02:21<01:46,  5.28it/s, avg=5.1, loss=4.51]Epoch 1 [train]:  60%|█████████████▊         | 847/1407 [02:21<01:44,  5.38it/s, avg=5.1, loss=4.51]Epoch 1 [train]:  60%|█████████████▊         | 847/1407 [02:22<01:44,  5.38it/s, avg=5.1, loss=4.48]Epoch 1 [train]:  60%|█████████████▊         | 848/1407 [02:22<01:37,  5.71it/s, avg=5.1, loss=4.48]Epoch 1 [train]:  60%|█████████████▊         | 848/1407 [02:22<01:37,  5.71it/s, avg=5.1, loss=4.64]Epoch 1 [train]:  60%|█████████████▉         | 849/1407 [02:22<01:41,  5.51it/s, avg=5.1, loss=4.64]Epoch 1 [train]:  60%|█████████████▉         | 849/1407 [02:22<01:41,  5.51it/s, avg=5.1, loss=4.65]Epoch 1 [train]:  60%|█████████████▉         | 850/1407 [02:22<01:37,  5.71it/s, avg=5.1, loss=4.65]Epoch 1 [train]:  60%|█████████████▉         | 850/1407 [02:22<01:37,  5.71it/s, avg=5.1, loss=4.57]Epoch 1 [train]:  60%|█████████████▉         | 851/1407 [02:22<01:37,  5.71it/s, avg=5.1, loss=4.57]Epoch 1 [train]:  60%|█████████████▉         | 851/1407 [02:22<01:37,  5.71it/s, avg=5.1, loss=4.48]Epoch 1 [train]:  61%|█████████████▉         | 852/1407 [02:22<01:40,  5.51it/s, avg=5.1, loss=4.48]Epoch 1 [train]:  61%|█████████████▉         | 852/1407 [02:22<01:40,  5.51it/s, avg=5.1, loss=4.38]Epoch 1 [train]:  61%|█████████████▉         | 853/1407 [02:22<01:32,  6.01it/s, avg=5.1, loss=4.38]Epoch 1 [train]:  61%|█████████████▉         | 853/1407 [02:23<01:32,  6.01it/s, avg=5.1, loss=4.59]Epoch 1 [train]:  61%|█████████████▉         | 854/1407 [02:23<01:29,  6.15it/s, avg=5.1, loss=4.59]Epoch 1 [train]:  61%|█████████████▎        | 854/1407 [02:23<01:29,  6.15it/s, avg=5.09, loss=4.53]Epoch 1 [train]:  61%|█████████████▎        | 855/1407 [02:23<01:41,  5.45it/s, avg=5.09, loss=4.53]Epoch 1 [train]:  61%|█████████████▎        | 855/1407 [02:23<01:41,  5.45it/s, avg=5.09, loss=4.51]Epoch 1 [train]:  61%|█████████████▍        | 856/1407 [02:23<01:36,  5.70it/s, avg=5.09, loss=4.51]Epoch 1 [train]:  61%|█████████████▍        | 856/1407 [02:23<01:36,  5.70it/s, avg=5.09, loss=4.45]Epoch 1 [train]:  61%|█████████████▍        | 857/1407 [02:23<01:41,  5.43it/s, avg=5.09, loss=4.45]Epoch 1 [train]:  61%|█████████████▍        | 857/1407 [02:23<01:41,  5.43it/s, avg=5.09, loss=4.54]Epoch 1 [train]:  61%|█████████████▍        | 858/1407 [02:23<01:40,  5.48it/s, avg=5.09, loss=4.54]Epoch 1 [train]:  61%|█████████████▍        | 858/1407 [02:24<01:40,  5.48it/s, avg=5.09, loss=4.54]Epoch 1 [train]:  61%|█████████████▍        | 859/1407 [02:24<01:38,  5.58it/s, avg=5.09, loss=4.54]Epoch 1 [train]:  61%|█████████████▍        | 859/1407 [02:24<01:38,  5.58it/s, avg=5.09, loss=4.53]Epoch 1 [train]:  61%|█████████████▍        | 860/1407 [02:24<01:34,  5.79it/s, avg=5.09, loss=4.53]Epoch 1 [train]:  61%|█████████████▍        | 860/1407 [02:24<01:34,  5.79it/s, avg=5.09, loss=4.47]Epoch 1 [train]:  61%|█████████████▍        | 861/1407 [02:24<01:31,  5.95it/s, avg=5.09, loss=4.47]Epoch 1 [train]:  61%|█████████████▍        | 861/1407 [02:24<01:31,  5.95it/s, avg=5.09, loss=4.68]Epoch 1 [train]:  61%|█████████████▍        | 862/1407 [02:24<01:29,  6.09it/s, avg=5.09, loss=4.68]Epoch 1 [train]:  61%|█████████████▍        | 862/1407 [02:24<01:29,  6.09it/s, avg=5.09, loss=4.63]Epoch 1 [train]:  61%|█████████████▍        | 863/1407 [02:24<01:32,  5.89it/s, avg=5.09, loss=4.63]Epoch 1 [train]:  61%|█████████████▍        | 863/1407 [02:24<01:32,  5.89it/s, avg=5.09, loss=4.81]Epoch 1 [train]:  61%|█████████████▌        | 864/1407 [02:24<01:29,  6.09it/s, avg=5.09, loss=4.81]Epoch 1 [train]:  61%|█████████████▌        | 864/1407 [02:24<01:29,  6.09it/s, avg=5.09, loss=4.47]Epoch 1 [train]:  61%|█████████████▌        | 865/1407 [02:24<01:26,  6.30it/s, avg=5.09, loss=4.47]Epoch 1 [train]:  61%|█████████████▌        | 865/1407 [02:25<01:26,  6.30it/s, avg=5.09, loss=4.53]Epoch 1 [train]:  62%|█████████████▌        | 866/1407 [02:25<01:27,  6.19it/s, avg=5.09, loss=4.53]Epoch 1 [train]:  62%|█████████████▌        | 866/1407 [02:25<01:27,  6.19it/s, avg=5.09, loss=4.55]Epoch 1 [train]:  62%|█████████████▌        | 867/1407 [02:25<01:35,  5.67it/s, avg=5.09, loss=4.55]Epoch 1 [train]:  62%|█████████████▌        | 867/1407 [02:25<01:35,  5.67it/s, avg=5.09, loss=4.65]Epoch 1 [train]:  62%|█████████████▌        | 868/1407 [02:25<01:34,  5.71it/s, avg=5.09, loss=4.65]Epoch 1 [train]:  62%|█████████████▌        | 868/1407 [02:25<01:34,  5.71it/s, avg=5.09, loss=4.55]Epoch 1 [train]:  62%|█████████████▌        | 869/1407 [02:25<01:37,  5.50it/s, avg=5.09, loss=4.55]Epoch 1 [train]:  62%|█████████████▌        | 869/1407 [02:25<01:37,  5.50it/s, avg=5.09, loss=4.66]Epoch 1 [train]:  62%|█████████████▌        | 870/1407 [02:25<01:44,  5.16it/s, avg=5.09, loss=4.66]Epoch 1 [train]:  62%|█████████████▌        | 870/1407 [02:26<01:44,  5.16it/s, avg=5.08, loss=4.55]Epoch 1 [train]:  62%|█████████████▌        | 871/1407 [02:26<01:43,  5.16it/s, avg=5.08, loss=4.55]Epoch 1 [train]:  62%|█████████████▌        | 871/1407 [02:26<01:43,  5.16it/s, avg=5.08, loss=4.51]Epoch 1 [train]:  62%|█████████████▋        | 872/1407 [02:26<01:38,  5.43it/s, avg=5.08, loss=4.51]Epoch 1 [train]:  62%|█████████████▋        | 872/1407 [02:26<01:38,  5.43it/s, avg=5.08, loss=4.57]Epoch 1 [train]:  62%|█████████████▋        | 873/1407 [02:26<01:34,  5.65it/s, avg=5.08, loss=4.57]Epoch 1 [train]:  62%|█████████████▋        | 873/1407 [02:26<01:34,  5.65it/s, avg=5.08, loss=4.65]Epoch 1 [train]:  62%|█████████████▋        | 874/1407 [02:26<01:34,  5.64it/s, avg=5.08, loss=4.65]Epoch 1 [train]:  62%|█████████████▋        | 874/1407 [02:26<01:34,  5.64it/s, avg=5.08, loss=4.53]Epoch 1 [train]:  62%|█████████████▋        | 875/1407 [02:26<01:33,  5.69it/s, avg=5.08, loss=4.53]Epoch 1 [train]:  62%|█████████████▋        | 875/1407 [02:26<01:33,  5.69it/s, avg=5.08, loss=4.56]Epoch 1 [train]:  62%|█████████████▋        | 876/1407 [02:26<01:33,  5.70it/s, avg=5.08, loss=4.56]Epoch 1 [train]:  62%|█████████████▋        | 876/1407 [02:27<01:33,  5.70it/s, avg=5.08, loss=4.41]Epoch 1 [train]:  62%|█████████████▋        | 877/1407 [02:27<01:29,  5.92it/s, avg=5.08, loss=4.41]Epoch 1 [train]:  62%|█████████████▋        | 877/1407 [02:27<01:29,  5.92it/s, avg=5.08, loss=4.48]Epoch 1 [train]:  62%|█████████████▋        | 878/1407 [02:27<01:21,  6.50it/s, avg=5.08, loss=4.48]Epoch 1 [train]:  62%|█████████████▋        | 878/1407 [02:27<01:21,  6.50it/s, avg=5.08, loss=4.53]Epoch 1 [train]:  62%|█████████████▋        | 879/1407 [02:27<01:26,  6.10it/s, avg=5.08, loss=4.53]Epoch 1 [train]:  62%|█████████████▋        | 879/1407 [02:27<01:26,  6.10it/s, avg=5.08, loss=4.47]Epoch 1 [train]:  63%|█████████████▊        | 880/1407 [02:27<01:23,  6.31it/s, avg=5.08, loss=4.47]Epoch 1 [train]:  63%|█████████████▊        | 880/1407 [02:27<01:23,  6.31it/s, avg=5.08, loss=4.43]Epoch 1 [train]:  63%|█████████████▊        | 881/1407 [02:27<01:23,  6.32it/s, avg=5.08, loss=4.43]Epoch 1 [train]:  63%|█████████████▊        | 881/1407 [02:27<01:23,  6.32it/s, avg=5.08, loss=4.29]Epoch 1 [train]:  63%|█████████████▊        | 882/1407 [02:27<01:24,  6.22it/s, avg=5.08, loss=4.29]Epoch 1 [train]:  63%|█████████████▊        | 882/1407 [02:28<01:24,  6.22it/s, avg=5.08, loss=4.59]Epoch 1 [train]:  63%|█████████████▊        | 883/1407 [02:28<01:24,  6.21it/s, avg=5.08, loss=4.59]Epoch 1 [train]:  63%|█████████████▊        | 883/1407 [02:28<01:24,  6.21it/s, avg=5.08, loss=4.59]Epoch 1 [train]:  63%|█████████████▊        | 884/1407 [02:28<01:23,  6.29it/s, avg=5.08, loss=4.59]Epoch 1 [train]:  63%|█████████████▊        | 884/1407 [02:28<01:23,  6.29it/s, avg=5.08, loss=4.68]Epoch 1 [train]:  63%|█████████████▊        | 885/1407 [02:28<01:25,  6.10it/s, avg=5.08, loss=4.68]Epoch 1 [train]:  63%|█████████████▊        | 885/1407 [02:28<01:25,  6.10it/s, avg=5.08, loss=4.28]Epoch 1 [train]:  63%|█████████████▊        | 886/1407 [02:28<01:36,  5.42it/s, avg=5.08, loss=4.28]Epoch 1 [train]:  63%|█████████████▊        | 886/1407 [02:28<01:36,  5.42it/s, avg=5.07, loss=4.64]Epoch 1 [train]:  63%|█████████████▊        | 887/1407 [02:28<01:35,  5.44it/s, avg=5.07, loss=4.64]Epoch 1 [train]:  63%|█████████████▊        | 887/1407 [02:29<01:35,  5.44it/s, avg=5.07, loss=4.81]Epoch 1 [train]:  63%|█████████████▉        | 888/1407 [02:29<01:38,  5.29it/s, avg=5.07, loss=4.81]Epoch 1 [train]:  63%|█████████████▉        | 888/1407 [02:29<01:38,  5.29it/s, avg=5.07, loss=4.47]Epoch 1 [train]:  63%|█████████████▉        | 889/1407 [02:29<01:32,  5.59it/s, avg=5.07, loss=4.47]Epoch 1 [train]:  63%|█████████████▉        | 889/1407 [02:29<01:32,  5.59it/s, avg=5.07, loss=4.61]Epoch 1 [train]:  63%|█████████████▉        | 890/1407 [02:29<01:34,  5.46it/s, avg=5.07, loss=4.61]Epoch 1 [train]:  63%|█████████████▉        | 890/1407 [02:29<01:34,  5.46it/s, avg=5.07, loss=4.49]Epoch 1 [train]:  63%|█████████████▉        | 891/1407 [02:29<01:33,  5.54it/s, avg=5.07, loss=4.49]Epoch 1 [train]:  63%|█████████████▉        | 891/1407 [02:29<01:33,  5.54it/s, avg=5.07, loss=4.54]Epoch 1 [train]:  63%|█████████████▉        | 892/1407 [02:29<01:31,  5.63it/s, avg=5.07, loss=4.54]Epoch 1 [train]:  63%|█████████████▉        | 892/1407 [02:29<01:31,  5.63it/s, avg=5.07, loss=4.51]Epoch 1 [train]:  63%|█████████████▉        | 893/1407 [02:29<01:32,  5.59it/s, avg=5.07, loss=4.51]Epoch 1 [train]:  63%|█████████████▉        | 893/1407 [02:30<01:32,  5.59it/s, avg=5.07, loss=4.43]Epoch 1 [train]:  64%|█████████████▉        | 894/1407 [02:30<01:27,  5.84it/s, avg=5.07, loss=4.43]Epoch 1 [train]:  64%|█████████████▉        | 894/1407 [02:30<01:27,  5.84it/s, avg=5.07, loss=4.49]Epoch 1 [train]:  64%|█████████████▉        | 895/1407 [02:30<01:26,  5.94it/s, avg=5.07, loss=4.49]Epoch 1 [train]:  64%|█████████████▉        | 895/1407 [02:30<01:26,  5.94it/s, avg=5.07, loss=4.75]Epoch 1 [train]:  64%|██████████████        | 896/1407 [02:30<01:31,  5.57it/s, avg=5.07, loss=4.75]Epoch 1 [train]:  64%|██████████████        | 896/1407 [02:30<01:31,  5.57it/s, avg=5.07, loss=4.66]Epoch 1 [train]:  64%|██████████████        | 897/1407 [02:30<01:33,  5.47it/s, avg=5.07, loss=4.66]Epoch 1 [train]:  64%|██████████████        | 897/1407 [02:30<01:33,  5.47it/s, avg=5.07, loss=4.67]Epoch 1 [train]:  64%|██████████████        | 898/1407 [02:30<01:29,  5.69it/s, avg=5.07, loss=4.67]Epoch 1 [train]:  64%|██████████████        | 898/1407 [02:30<01:29,  5.69it/s, avg=5.07, loss=4.48]Epoch 1 [train]:  64%|██████████████        | 899/1407 [02:30<01:32,  5.50it/s, avg=5.07, loss=4.48][train] epoch=1 batch=900/1407 loss=4.4932 avg=5.0672 gpu_mem=1031MB
Epoch 1 [train]:  64%|██████████████        | 899/1407 [02:31<01:32,  5.50it/s, avg=5.07, loss=4.49]Epoch 1 [train]:  64%|██████████████        | 900/1407 [02:31<01:35,  5.30it/s, avg=5.07, loss=4.49]Epoch 1 [train]:  64%|██████████████        | 900/1407 [02:31<01:35,  5.30it/s, avg=5.07, loss=4.33]Epoch 1 [train]:  64%|██████████████        | 901/1407 [02:31<01:31,  5.55it/s, avg=5.07, loss=4.33]Epoch 1 [train]:  64%|██████████████        | 901/1407 [02:31<01:31,  5.55it/s, avg=5.07, loss=4.59]Epoch 1 [train]:  64%|██████████████        | 902/1407 [02:31<01:23,  6.01it/s, avg=5.07, loss=4.59]Epoch 1 [train]:  64%|██████████████        | 902/1407 [02:31<01:23,  6.01it/s, avg=5.07, loss=4.69]Epoch 1 [train]:  64%|██████████████        | 903/1407 [02:31<01:28,  5.70it/s, avg=5.07, loss=4.69]Epoch 1 [train]:  64%|██████████████▊        | 903/1407 [02:31<01:28,  5.70it/s, avg=5.06, loss=4.6]Epoch 1 [train]:  64%|██████████████▊        | 904/1407 [02:31<01:27,  5.72it/s, avg=5.06, loss=4.6]Epoch 1 [train]:  64%|██████████████▊        | 904/1407 [02:31<01:27,  5.72it/s, avg=5.06, loss=4.7]Epoch 1 [train]:  64%|██████████████▊        | 905/1407 [02:31<01:24,  5.93it/s, avg=5.06, loss=4.7]Epoch 1 [train]:  64%|██████████████▊        | 905/1407 [02:32<01:24,  5.93it/s, avg=5.06, loss=4.6]Epoch 1 [train]:  64%|██████████████▊        | 906/1407 [02:32<01:24,  5.95it/s, avg=5.06, loss=4.6]Epoch 1 [train]:  64%|██████████████▏       | 906/1407 [02:32<01:24,  5.95it/s, avg=5.06, loss=4.56]Epoch 1 [train]:  64%|██████████████▏       | 907/1407 [02:32<01:26,  5.76it/s, avg=5.06, loss=4.56]Epoch 1 [train]:  64%|██████████████▏       | 907/1407 [02:32<01:26,  5.76it/s, avg=5.06, loss=4.54]Epoch 1 [train]:  65%|██████████████▏       | 908/1407 [02:32<01:21,  6.13it/s, avg=5.06, loss=4.54]Epoch 1 [train]:  65%|██████████████▏       | 908/1407 [02:32<01:21,  6.13it/s, avg=5.06, loss=4.47]Epoch 1 [train]:  65%|██████████████▏       | 909/1407 [02:32<01:20,  6.17it/s, avg=5.06, loss=4.47]Epoch 1 [train]:  65%|██████████████▏       | 909/1407 [02:32<01:20,  6.17it/s, avg=5.06, loss=4.43]Epoch 1 [train]:  65%|██████████████▏       | 910/1407 [02:32<01:27,  5.69it/s, avg=5.06, loss=4.43]Epoch 1 [train]:  65%|██████████████▏       | 910/1407 [02:32<01:27,  5.69it/s, avg=5.06, loss=4.36]Epoch 1 [train]:  65%|██████████████▏       | 911/1407 [02:32<01:21,  6.10it/s, avg=5.06, loss=4.36]Epoch 1 [train]:  65%|██████████████▏       | 911/1407 [02:33<01:21,  6.10it/s, avg=5.06, loss=4.53]Epoch 1 [train]:  65%|██████████████▎       | 912/1407 [02:33<01:31,  5.42it/s, avg=5.06, loss=4.53]Epoch 1 [train]:  65%|██████████████▎       | 912/1407 [02:33<01:31,  5.42it/s, avg=5.06, loss=4.39]Epoch 1 [train]:  65%|██████████████▎       | 913/1407 [02:33<01:28,  5.61it/s, avg=5.06, loss=4.39]Epoch 1 [train]:  65%|██████████████▎       | 913/1407 [02:33<01:28,  5.61it/s, avg=5.06, loss=4.44]Epoch 1 [train]:  65%|██████████████▎       | 914/1407 [02:33<01:22,  6.00it/s, avg=5.06, loss=4.44]Epoch 1 [train]:  65%|██████████████▎       | 914/1407 [02:33<01:22,  6.00it/s, avg=5.06, loss=4.37]Epoch 1 [train]:  65%|██████████████▎       | 915/1407 [02:33<01:17,  6.37it/s, avg=5.06, loss=4.37]Epoch 1 [train]:  65%|██████████████▎       | 915/1407 [02:33<01:17,  6.37it/s, avg=5.06, loss=4.56]Epoch 1 [train]:  65%|██████████████▎       | 916/1407 [02:33<01:17,  6.32it/s, avg=5.06, loss=4.56]Epoch 1 [train]:  65%|██████████████▎       | 916/1407 [02:33<01:17,  6.32it/s, avg=5.06, loss=4.42]Epoch 1 [train]:  65%|██████████████▎       | 917/1407 [02:33<01:17,  6.35it/s, avg=5.06, loss=4.42]Epoch 1 [train]:  65%|██████████████▎       | 917/1407 [02:34<01:17,  6.35it/s, avg=5.06, loss=4.53]Epoch 1 [train]:  65%|██████████████▎       | 918/1407 [02:34<01:13,  6.69it/s, avg=5.06, loss=4.53]Epoch 1 [train]:  65%|██████████████▎       | 918/1407 [02:34<01:13,  6.69it/s, avg=5.06, loss=4.43]Epoch 1 [train]:  65%|██████████████▎       | 919/1407 [02:34<01:14,  6.53it/s, avg=5.06, loss=4.43]Epoch 1 [train]:  65%|██████████████▎       | 919/1407 [02:34<01:14,  6.53it/s, avg=5.05, loss=4.42]Epoch 1 [train]:  65%|██████████████▍       | 920/1407 [02:34<01:15,  6.45it/s, avg=5.05, loss=4.42]Epoch 1 [train]:  65%|██████████████▍       | 920/1407 [02:34<01:15,  6.45it/s, avg=5.05, loss=4.38]Epoch 1 [train]:  65%|██████████████▍       | 921/1407 [02:34<01:13,  6.59it/s, avg=5.05, loss=4.38]Epoch 1 [train]:  65%|██████████████▍       | 921/1407 [02:34<01:13,  6.59it/s, avg=5.05, loss=4.72]Epoch 1 [train]:  66%|██████████████▍       | 922/1407 [02:34<01:24,  5.76it/s, avg=5.05, loss=4.72]Epoch 1 [train]:  66%|██████████████▍       | 922/1407 [02:34<01:24,  5.76it/s, avg=5.05, loss=4.55]Epoch 1 [train]:  66%|██████████████▍       | 923/1407 [02:34<01:22,  5.88it/s, avg=5.05, loss=4.55]Epoch 1 [train]:  66%|██████████████▍       | 923/1407 [02:35<01:22,  5.88it/s, avg=5.05, loss=4.61]Epoch 1 [train]:  66%|██████████████▍       | 924/1407 [02:35<01:22,  5.84it/s, avg=5.05, loss=4.61]Epoch 1 [train]:  66%|███████████████        | 924/1407 [02:35<01:22,  5.84it/s, avg=5.05, loss=4.4]Epoch 1 [train]:  66%|███████████████        | 925/1407 [02:35<01:18,  6.11it/s, avg=5.05, loss=4.4]Epoch 1 [train]:  66%|███████████████        | 925/1407 [02:35<01:18,  6.11it/s, avg=5.05, loss=4.4]Epoch 1 [train]:  66%|███████████████▏       | 926/1407 [02:35<01:22,  5.82it/s, avg=5.05, loss=4.4]Epoch 1 [train]:  66%|██████████████▍       | 926/1407 [02:35<01:22,  5.82it/s, avg=5.05, loss=4.49]Epoch 1 [train]:  66%|██████████████▍       | 927/1407 [02:35<01:26,  5.54it/s, avg=5.05, loss=4.49]Epoch 1 [train]:  66%|██████████████▍       | 927/1407 [02:35<01:26,  5.54it/s, avg=5.05, loss=4.53]Epoch 1 [train]:  66%|██████████████▌       | 928/1407 [02:35<01:20,  5.96it/s, avg=5.05, loss=4.53]Epoch 1 [train]:  66%|██████████████▌       | 928/1407 [02:35<01:20,  5.96it/s, avg=5.05, loss=4.53]Epoch 1 [train]:  66%|██████████████▌       | 929/1407 [02:35<01:20,  5.91it/s, avg=5.05, loss=4.53]Epoch 1 [train]:  66%|██████████████▌       | 929/1407 [02:36<01:20,  5.91it/s, avg=5.05, loss=4.52]Epoch 1 [train]:  66%|██████████████▌       | 930/1407 [02:36<01:15,  6.31it/s, avg=5.05, loss=4.52]Epoch 1 [train]:  66%|███████████████▏       | 930/1407 [02:36<01:15,  6.31it/s, avg=5.05, loss=4.5]Epoch 1 [train]:  66%|███████████████▏       | 931/1407 [02:36<01:15,  6.30it/s, avg=5.05, loss=4.5]Epoch 1 [train]:  66%|██████████████▌       | 931/1407 [02:36<01:15,  6.30it/s, avg=5.05, loss=4.57]Epoch 1 [train]:  66%|██████████████▌       | 932/1407 [02:36<01:17,  6.10it/s, avg=5.05, loss=4.57]Epoch 1 [train]:  66%|██████████████▌       | 932/1407 [02:36<01:17,  6.10it/s, avg=5.05, loss=4.53]Epoch 1 [train]:  66%|██████████████▌       | 933/1407 [02:36<01:20,  5.89it/s, avg=5.05, loss=4.53]Epoch 1 [train]:  66%|██████████████▌       | 933/1407 [02:36<01:20,  5.89it/s, avg=5.05, loss=4.51]Epoch 1 [train]:  66%|██████████████▌       | 934/1407 [02:36<01:17,  6.14it/s, avg=5.05, loss=4.51]Epoch 1 [train]:  66%|██████████████▌       | 934/1407 [02:36<01:17,  6.14it/s, avg=5.05, loss=4.42]Epoch 1 [train]:  66%|██████████████▌       | 935/1407 [02:36<01:12,  6.48it/s, avg=5.05, loss=4.42]Epoch 1 [train]:  66%|██████████████▌       | 935/1407 [02:37<01:12,  6.48it/s, avg=5.05, loss=4.27]Epoch 1 [train]:  67%|██████████████▋       | 936/1407 [02:37<01:16,  6.13it/s, avg=5.05, loss=4.27]Epoch 1 [train]:  67%|██████████████▋       | 936/1407 [02:37<01:16,  6.13it/s, avg=5.04, loss=4.49]Epoch 1 [train]:  67%|██████████████▋       | 937/1407 [02:37<01:12,  6.45it/s, avg=5.04, loss=4.49]Epoch 1 [train]:  67%|██████████████▋       | 937/1407 [02:37<01:12,  6.45it/s, avg=5.04, loss=4.43]Epoch 1 [train]:  67%|██████████████▋       | 938/1407 [02:37<01:19,  5.88it/s, avg=5.04, loss=4.43]Epoch 1 [train]:  67%|██████████████▋       | 938/1407 [02:37<01:19,  5.88it/s, avg=5.04, loss=4.26]Epoch 1 [train]:  67%|██████████████▋       | 939/1407 [02:37<01:16,  6.12it/s, avg=5.04, loss=4.26]Epoch 1 [train]:  67%|██████████████▋       | 939/1407 [02:37<01:16,  6.12it/s, avg=5.04, loss=4.48]Epoch 1 [train]:  67%|██████████████▋       | 940/1407 [02:37<01:16,  6.08it/s, avg=5.04, loss=4.48]Epoch 1 [train]:  67%|██████████████▋       | 940/1407 [02:37<01:16,  6.08it/s, avg=5.04, loss=4.46]Epoch 1 [train]:  67%|██████████████▋       | 941/1407 [02:37<01:26,  5.39it/s, avg=5.04, loss=4.46]Epoch 1 [train]:  67%|██████████████▋       | 941/1407 [02:38<01:26,  5.39it/s, avg=5.04, loss=4.27]Epoch 1 [train]:  67%|██████████████▋       | 942/1407 [02:38<01:18,  5.94it/s, avg=5.04, loss=4.27]Epoch 1 [train]:  67%|██████████████▋       | 942/1407 [02:38<01:18,  5.94it/s, avg=5.04, loss=4.23]Epoch 1 [train]:  67%|██████████████▋       | 943/1407 [02:38<01:16,  6.08it/s, avg=5.04, loss=4.23]Epoch 1 [train]:  67%|██████████████▋       | 943/1407 [02:38<01:16,  6.08it/s, avg=5.04, loss=4.27]Epoch 1 [train]:  67%|██████████████▊       | 944/1407 [02:38<01:12,  6.35it/s, avg=5.04, loss=4.27]Epoch 1 [train]:  67%|██████████████▊       | 944/1407 [02:38<01:12,  6.35it/s, avg=5.04, loss=4.34]Epoch 1 [train]:  67%|██████████████▊       | 945/1407 [02:38<01:08,  6.72it/s, avg=5.04, loss=4.34]Epoch 1 [train]:  67%|██████████████▊       | 945/1407 [02:38<01:08,  6.72it/s, avg=5.04, loss=4.48]Epoch 1 [train]:  67%|██████████████▊       | 946/1407 [02:38<01:10,  6.51it/s, avg=5.04, loss=4.48]Epoch 1 [train]:  67%|███████████████▍       | 946/1407 [02:38<01:10,  6.51it/s, avg=5.04, loss=4.4]Epoch 1 [train]:  67%|███████████████▍       | 947/1407 [02:38<01:13,  6.25it/s, avg=5.04, loss=4.4]Epoch 1 [train]:  67%|██████████████▊       | 947/1407 [02:39<01:13,  6.25it/s, avg=5.04, loss=4.57]Epoch 1 [train]:  67%|██████████████▊       | 948/1407 [02:39<01:22,  5.55it/s, avg=5.04, loss=4.57]Epoch 1 [train]:  67%|██████████████▊       | 948/1407 [02:39<01:22,  5.55it/s, avg=5.04, loss=4.56]Epoch 1 [train]:  67%|██████████████▊       | 949/1407 [02:39<01:24,  5.43it/s, avg=5.04, loss=4.56]Epoch 1 [train]:  67%|██████████████▊       | 949/1407 [02:39<01:24,  5.43it/s, avg=5.04, loss=4.28]Epoch 1 [train]:  68%|██████████████▊       | 950/1407 [02:39<01:19,  5.77it/s, avg=5.04, loss=4.28]Epoch 1 [train]:  68%|██████████████▊       | 950/1407 [02:39<01:19,  5.77it/s, avg=5.03, loss=4.11]Epoch 1 [train]:  68%|██████████████▊       | 951/1407 [02:39<01:25,  5.35it/s, avg=5.03, loss=4.11]Epoch 1 [train]:  68%|██████████████▊       | 951/1407 [02:39<01:25,  5.35it/s, avg=5.03, loss=4.63]Epoch 1 [train]:  68%|██████████████▉       | 952/1407 [02:39<01:18,  5.80it/s, avg=5.03, loss=4.63]Epoch 1 [train]:  68%|██████████████▉       | 952/1407 [02:39<01:18,  5.80it/s, avg=5.03, loss=4.58]Epoch 1 [train]:  68%|██████████████▉       | 953/1407 [02:39<01:12,  6.24it/s, avg=5.03, loss=4.58]Epoch 1 [train]:  68%|██████████████▉       | 953/1407 [02:40<01:12,  6.24it/s, avg=5.03, loss=4.59]Epoch 1 [train]:  68%|██████████████▉       | 954/1407 [02:40<01:10,  6.41it/s, avg=5.03, loss=4.59]Epoch 1 [train]:  68%|██████████████▉       | 954/1407 [02:40<01:10,  6.41it/s, avg=5.03, loss=4.45]Epoch 1 [train]:  68%|██████████████▉       | 955/1407 [02:40<01:20,  5.61it/s, avg=5.03, loss=4.45]Epoch 1 [train]:  68%|██████████████▉       | 955/1407 [02:40<01:20,  5.61it/s, avg=5.03, loss=4.51]Epoch 1 [train]:  68%|██████████████▉       | 956/1407 [02:40<01:18,  5.75it/s, avg=5.03, loss=4.51]Epoch 1 [train]:  68%|██████████████▉       | 956/1407 [02:40<01:18,  5.75it/s, avg=5.03, loss=4.53]Epoch 1 [train]:  68%|██████████████▉       | 957/1407 [02:40<01:15,  5.97it/s, avg=5.03, loss=4.53]Epoch 1 [train]:  68%|██████████████▉       | 957/1407 [02:40<01:15,  5.97it/s, avg=5.03, loss=4.32]Epoch 1 [train]:  68%|██████████████▉       | 958/1407 [02:40<01:15,  5.95it/s, avg=5.03, loss=4.32]Epoch 1 [train]:  68%|██████████████▉       | 958/1407 [02:41<01:15,  5.95it/s, avg=5.03, loss=4.46]Epoch 1 [train]:  68%|██████████████▉       | 959/1407 [02:41<01:19,  5.60it/s, avg=5.03, loss=4.46]Epoch 1 [train]:  68%|██████████████▉       | 959/1407 [02:41<01:19,  5.60it/s, avg=5.03, loss=4.24]Epoch 1 [train]:  68%|███████████████       | 960/1407 [02:41<01:15,  5.91it/s, avg=5.03, loss=4.24]Epoch 1 [train]:  68%|███████████████       | 960/1407 [02:41<01:15,  5.91it/s, avg=5.03, loss=4.55]Epoch 1 [train]:  68%|███████████████       | 961/1407 [02:41<01:11,  6.26it/s, avg=5.03, loss=4.55]Epoch 1 [train]:  68%|███████████████▋       | 961/1407 [02:41<01:11,  6.26it/s, avg=5.03, loss=4.3]Epoch 1 [train]:  68%|███████████████▋       | 962/1407 [02:41<01:16,  5.84it/s, avg=5.03, loss=4.3]Epoch 1 [train]:  68%|███████████████       | 962/1407 [02:41<01:16,  5.84it/s, avg=5.03, loss=4.36]Epoch 1 [train]:  68%|███████████████       | 963/1407 [02:41<01:17,  5.74it/s, avg=5.03, loss=4.36]Epoch 1 [train]:  68%|███████████████       | 963/1407 [02:41<01:17,  5.74it/s, avg=5.03, loss=4.69]Epoch 1 [train]:  69%|███████████████       | 964/1407 [02:41<01:17,  5.70it/s, avg=5.03, loss=4.69]Epoch 1 [train]:  69%|███████████████       | 964/1407 [02:42<01:17,  5.70it/s, avg=5.03, loss=4.64]Epoch 1 [train]:  69%|███████████████       | 965/1407 [02:42<01:22,  5.33it/s, avg=5.03, loss=4.64]Epoch 1 [train]:  69%|███████████████       | 965/1407 [02:42<01:22,  5.33it/s, avg=5.03, loss=4.51]Epoch 1 [train]:  69%|███████████████       | 966/1407 [02:42<01:19,  5.57it/s, avg=5.03, loss=4.51]Epoch 1 [train]:  69%|███████████████       | 966/1407 [02:42<01:19,  5.57it/s, avg=5.03, loss=4.54]Epoch 1 [train]:  69%|███████████████       | 967/1407 [02:42<01:25,  5.12it/s, avg=5.03, loss=4.54]Epoch 1 [train]:  69%|███████████████       | 967/1407 [02:42<01:25,  5.12it/s, avg=5.03, loss=4.41]Epoch 1 [train]:  69%|███████████████▏      | 968/1407 [02:42<01:23,  5.29it/s, avg=5.03, loss=4.41]Epoch 1 [train]:  69%|███████████████▏      | 968/1407 [02:42<01:23,  5.29it/s, avg=5.02, loss=4.54]Epoch 1 [train]:  69%|███████████████▏      | 969/1407 [02:42<01:28,  4.94it/s, avg=5.02, loss=4.54]Epoch 1 [train]:  69%|███████████████▏      | 969/1407 [02:42<01:28,  4.94it/s, avg=5.02, loss=4.56]Epoch 1 [train]:  69%|███████████████▏      | 970/1407 [02:42<01:19,  5.51it/s, avg=5.02, loss=4.56]Epoch 1 [train]:  69%|███████████████▏      | 970/1407 [02:43<01:19,  5.51it/s, avg=5.02, loss=4.65]Epoch 1 [train]:  69%|███████████████▏      | 971/1407 [02:43<01:23,  5.24it/s, avg=5.02, loss=4.65]Epoch 1 [train]:  69%|███████████████▏      | 971/1407 [02:43<01:23,  5.24it/s, avg=5.02, loss=4.56]Epoch 1 [train]:  69%|███████████████▏      | 972/1407 [02:43<01:20,  5.40it/s, avg=5.02, loss=4.56]Epoch 1 [train]:  69%|███████████████▏      | 972/1407 [02:43<01:20,  5.40it/s, avg=5.02, loss=4.34]Epoch 1 [train]:  69%|███████████████▏      | 973/1407 [02:43<01:21,  5.33it/s, avg=5.02, loss=4.34]Epoch 1 [train]:  69%|███████████████▏      | 973/1407 [02:43<01:21,  5.33it/s, avg=5.02, loss=4.58]Epoch 1 [train]:  69%|███████████████▏      | 974/1407 [02:43<01:20,  5.41it/s, avg=5.02, loss=4.58]Epoch 1 [train]:  69%|███████████████▏      | 974/1407 [02:43<01:20,  5.41it/s, avg=5.02, loss=4.46]Epoch 1 [train]:  69%|███████████████▏      | 975/1407 [02:43<01:13,  5.88it/s, avg=5.02, loss=4.46]Epoch 1 [train]:  69%|███████████████▏      | 975/1407 [02:44<01:13,  5.88it/s, avg=5.02, loss=4.54]Epoch 1 [train]:  69%|███████████████▎      | 976/1407 [02:44<01:14,  5.77it/s, avg=5.02, loss=4.54]Epoch 1 [train]:  69%|███████████████▎      | 976/1407 [02:44<01:14,  5.77it/s, avg=5.02, loss=4.52]Epoch 1 [train]:  69%|███████████████▎      | 977/1407 [02:44<01:16,  5.63it/s, avg=5.02, loss=4.52]Epoch 1 [train]:  69%|███████████████▎      | 977/1407 [02:44<01:16,  5.63it/s, avg=5.02, loss=4.57]Epoch 1 [train]:  70%|███████████████▎      | 978/1407 [02:44<01:19,  5.42it/s, avg=5.02, loss=4.57]Epoch 1 [train]:  70%|███████████████▎      | 978/1407 [02:44<01:19,  5.42it/s, avg=5.02, loss=4.26]Epoch 1 [train]:  70%|███████████████▎      | 979/1407 [02:44<01:12,  5.89it/s, avg=5.02, loss=4.26]Epoch 1 [train]:  70%|███████████████▎      | 979/1407 [02:44<01:12,  5.89it/s, avg=5.02, loss=4.53]Epoch 1 [train]:  70%|███████████████▎      | 980/1407 [02:44<01:10,  6.02it/s, avg=5.02, loss=4.53]Epoch 1 [train]:  70%|███████████████▎      | 980/1407 [02:44<01:10,  6.02it/s, avg=5.02, loss=4.57]Epoch 1 [train]:  70%|███████████████▎      | 981/1407 [02:44<01:19,  5.38it/s, avg=5.02, loss=4.57]Epoch 1 [train]:  70%|███████████████▎      | 981/1407 [02:45<01:19,  5.38it/s, avg=5.02, loss=4.44]Epoch 1 [train]:  70%|███████████████▎      | 982/1407 [02:45<01:15,  5.66it/s, avg=5.02, loss=4.44]Epoch 1 [train]:  70%|███████████████▎      | 982/1407 [02:45<01:15,  5.66it/s, avg=5.02, loss=4.48]Epoch 1 [train]:  70%|███████████████▎      | 983/1407 [02:45<01:08,  6.17it/s, avg=5.02, loss=4.48]Epoch 1 [train]:  70%|███████████████▎      | 983/1407 [02:45<01:08,  6.17it/s, avg=5.02, loss=4.34]Epoch 1 [train]:  70%|███████████████▍      | 984/1407 [02:45<01:05,  6.42it/s, avg=5.02, loss=4.34]Epoch 1 [train]:  70%|███████████████▍      | 984/1407 [02:45<01:05,  6.42it/s, avg=5.02, loss=4.54]Epoch 1 [train]:  70%|███████████████▍      | 985/1407 [02:45<01:13,  5.77it/s, avg=5.02, loss=4.54]Epoch 1 [train]:  70%|████████████████       | 985/1407 [02:45<01:13,  5.77it/s, avg=5.02, loss=4.4]Epoch 1 [train]:  70%|████████████████       | 986/1407 [02:45<01:12,  5.83it/s, avg=5.02, loss=4.4]Epoch 1 [train]:  70%|███████████████▍      | 986/1407 [02:45<01:12,  5.83it/s, avg=5.01, loss=4.34]Epoch 1 [train]:  70%|███████████████▍      | 987/1407 [02:45<01:11,  5.87it/s, avg=5.01, loss=4.34]Epoch 1 [train]:  70%|███████████████▍      | 987/1407 [02:46<01:11,  5.87it/s, avg=5.01, loss=4.53]Epoch 1 [train]:  70%|███████████████▍      | 988/1407 [02:46<01:16,  5.47it/s, avg=5.01, loss=4.53]Epoch 1 [train]:  70%|███████████████▍      | 988/1407 [02:46<01:16,  5.47it/s, avg=5.01, loss=4.56]Epoch 1 [train]:  70%|███████████████▍      | 989/1407 [02:46<01:14,  5.64it/s, avg=5.01, loss=4.56]Epoch 1 [train]:  70%|███████████████▍      | 989/1407 [02:46<01:14,  5.64it/s, avg=5.01, loss=4.45]Epoch 1 [train]:  70%|███████████████▍      | 990/1407 [02:46<01:13,  5.71it/s, avg=5.01, loss=4.45]Epoch 1 [train]:  70%|███████████████▍      | 990/1407 [02:46<01:13,  5.71it/s, avg=5.01, loss=4.44]Epoch 1 [train]:  70%|███████████████▍      | 991/1407 [02:46<01:13,  5.66it/s, avg=5.01, loss=4.44]Epoch 1 [train]:  70%|███████████████▍      | 991/1407 [02:46<01:13,  5.66it/s, avg=5.01, loss=4.43]Epoch 1 [train]:  71%|███████████████▌      | 992/1407 [02:46<01:08,  6.02it/s, avg=5.01, loss=4.43]Epoch 1 [train]:  71%|███████████████▌      | 992/1407 [02:46<01:08,  6.02it/s, avg=5.01, loss=4.23]Epoch 1 [train]:  71%|███████████████▌      | 993/1407 [02:46<01:06,  6.23it/s, avg=5.01, loss=4.23]Epoch 1 [train]:  71%|███████████████▌      | 993/1407 [02:47<01:06,  6.23it/s, avg=5.01, loss=4.46]Epoch 1 [train]:  71%|███████████████▌      | 994/1407 [02:47<01:03,  6.52it/s, avg=5.01, loss=4.46]Epoch 1 [train]:  71%|███████████████▌      | 994/1407 [02:47<01:03,  6.52it/s, avg=5.01, loss=4.61]Epoch 1 [train]:  71%|███████████████▌      | 995/1407 [02:47<01:06,  6.23it/s, avg=5.01, loss=4.61]Epoch 1 [train]:  71%|███████████████▌      | 995/1407 [02:47<01:06,  6.23it/s, avg=5.01, loss=4.35]Epoch 1 [train]:  71%|███████████████▌      | 996/1407 [02:47<01:05,  6.25it/s, avg=5.01, loss=4.35]Epoch 1 [train]:  71%|███████████████▌      | 996/1407 [02:47<01:05,  6.25it/s, avg=5.01, loss=4.35]Epoch 1 [train]:  71%|███████████████▌      | 997/1407 [02:47<01:05,  6.24it/s, avg=5.01, loss=4.35]Epoch 1 [train]:  71%|███████████████▌      | 997/1407 [02:47<01:05,  6.24it/s, avg=5.01, loss=4.48]Epoch 1 [train]:  71%|███████████████▌      | 998/1407 [02:47<01:11,  5.75it/s, avg=5.01, loss=4.48]Epoch 1 [train]:  71%|███████████████▌      | 998/1407 [02:47<01:11,  5.75it/s, avg=5.01, loss=4.48]Epoch 1 [train]:  71%|███████████████▌      | 999/1407 [02:47<01:11,  5.71it/s, avg=5.01, loss=4.48][train] epoch=1 batch=1000/1407 loss=4.3605 avg=5.0073 gpu_mem=871MB
Epoch 1 [train]:  71%|███████████████▌      | 999/1407 [02:48<01:11,  5.71it/s, avg=5.01, loss=4.36]Epoch 1 [train]:  71%|██████████████▉      | 1000/1407 [02:48<01:07,  6.00it/s, avg=5.01, loss=4.36]Epoch 1 [train]:  71%|██████████████▉      | 1000/1407 [02:48<01:07,  6.00it/s, avg=5.01, loss=4.31]Epoch 1 [train]:  71%|██████████████▉      | 1001/1407 [02:48<01:05,  6.20it/s, avg=5.01, loss=4.31]Epoch 1 [train]:  71%|██████████████▉      | 1001/1407 [02:48<01:05,  6.20it/s, avg=5.01, loss=4.43]Epoch 1 [train]:  71%|██████████████▉      | 1002/1407 [02:48<01:03,  6.39it/s, avg=5.01, loss=4.43]Epoch 1 [train]:  71%|██████████████▉      | 1002/1407 [02:48<01:03,  6.39it/s, avg=5.01, loss=4.39]Epoch 1 [train]:  71%|██████████████▉      | 1003/1407 [02:48<01:00,  6.66it/s, avg=5.01, loss=4.39]Epoch 1 [train]:  71%|█████████████████       | 1003/1407 [02:48<01:00,  6.66it/s, avg=5, loss=4.57]Epoch 1 [train]:  71%|█████████████████▏      | 1004/1407 [02:48<01:01,  6.55it/s, avg=5, loss=4.57]Epoch 1 [train]:  71%|█████████████████▏      | 1004/1407 [02:48<01:01,  6.55it/s, avg=5, loss=4.24]Epoch 1 [train]:  71%|█████████████████▏      | 1005/1407 [02:48<01:04,  6.22it/s, avg=5, loss=4.24]Epoch 1 [train]:  71%|█████████████████▏      | 1005/1407 [02:49<01:04,  6.22it/s, avg=5, loss=4.25]Epoch 1 [train]:  71%|█████████████████▏      | 1006/1407 [02:49<01:01,  6.49it/s, avg=5, loss=4.25]Epoch 1 [train]:  71%|█████████████████▊       | 1006/1407 [02:49<01:01,  6.49it/s, avg=5, loss=4.5]Epoch 1 [train]:  72%|█████████████████▉       | 1007/1407 [02:49<01:06,  5.99it/s, avg=5, loss=4.5]Epoch 1 [train]:  72%|█████████████████▏      | 1007/1407 [02:49<01:06,  5.99it/s, avg=5, loss=4.79]Epoch 1 [train]:  72%|█████████████████▏      | 1008/1407 [02:49<01:06,  5.96it/s, avg=5, loss=4.79]Epoch 1 [train]:  72%|█████████████████▉       | 1008/1407 [02:49<01:06,  5.96it/s, avg=5, loss=4.6]Epoch 1 [train]:  72%|█████████████████▉       | 1009/1407 [02:49<01:08,  5.78it/s, avg=5, loss=4.6]Epoch 1 [train]:  72%|█████████████████▏      | 1009/1407 [02:49<01:08,  5.78it/s, avg=5, loss=4.49]Epoch 1 [train]:  72%|█████████████████▏      | 1010/1407 [02:49<01:08,  5.77it/s, avg=5, loss=4.49]Epoch 1 [train]:  72%|█████████████████▏      | 1010/1407 [02:49<01:08,  5.77it/s, avg=5, loss=4.55]Epoch 1 [train]:  72%|█████████████████▏      | 1011/1407 [02:49<01:10,  5.65it/s, avg=5, loss=4.55]Epoch 1 [train]:  72%|█████████████████▏      | 1011/1407 [02:50<01:10,  5.65it/s, avg=5, loss=4.56]Epoch 1 [train]:  72%|█████████████████▎      | 1012/1407 [02:50<01:03,  6.18it/s, avg=5, loss=4.56]Epoch 1 [train]:  72%|█████████████████▎      | 1012/1407 [02:50<01:03,  6.18it/s, avg=5, loss=4.46]Epoch 1 [train]:  72%|█████████████████▎      | 1013/1407 [02:50<01:04,  6.11it/s, avg=5, loss=4.46]Epoch 1 [train]:  72%|█████████████████▎      | 1013/1407 [02:50<01:04,  6.11it/s, avg=5, loss=4.28]Epoch 1 [train]:  72%|█████████████████▎      | 1014/1407 [02:50<01:00,  6.52it/s, avg=5, loss=4.28]Epoch 1 [train]:  72%|█████████████████▎      | 1014/1407 [02:50<01:00,  6.52it/s, avg=5, loss=4.54]Epoch 1 [train]:  72%|█████████████████▎      | 1015/1407 [02:50<01:04,  6.03it/s, avg=5, loss=4.54]Epoch 1 [train]:  72%|█████████████████▎      | 1015/1407 [02:50<01:04,  6.03it/s, avg=5, loss=4.46]Epoch 1 [train]:  72%|█████████████████▎      | 1016/1407 [02:50<01:05,  5.93it/s, avg=5, loss=4.46]Epoch 1 [train]:  72%|█████████████████▎      | 1016/1407 [02:50<01:05,  5.93it/s, avg=5, loss=4.43]Epoch 1 [train]:  72%|█████████████████▎      | 1017/1407 [02:50<01:04,  6.01it/s, avg=5, loss=4.43]Epoch 1 [train]:  72%|█████████████████▎      | 1017/1407 [02:51<01:04,  6.01it/s, avg=5, loss=4.44]Epoch 1 [train]:  72%|█████████████████▎      | 1018/1407 [02:51<01:02,  6.23it/s, avg=5, loss=4.44]Epoch 1 [train]:  72%|█████████████████▎      | 1018/1407 [02:51<01:02,  6.23it/s, avg=5, loss=4.42]Epoch 1 [train]:  72%|█████████████████▍      | 1019/1407 [02:51<01:00,  6.46it/s, avg=5, loss=4.42]Epoch 1 [train]:  72%|██████████████████       | 1019/1407 [02:51<01:00,  6.46it/s, avg=5, loss=4.4]Epoch 1 [train]:  72%|██████████████████       | 1020/1407 [02:51<01:00,  6.43it/s, avg=5, loss=4.4]Epoch 1 [train]:  72%|██████████████████       | 1020/1407 [02:51<01:00,  6.43it/s, avg=5, loss=4.2]Epoch 1 [train]:  73%|██████████████████▏      | 1021/1407 [02:51<00:56,  6.81it/s, avg=5, loss=4.2]Epoch 1 [train]:  73%|█████████████████▍      | 1021/1407 [02:51<00:56,  6.81it/s, avg=5, loss=4.41]Epoch 1 [train]:  73%|█████████████████▍      | 1022/1407 [02:51<00:56,  6.83it/s, avg=5, loss=4.41]Epoch 1 [train]:  73%|███████████████▎     | 1022/1407 [02:51<00:56,  6.83it/s, avg=4.99, loss=4.42]Epoch 1 [train]:  73%|███████████████▎     | 1023/1407 [02:51<00:57,  6.70it/s, avg=4.99, loss=4.42]Epoch 1 [train]:  73%|███████████████▎     | 1023/1407 [02:51<00:57,  6.70it/s, avg=4.99, loss=4.42]Epoch 1 [train]:  73%|███████████████▎     | 1024/1407 [02:51<01:03,  5.99it/s, avg=4.99, loss=4.42]Epoch 1 [train]:  73%|███████████████▎     | 1024/1407 [02:52<01:03,  5.99it/s, avg=4.99, loss=4.42]Epoch 1 [train]:  73%|███████████████▎     | 1025/1407 [02:52<01:04,  5.88it/s, avg=4.99, loss=4.42]Epoch 1 [train]:  73%|███████████████▎     | 1025/1407 [02:52<01:04,  5.88it/s, avg=4.99, loss=4.54]Epoch 1 [train]:  73%|███████████████▎     | 1026/1407 [02:52<01:04,  5.94it/s, avg=4.99, loss=4.54]Epoch 1 [train]:  73%|███████████████▎     | 1026/1407 [02:52<01:04,  5.94it/s, avg=4.99, loss=4.31]Epoch 1 [train]:  73%|███████████████▎     | 1027/1407 [02:52<01:02,  6.08it/s, avg=4.99, loss=4.31]Epoch 1 [train]:  73%|███████████████▎     | 1027/1407 [02:52<01:02,  6.08it/s, avg=4.99, loss=4.45]Epoch 1 [train]:  73%|███████████████▎     | 1028/1407 [02:52<01:00,  6.31it/s, avg=4.99, loss=4.45]Epoch 1 [train]:  73%|███████████████▎     | 1028/1407 [02:52<01:00,  6.31it/s, avg=4.99, loss=4.32]Epoch 1 [train]:  73%|███████████████▎     | 1029/1407 [02:52<00:58,  6.41it/s, avg=4.99, loss=4.32]Epoch 1 [train]:  73%|███████████████▎     | 1029/1407 [02:52<00:58,  6.41it/s, avg=4.99, loss=4.61]Epoch 1 [train]:  73%|███████████████▎     | 1030/1407 [02:52<00:59,  6.34it/s, avg=4.99, loss=4.61]Epoch 1 [train]:  73%|███████████████▎     | 1030/1407 [02:53<00:59,  6.34it/s, avg=4.99, loss=4.43]Epoch 1 [train]:  73%|███████████████▍     | 1031/1407 [02:53<01:00,  6.25it/s, avg=4.99, loss=4.43]Epoch 1 [train]:  73%|███████████████▍     | 1031/1407 [02:53<01:00,  6.25it/s, avg=4.99, loss=4.42]Epoch 1 [train]:  73%|███████████████▍     | 1032/1407 [02:53<01:03,  5.93it/s, avg=4.99, loss=4.42]Epoch 1 [train]:  73%|███████████████▍     | 1032/1407 [02:53<01:03,  5.93it/s, avg=4.99, loss=4.47]Epoch 1 [train]:  73%|███████████████▍     | 1033/1407 [02:53<00:59,  6.30it/s, avg=4.99, loss=4.47]Epoch 1 [train]:  73%|███████████████▍     | 1033/1407 [02:53<00:59,  6.30it/s, avg=4.99, loss=4.48]Epoch 1 [train]:  73%|███████████████▍     | 1034/1407 [02:53<00:59,  6.24it/s, avg=4.99, loss=4.48]Epoch 1 [train]:  73%|███████████████▍     | 1034/1407 [02:53<00:59,  6.24it/s, avg=4.99, loss=4.45]Epoch 1 [train]:  74%|███████████████▍     | 1035/1407 [02:53<01:00,  6.12it/s, avg=4.99, loss=4.45]Epoch 1 [train]:  74%|███████████████▍     | 1035/1407 [02:54<01:00,  6.12it/s, avg=4.99, loss=4.51]Epoch 1 [train]:  74%|███████████████▍     | 1036/1407 [02:54<01:08,  5.42it/s, avg=4.99, loss=4.51]Epoch 1 [train]:  74%|███████████████▍     | 1036/1407 [02:54<01:08,  5.42it/s, avg=4.99, loss=4.66]Epoch 1 [train]:  74%|███████████████▍     | 1037/1407 [02:54<01:13,  5.02it/s, avg=4.99, loss=4.66]Epoch 1 [train]:  74%|███████████████▍     | 1037/1407 [02:54<01:13,  5.02it/s, avg=4.99, loss=4.49]Epoch 1 [train]:  74%|███████████████▍     | 1038/1407 [02:54<01:07,  5.48it/s, avg=4.99, loss=4.49]Epoch 1 [train]:  74%|███████████████▍     | 1038/1407 [02:54<01:07,  5.48it/s, avg=4.99, loss=4.31]Epoch 1 [train]:  74%|███████████████▌     | 1039/1407 [02:54<01:08,  5.41it/s, avg=4.99, loss=4.31]Epoch 1 [train]:  74%|███████████████▌     | 1039/1407 [02:54<01:08,  5.41it/s, avg=4.99, loss=4.44]Epoch 1 [train]:  74%|███████████████▌     | 1040/1407 [02:54<01:05,  5.63it/s, avg=4.99, loss=4.44]Epoch 1 [train]:  74%|███████████████▌     | 1040/1407 [02:54<01:05,  5.63it/s, avg=4.99, loss=4.24]Epoch 1 [train]:  74%|███████████████▌     | 1041/1407 [02:54<01:04,  5.68it/s, avg=4.99, loss=4.24]Epoch 1 [train]:  74%|███████████████▌     | 1041/1407 [02:55<01:04,  5.68it/s, avg=4.98, loss=4.59]Epoch 1 [train]:  74%|███████████████▌     | 1042/1407 [02:55<01:10,  5.17it/s, avg=4.98, loss=4.59]Epoch 1 [train]:  74%|███████████████▌     | 1042/1407 [02:55<01:10,  5.17it/s, avg=4.98, loss=4.69]Epoch 1 [train]:  74%|███████████████▌     | 1043/1407 [02:55<01:11,  5.08it/s, avg=4.98, loss=4.69]Epoch 1 [train]:  74%|███████████████▌     | 1043/1407 [02:55<01:11,  5.08it/s, avg=4.98, loss=4.57]Epoch 1 [train]:  74%|███████████████▌     | 1044/1407 [02:55<01:05,  5.53it/s, avg=4.98, loss=4.57]Epoch 1 [train]:  74%|███████████████▌     | 1044/1407 [02:55<01:05,  5.53it/s, avg=4.98, loss=4.52]Epoch 1 [train]:  74%|███████████████▌     | 1045/1407 [02:55<00:59,  6.09it/s, avg=4.98, loss=4.52]Epoch 1 [train]:  74%|███████████████▌     | 1045/1407 [02:55<00:59,  6.09it/s, avg=4.98, loss=4.57]Epoch 1 [train]:  74%|███████████████▌     | 1046/1407 [02:55<01:04,  5.63it/s, avg=4.98, loss=4.57]Epoch 1 [train]:  74%|███████████████▌     | 1046/1407 [02:56<01:04,  5.63it/s, avg=4.98, loss=4.53]Epoch 1 [train]:  74%|███████████████▋     | 1047/1407 [02:56<01:06,  5.39it/s, avg=4.98, loss=4.53]Epoch 1 [train]:  74%|███████████████▋     | 1047/1407 [02:56<01:06,  5.39it/s, avg=4.98, loss=4.26]Epoch 1 [train]:  74%|███████████████▋     | 1048/1407 [02:56<01:00,  5.92it/s, avg=4.98, loss=4.26]Epoch 1 [train]:  74%|████████████████▍     | 1048/1407 [02:56<01:00,  5.92it/s, avg=4.98, loss=4.3]Epoch 1 [train]:  75%|████████████████▍     | 1049/1407 [02:56<01:00,  5.89it/s, avg=4.98, loss=4.3]Epoch 1 [train]:  75%|████████████████▍     | 1049/1407 [02:56<01:00,  5.89it/s, avg=4.98, loss=4.4]Epoch 1 [train]:  75%|████████████████▍     | 1050/1407 [02:56<00:58,  6.08it/s, avg=4.98, loss=4.4]Epoch 1 [train]:  75%|████████████████▍     | 1050/1407 [02:56<00:58,  6.08it/s, avg=4.98, loss=4.4]Epoch 1 [train]:  75%|████████████████▍     | 1051/1407 [02:56<01:05,  5.40it/s, avg=4.98, loss=4.4]Epoch 1 [train]:  75%|███████████████▋     | 1051/1407 [02:56<01:05,  5.40it/s, avg=4.98, loss=4.36]Epoch 1 [train]:  75%|███████████████▋     | 1052/1407 [02:56<01:05,  5.43it/s, avg=4.98, loss=4.36]Epoch 1 [train]:  75%|████████████████▍     | 1052/1407 [02:57<01:05,  5.43it/s, avg=4.98, loss=4.5]Epoch 1 [train]:  75%|████████████████▍     | 1053/1407 [02:57<01:04,  5.46it/s, avg=4.98, loss=4.5]Epoch 1 [train]:  75%|███████████████▋     | 1053/1407 [02:57<01:04,  5.46it/s, avg=4.98, loss=4.53]Epoch 1 [train]:  75%|███████████████▋     | 1054/1407 [02:57<01:03,  5.53it/s, avg=4.98, loss=4.53]Epoch 1 [train]:  75%|███████████████▋     | 1054/1407 [02:57<01:03,  5.53it/s, avg=4.98, loss=4.34]Epoch 1 [train]:  75%|███████████████▋     | 1055/1407 [02:57<01:01,  5.75it/s, avg=4.98, loss=4.34]Epoch 1 [train]:  75%|███████████████▋     | 1055/1407 [02:57<01:01,  5.75it/s, avg=4.98, loss=4.54]Epoch 1 [train]:  75%|███████████████▊     | 1056/1407 [02:57<01:07,  5.21it/s, avg=4.98, loss=4.54]Epoch 1 [train]:  75%|███████████████▊     | 1056/1407 [02:57<01:07,  5.21it/s, avg=4.98, loss=4.53]Epoch 1 [train]:  75%|███████████████▊     | 1057/1407 [02:57<01:01,  5.70it/s, avg=4.98, loss=4.53]Epoch 1 [train]:  75%|███████████████▊     | 1057/1407 [02:57<01:01,  5.70it/s, avg=4.98, loss=4.54]Epoch 1 [train]:  75%|███████████████▊     | 1058/1407 [02:57<01:01,  5.66it/s, avg=4.98, loss=4.54]Epoch 1 [train]:  75%|███████████████▊     | 1058/1407 [02:58<01:01,  5.66it/s, avg=4.98, loss=4.35]Epoch 1 [train]:  75%|███████████████▊     | 1059/1407 [02:58<00:58,  5.96it/s, avg=4.98, loss=4.35]Epoch 1 [train]:  75%|███████████████▊     | 1059/1407 [02:58<00:58,  5.96it/s, avg=4.98, loss=4.59]Epoch 1 [train]:  75%|███████████████▊     | 1060/1407 [02:58<01:02,  5.59it/s, avg=4.98, loss=4.59]Epoch 1 [train]:  75%|████████████████▌     | 1060/1407 [02:58<01:02,  5.59it/s, avg=4.98, loss=4.5]Epoch 1 [train]:  75%|████████████████▌     | 1061/1407 [02:58<00:57,  5.98it/s, avg=4.98, loss=4.5]Epoch 1 [train]:  75%|███████████████▊     | 1061/1407 [02:58<00:57,  5.98it/s, avg=4.97, loss=4.38]Epoch 1 [train]:  75%|███████████████▊     | 1062/1407 [02:58<00:55,  6.23it/s, avg=4.97, loss=4.38]Epoch 1 [train]:  75%|███████████████▊     | 1062/1407 [02:58<00:55,  6.23it/s, avg=4.97, loss=4.46]Epoch 1 [train]:  76%|███████████████▊     | 1063/1407 [02:58<00:56,  6.13it/s, avg=4.97, loss=4.46]Epoch 1 [train]:  76%|███████████████▊     | 1063/1407 [02:58<00:56,  6.13it/s, avg=4.97, loss=4.51]Epoch 1 [train]:  76%|███████████████▉     | 1064/1407 [02:58<00:58,  5.90it/s, avg=4.97, loss=4.51]Epoch 1 [train]:  76%|███████████████▉     | 1064/1407 [02:59<00:58,  5.90it/s, avg=4.97, loss=4.51]Epoch 1 [train]:  76%|███████████████▉     | 1065/1407 [02:59<00:59,  5.76it/s, avg=4.97, loss=4.51]Epoch 1 [train]:  76%|███████████████▉     | 1065/1407 [02:59<00:59,  5.76it/s, avg=4.97, loss=4.47]Epoch 1 [train]:  76%|███████████████▉     | 1066/1407 [02:59<00:55,  6.18it/s, avg=4.97, loss=4.47]Epoch 1 [train]:  76%|███████████████▉     | 1066/1407 [02:59<00:55,  6.18it/s, avg=4.97, loss=4.46]Epoch 1 [train]:  76%|███████████████▉     | 1067/1407 [02:59<00:55,  6.10it/s, avg=4.97, loss=4.46]Epoch 1 [train]:  76%|████████████████▋     | 1067/1407 [02:59<00:55,  6.10it/s, avg=4.97, loss=4.3]Epoch 1 [train]:  76%|████████████████▋     | 1068/1407 [02:59<00:54,  6.22it/s, avg=4.97, loss=4.3]Epoch 1 [train]:  76%|███████████████▉     | 1068/1407 [02:59<00:54,  6.22it/s, avg=4.97, loss=4.51]Epoch 1 [train]:  76%|███████████████▉     | 1069/1407 [02:59<00:57,  5.87it/s, avg=4.97, loss=4.51]Epoch 1 [train]:  76%|███████████████▉     | 1069/1407 [03:00<00:57,  5.87it/s, avg=4.97, loss=4.49]Epoch 1 [train]:  76%|███████████████▉     | 1070/1407 [03:00<01:03,  5.29it/s, avg=4.97, loss=4.49]Epoch 1 [train]:  76%|███████████████▉     | 1070/1407 [03:00<01:03,  5.29it/s, avg=4.97, loss=4.47]Epoch 1 [train]:  76%|███████████████▉     | 1071/1407 [03:00<01:03,  5.33it/s, avg=4.97, loss=4.47]Epoch 1 [train]:  76%|███████████████▉     | 1071/1407 [03:00<01:03,  5.33it/s, avg=4.97, loss=4.49]Epoch 1 [train]:  76%|████████████████     | 1072/1407 [03:00<01:01,  5.48it/s, avg=4.97, loss=4.49]Epoch 1 [train]:  76%|████████████████     | 1072/1407 [03:00<01:01,  5.48it/s, avg=4.97, loss=4.37]Epoch 1 [train]:  76%|████████████████     | 1073/1407 [03:00<00:58,  5.69it/s, avg=4.97, loss=4.37]Epoch 1 [train]:  76%|████████████████▊     | 1073/1407 [03:00<00:58,  5.69it/s, avg=4.97, loss=4.4]Epoch 1 [train]:  76%|████████████████▊     | 1074/1407 [03:00<00:57,  5.79it/s, avg=4.97, loss=4.4]Epoch 1 [train]:  76%|████████████████     | 1074/1407 [03:00<00:57,  5.79it/s, avg=4.97, loss=4.32]Epoch 1 [train]:  76%|████████████████     | 1075/1407 [03:00<00:56,  5.91it/s, avg=4.97, loss=4.32]Epoch 1 [train]:  76%|████████████████     | 1075/1407 [03:01<00:56,  5.91it/s, avg=4.97, loss=4.45]Epoch 1 [train]:  76%|████████████████     | 1076/1407 [03:01<00:57,  5.75it/s, avg=4.97, loss=4.45]Epoch 1 [train]:  76%|████████████████▊     | 1076/1407 [03:01<00:57,  5.75it/s, avg=4.97, loss=4.5]Epoch 1 [train]:  77%|████████████████▊     | 1077/1407 [03:01<00:55,  5.96it/s, avg=4.97, loss=4.5]Epoch 1 [train]:  77%|████████████████     | 1077/1407 [03:01<00:55,  5.96it/s, avg=4.97, loss=4.56]Epoch 1 [train]:  77%|████████████████     | 1078/1407 [03:01<01:01,  5.33it/s, avg=4.97, loss=4.56]Epoch 1 [train]:  77%|████████████████     | 1078/1407 [03:01<01:01,  5.33it/s, avg=4.97, loss=4.24]Epoch 1 [train]:  77%|████████████████     | 1079/1407 [03:01<00:59,  5.53it/s, avg=4.97, loss=4.24]Epoch 1 [train]:  77%|████████████████▊     | 1079/1407 [03:01<00:59,  5.53it/s, avg=4.97, loss=4.6]Epoch 1 [train]:  77%|████████████████▉     | 1080/1407 [03:01<01:04,  5.10it/s, avg=4.97, loss=4.6]Epoch 1 [train]:  77%|████████████████▉     | 1080/1407 [03:02<01:04,  5.10it/s, avg=4.97, loss=4.5]Epoch 1 [train]:  77%|████████████████▉     | 1081/1407 [03:02<01:07,  4.84it/s, avg=4.97, loss=4.5]Epoch 1 [train]:  77%|████████████████▏    | 1081/1407 [03:02<01:07,  4.84it/s, avg=4.97, loss=4.25]Epoch 1 [train]:  77%|████████████████▏    | 1082/1407 [03:02<01:01,  5.29it/s, avg=4.97, loss=4.25]Epoch 1 [train]:  77%|████████████████▏    | 1082/1407 [03:02<01:01,  5.29it/s, avg=4.96, loss=4.46]Epoch 1 [train]:  77%|████████████████▏    | 1083/1407 [03:02<01:01,  5.29it/s, avg=4.96, loss=4.46]Epoch 1 [train]:  77%|████████████████▏    | 1083/1407 [03:02<01:01,  5.29it/s, avg=4.96, loss=4.31]Epoch 1 [train]:  77%|████████████████▏    | 1084/1407 [03:02<00:56,  5.70it/s, avg=4.96, loss=4.31]Epoch 1 [train]:  77%|████████████████▏    | 1084/1407 [03:02<00:56,  5.70it/s, avg=4.96, loss=4.21]Epoch 1 [train]:  77%|████████████████▏    | 1085/1407 [03:02<00:52,  6.12it/s, avg=4.96, loss=4.21]Epoch 1 [train]:  77%|████████████████▏    | 1085/1407 [03:02<00:52,  6.12it/s, avg=4.96, loss=4.57]Epoch 1 [train]:  77%|████████████████▏    | 1086/1407 [03:02<00:53,  6.03it/s, avg=4.96, loss=4.57]Epoch 1 [train]:  77%|████████████████▏    | 1086/1407 [03:02<00:53,  6.03it/s, avg=4.96, loss=4.42]Epoch 1 [train]:  77%|████████████████▏    | 1087/1407 [03:02<00:52,  6.14it/s, avg=4.96, loss=4.42]Epoch 1 [train]:  77%|████████████████▉     | 1087/1407 [03:03<00:52,  6.14it/s, avg=4.96, loss=4.4]Epoch 1 [train]:  77%|█████████████████     | 1088/1407 [03:03<00:51,  6.15it/s, avg=4.96, loss=4.4]Epoch 1 [train]:  77%|████████████████▏    | 1088/1407 [03:03<00:51,  6.15it/s, avg=4.96, loss=4.39]Epoch 1 [train]:  77%|████████████████▎    | 1089/1407 [03:03<00:53,  6.00it/s, avg=4.96, loss=4.39]Epoch 1 [train]:  77%|████████████████▎    | 1089/1407 [03:03<00:53,  6.00it/s, avg=4.96, loss=4.48]Epoch 1 [train]:  77%|████████████████▎    | 1090/1407 [03:03<00:52,  5.98it/s, avg=4.96, loss=4.48]Epoch 1 [train]:  77%|████████████████▎    | 1090/1407 [03:03<00:52,  5.98it/s, avg=4.96, loss=4.55]Epoch 1 [train]:  78%|████████████████▎    | 1091/1407 [03:03<00:51,  6.12it/s, avg=4.96, loss=4.55]Epoch 1 [train]:  78%|████████████████▎    | 1091/1407 [03:03<00:51,  6.12it/s, avg=4.96, loss=4.42]Epoch 1 [train]:  78%|████████████████▎    | 1092/1407 [03:03<00:50,  6.19it/s, avg=4.96, loss=4.42]Epoch 1 [train]:  78%|████████████████▎    | 1092/1407 [03:04<00:50,  6.19it/s, avg=4.96, loss=4.26]Epoch 1 [train]:  78%|████████████████▎    | 1093/1407 [03:04<00:53,  5.90it/s, avg=4.96, loss=4.26]Epoch 1 [train]:  78%|████████████████▎    | 1093/1407 [03:04<00:53,  5.90it/s, avg=4.96, loss=4.54]Epoch 1 [train]:  78%|████████████████▎    | 1094/1407 [03:04<00:51,  6.10it/s, avg=4.96, loss=4.54]Epoch 1 [train]:  78%|████████████████▎    | 1094/1407 [03:04<00:51,  6.10it/s, avg=4.96, loss=4.39]Epoch 1 [train]:  78%|████████████████▎    | 1095/1407 [03:04<00:49,  6.35it/s, avg=4.96, loss=4.39]Epoch 1 [train]:  78%|████████████████▎    | 1095/1407 [03:04<00:49,  6.35it/s, avg=4.96, loss=4.34]Epoch 1 [train]:  78%|████████████████▎    | 1096/1407 [03:04<00:49,  6.33it/s, avg=4.96, loss=4.34]Epoch 1 [train]:  78%|████████████████▎    | 1096/1407 [03:04<00:49,  6.33it/s, avg=4.96, loss=4.45]Epoch 1 [train]:  78%|████████████████▎    | 1097/1407 [03:04<00:46,  6.60it/s, avg=4.96, loss=4.45]Epoch 1 [train]:  78%|████████████████▎    | 1097/1407 [03:04<00:46,  6.60it/s, avg=4.96, loss=4.44]Epoch 1 [train]:  78%|████████████████▍    | 1098/1407 [03:04<00:48,  6.35it/s, avg=4.96, loss=4.44]Epoch 1 [train]:  78%|████████████████▍    | 1098/1407 [03:04<00:48,  6.35it/s, avg=4.96, loss=4.55]Epoch 1 [train]:  78%|████████████████▍    | 1099/1407 [03:04<00:51,  5.99it/s, avg=4.96, loss=4.55][train] epoch=1 batch=1100/1407 loss=4.3900 avg=4.9562 gpu_mem=890MB
Epoch 1 [train]:  78%|████████████████▍    | 1099/1407 [03:05<00:51,  5.99it/s, avg=4.96, loss=4.39]Epoch 1 [train]:  78%|████████████████▍    | 1100/1407 [03:05<00:47,  6.49it/s, avg=4.96, loss=4.39]Epoch 1 [train]:  78%|████████████████▍    | 1100/1407 [03:05<00:47,  6.49it/s, avg=4.96, loss=4.31]Epoch 1 [train]:  78%|████████████████▍    | 1101/1407 [03:05<00:46,  6.63it/s, avg=4.96, loss=4.31]Epoch 1 [train]:  78%|████████████████▍    | 1101/1407 [03:05<00:46,  6.63it/s, avg=4.96, loss=4.41]Epoch 1 [train]:  78%|████████████████▍    | 1102/1407 [03:05<00:43,  6.97it/s, avg=4.96, loss=4.41]Epoch 1 [train]:  78%|████████████████▍    | 1102/1407 [03:05<00:43,  6.97it/s, avg=4.95, loss=4.69]Epoch 1 [train]:  78%|████████████████▍    | 1103/1407 [03:05<00:51,  5.87it/s, avg=4.95, loss=4.69]Epoch 1 [train]:  78%|████████████████▍    | 1103/1407 [03:05<00:51,  5.87it/s, avg=4.95, loss=4.49]Epoch 1 [train]:  78%|████████████████▍    | 1104/1407 [03:05<00:49,  6.13it/s, avg=4.95, loss=4.49]Epoch 1 [train]:  78%|████████████████▍    | 1104/1407 [03:05<00:49,  6.13it/s, avg=4.95, loss=4.48]Epoch 1 [train]:  79%|████████████████▍    | 1105/1407 [03:05<00:49,  6.12it/s, avg=4.95, loss=4.48]Epoch 1 [train]:  79%|████████████████▍    | 1105/1407 [03:06<00:49,  6.12it/s, avg=4.95, loss=4.49]Epoch 1 [train]:  79%|████████████████▌    | 1106/1407 [03:06<00:48,  6.25it/s, avg=4.95, loss=4.49]Epoch 1 [train]:  79%|████████████████▌    | 1106/1407 [03:06<00:48,  6.25it/s, avg=4.95, loss=4.48]Epoch 1 [train]:  79%|████████████████▌    | 1107/1407 [03:06<00:50,  5.92it/s, avg=4.95, loss=4.48]Epoch 1 [train]:  79%|████████████████▌    | 1107/1407 [03:06<00:50,  5.92it/s, avg=4.95, loss=4.56]Epoch 1 [train]:  79%|████████████████▌    | 1108/1407 [03:06<00:48,  6.13it/s, avg=4.95, loss=4.56]Epoch 1 [train]:  79%|████████████████▌    | 1108/1407 [03:06<00:48,  6.13it/s, avg=4.95, loss=4.37]Epoch 1 [train]:  79%|████████████████▌    | 1109/1407 [03:06<00:48,  6.12it/s, avg=4.95, loss=4.37]Epoch 1 [train]:  79%|████████████████▌    | 1109/1407 [03:06<00:48,  6.12it/s, avg=4.95, loss=4.52]Epoch 1 [train]:  79%|████████████████▌    | 1110/1407 [03:06<00:53,  5.52it/s, avg=4.95, loss=4.52]Epoch 1 [train]:  79%|████████████████▌    | 1110/1407 [03:06<00:53,  5.52it/s, avg=4.95, loss=4.26]Epoch 1 [train]:  79%|████████████████▌    | 1111/1407 [03:06<00:50,  5.84it/s, avg=4.95, loss=4.26]Epoch 1 [train]:  79%|████████████████▌    | 1111/1407 [03:07<00:50,  5.84it/s, avg=4.95, loss=4.53]Epoch 1 [train]:  79%|████████████████▌    | 1112/1407 [03:07<00:49,  5.99it/s, avg=4.95, loss=4.53]Epoch 1 [train]:  79%|████████████████▌    | 1112/1407 [03:07<00:49,  5.99it/s, avg=4.95, loss=4.43]Epoch 1 [train]:  79%|████████████████▌    | 1113/1407 [03:07<00:46,  6.39it/s, avg=4.95, loss=4.43]Epoch 1 [train]:  79%|████████████████▌    | 1113/1407 [03:07<00:46,  6.39it/s, avg=4.95, loss=4.37]Epoch 1 [train]:  79%|████████████████▋    | 1114/1407 [03:07<00:48,  6.04it/s, avg=4.95, loss=4.37]Epoch 1 [train]:  79%|████████████████▋    | 1114/1407 [03:07<00:48,  6.04it/s, avg=4.95, loss=4.33]Epoch 1 [train]:  79%|████████████████▋    | 1115/1407 [03:07<00:50,  5.78it/s, avg=4.95, loss=4.33]Epoch 1 [train]:  79%|████████████████▋    | 1115/1407 [03:07<00:50,  5.78it/s, avg=4.95, loss=4.33]Epoch 1 [train]:  79%|████████████████▋    | 1116/1407 [03:07<00:48,  5.94it/s, avg=4.95, loss=4.33]Epoch 1 [train]:  79%|████████████████▋    | 1116/1407 [03:07<00:48,  5.94it/s, avg=4.95, loss=4.36]Epoch 1 [train]:  79%|████████████████▋    | 1117/1407 [03:07<00:50,  5.77it/s, avg=4.95, loss=4.36]Epoch 1 [train]:  79%|████████████████▋    | 1117/1407 [03:08<00:50,  5.77it/s, avg=4.95, loss=4.37]Epoch 1 [train]:  79%|████████████████▋    | 1118/1407 [03:08<00:50,  5.78it/s, avg=4.95, loss=4.37]Epoch 1 [train]:  79%|█████████████████▍    | 1118/1407 [03:08<00:50,  5.78it/s, avg=4.95, loss=4.3]Epoch 1 [train]:  80%|█████████████████▍    | 1119/1407 [03:08<00:54,  5.24it/s, avg=4.95, loss=4.3]Epoch 1 [train]:  80%|████████████████▋    | 1119/1407 [03:08<00:54,  5.24it/s, avg=4.95, loss=4.54]Epoch 1 [train]:  80%|████████████████▋    | 1120/1407 [03:08<00:58,  4.91it/s, avg=4.95, loss=4.54]Epoch 1 [train]:  80%|████████████████▋    | 1120/1407 [03:08<00:58,  4.91it/s, avg=4.95, loss=4.42]Epoch 1 [train]:  80%|████████████████▋    | 1121/1407 [03:08<00:57,  4.94it/s, avg=4.95, loss=4.42]Epoch 1 [train]:  80%|████████████████▋    | 1121/1407 [03:08<00:57,  4.94it/s, avg=4.95, loss=4.37]Epoch 1 [train]:  80%|████████████████▋    | 1122/1407 [03:08<00:56,  5.08it/s, avg=4.95, loss=4.37]Epoch 1 [train]:  80%|████████████████▋    | 1122/1407 [03:09<00:56,  5.08it/s, avg=4.95, loss=4.27]Epoch 1 [train]:  80%|████████████████▊    | 1123/1407 [03:09<00:58,  4.85it/s, avg=4.95, loss=4.27]Epoch 1 [train]:  80%|████████████████▊    | 1123/1407 [03:09<00:58,  4.85it/s, avg=4.94, loss=4.44]Epoch 1 [train]:  80%|████████████████▊    | 1124/1407 [03:09<00:52,  5.43it/s, avg=4.94, loss=4.44]Epoch 1 [train]:  80%|████████████████▊    | 1124/1407 [03:09<00:52,  5.43it/s, avg=4.94, loss=4.24]Epoch 1 [train]:  80%|████████████████▊    | 1125/1407 [03:09<00:48,  5.77it/s, avg=4.94, loss=4.24]Epoch 1 [train]:  80%|████████████████▊    | 1125/1407 [03:09<00:48,  5.77it/s, avg=4.94, loss=4.41]Epoch 1 [train]:  80%|████████████████▊    | 1126/1407 [03:09<00:46,  6.02it/s, avg=4.94, loss=4.41]Epoch 1 [train]:  80%|████████████████▊    | 1126/1407 [03:09<00:46,  6.02it/s, avg=4.94, loss=4.21]Epoch 1 [train]:  80%|████████████████▊    | 1127/1407 [03:09<00:46,  6.03it/s, avg=4.94, loss=4.21]Epoch 1 [train]:  80%|████████████████▊    | 1127/1407 [03:09<00:46,  6.03it/s, avg=4.94, loss=4.38]Epoch 1 [train]:  80%|████████████████▊    | 1128/1407 [03:09<00:47,  5.86it/s, avg=4.94, loss=4.38]Epoch 1 [train]:  80%|████████████████▊    | 1128/1407 [03:10<00:47,  5.86it/s, avg=4.94, loss=4.61]Epoch 1 [train]:  80%|████████████████▊    | 1129/1407 [03:10<00:52,  5.28it/s, avg=4.94, loss=4.61]Epoch 1 [train]:  80%|████████████████▊    | 1129/1407 [03:10<00:52,  5.28it/s, avg=4.94, loss=4.36]Epoch 1 [train]:  80%|████████████████▊    | 1130/1407 [03:10<00:52,  5.28it/s, avg=4.94, loss=4.36]Epoch 1 [train]:  80%|████████████████▊    | 1130/1407 [03:10<00:52,  5.28it/s, avg=4.94, loss=4.37]Epoch 1 [train]:  80%|████████████████▉    | 1131/1407 [03:10<00:54,  5.09it/s, avg=4.94, loss=4.37]Epoch 1 [train]:  80%|█████████████████▋    | 1131/1407 [03:10<00:54,  5.09it/s, avg=4.94, loss=4.3]Epoch 1 [train]:  80%|█████████████████▋    | 1132/1407 [03:10<00:55,  4.95it/s, avg=4.94, loss=4.3]Epoch 1 [train]:  80%|████████████████▉    | 1132/1407 [03:10<00:55,  4.95it/s, avg=4.94, loss=4.39]Epoch 1 [train]:  81%|████████████████▉    | 1133/1407 [03:10<00:49,  5.55it/s, avg=4.94, loss=4.39]Epoch 1 [train]:  81%|████████████████▉    | 1133/1407 [03:11<00:49,  5.55it/s, avg=4.94, loss=4.47]Epoch 1 [train]:  81%|████████████████▉    | 1134/1407 [03:11<00:47,  5.72it/s, avg=4.94, loss=4.47]Epoch 1 [train]:  81%|████████████████▉    | 1134/1407 [03:11<00:47,  5.72it/s, avg=4.94, loss=4.58]Epoch 1 [train]:  81%|████████████████▉    | 1135/1407 [03:11<00:45,  5.94it/s, avg=4.94, loss=4.58]Epoch 1 [train]:  81%|████████████████▉    | 1135/1407 [03:11<00:45,  5.94it/s, avg=4.94, loss=4.31]Epoch 1 [train]:  81%|████████████████▉    | 1136/1407 [03:11<00:46,  5.82it/s, avg=4.94, loss=4.31]Epoch 1 [train]:  81%|████████████████▉    | 1136/1407 [03:11<00:46,  5.82it/s, avg=4.94, loss=4.41]Epoch 1 [train]:  81%|████████████████▉    | 1137/1407 [03:11<00:44,  6.08it/s, avg=4.94, loss=4.41]Epoch 1 [train]:  81%|████████████████▉    | 1137/1407 [03:11<00:44,  6.08it/s, avg=4.94, loss=4.35]Epoch 1 [train]:  81%|████████████████▉    | 1138/1407 [03:11<00:45,  5.97it/s, avg=4.94, loss=4.35]Epoch 1 [train]:  81%|████████████████▉    | 1138/1407 [03:11<00:45,  5.97it/s, avg=4.94, loss=4.36]Epoch 1 [train]:  81%|█████████████████    | 1139/1407 [03:11<00:42,  6.30it/s, avg=4.94, loss=4.36]Epoch 1 [train]:  81%|█████████████████    | 1139/1407 [03:12<00:42,  6.30it/s, avg=4.94, loss=4.46]Epoch 1 [train]:  81%|█████████████████    | 1140/1407 [03:12<00:41,  6.49it/s, avg=4.94, loss=4.46]Epoch 1 [train]:  81%|█████████████████    | 1140/1407 [03:12<00:41,  6.49it/s, avg=4.94, loss=4.32]Epoch 1 [train]:  81%|█████████████████    | 1141/1407 [03:12<00:41,  6.45it/s, avg=4.94, loss=4.32]Epoch 1 [train]:  81%|█████████████████    | 1141/1407 [03:12<00:41,  6.45it/s, avg=4.94, loss=4.39]Epoch 1 [train]:  81%|█████████████████    | 1142/1407 [03:12<00:43,  6.14it/s, avg=4.94, loss=4.39]Epoch 1 [train]:  81%|█████████████████    | 1142/1407 [03:12<00:43,  6.14it/s, avg=4.94, loss=4.54]Epoch 1 [train]:  81%|█████████████████    | 1143/1407 [03:12<00:41,  6.40it/s, avg=4.94, loss=4.54]Epoch 1 [train]:  81%|█████████████████▊    | 1143/1407 [03:12<00:41,  6.40it/s, avg=4.94, loss=4.5]Epoch 1 [train]:  81%|█████████████████▉    | 1144/1407 [03:12<00:44,  5.96it/s, avg=4.94, loss=4.5]Epoch 1 [train]:  81%|█████████████████    | 1144/1407 [03:12<00:44,  5.96it/s, avg=4.93, loss=4.16]Epoch 1 [train]:  81%|█████████████████    | 1145/1407 [03:12<00:43,  6.01it/s, avg=4.93, loss=4.16]Epoch 1 [train]:  81%|█████████████████    | 1145/1407 [03:13<00:43,  6.01it/s, avg=4.93, loss=4.48]Epoch 1 [train]:  81%|█████████████████    | 1146/1407 [03:13<00:45,  5.77it/s, avg=4.93, loss=4.48]Epoch 1 [train]:  81%|█████████████████    | 1146/1407 [03:13<00:45,  5.77it/s, avg=4.93, loss=4.44]Epoch 1 [train]:  82%|█████████████████    | 1147/1407 [03:13<00:43,  6.04it/s, avg=4.93, loss=4.44]Epoch 1 [train]:  82%|█████████████████    | 1147/1407 [03:13<00:43,  6.04it/s, avg=4.93, loss=4.59]Epoch 1 [train]:  82%|█████████████████▏   | 1148/1407 [03:13<00:46,  5.55it/s, avg=4.93, loss=4.59]Epoch 1 [train]:  82%|█████████████████▏   | 1148/1407 [03:13<00:46,  5.55it/s, avg=4.93, loss=4.55]Epoch 1 [train]:  82%|█████████████████▏   | 1149/1407 [03:13<00:44,  5.81it/s, avg=4.93, loss=4.55]Epoch 1 [train]:  82%|█████████████████▏   | 1149/1407 [03:13<00:44,  5.81it/s, avg=4.93, loss=4.54]Epoch 1 [train]:  82%|█████████████████▏   | 1150/1407 [03:13<00:44,  5.76it/s, avg=4.93, loss=4.54]Epoch 1 [train]:  82%|█████████████████▏   | 1150/1407 [03:13<00:44,  5.76it/s, avg=4.93, loss=4.36]Epoch 1 [train]:  82%|█████████████████▏   | 1151/1407 [03:13<00:41,  6.17it/s, avg=4.93, loss=4.36]Epoch 1 [train]:  82%|█████████████████▏   | 1151/1407 [03:14<00:41,  6.17it/s, avg=4.93, loss=4.36]Epoch 1 [train]:  82%|█████████████████▏   | 1152/1407 [03:14<00:38,  6.62it/s, avg=4.93, loss=4.36]Epoch 1 [train]:  82%|█████████████████▏   | 1152/1407 [03:14<00:38,  6.62it/s, avg=4.93, loss=4.35]Epoch 1 [train]:  82%|█████████████████▏   | 1153/1407 [03:14<00:44,  5.77it/s, avg=4.93, loss=4.35]Epoch 1 [train]:  82%|█████████████████▏   | 1153/1407 [03:14<00:44,  5.77it/s, avg=4.93, loss=4.16]Epoch 1 [train]:  82%|█████████████████▏   | 1154/1407 [03:14<00:43,  5.83it/s, avg=4.93, loss=4.16]Epoch 1 [train]:  82%|█████████████████▏   | 1154/1407 [03:14<00:43,  5.83it/s, avg=4.93, loss=4.48]Epoch 1 [train]:  82%|█████████████████▏   | 1155/1407 [03:14<00:42,  5.89it/s, avg=4.93, loss=4.48]Epoch 1 [train]:  82%|█████████████████▏   | 1155/1407 [03:14<00:42,  5.89it/s, avg=4.93, loss=4.26]Epoch 1 [train]:  82%|█████████████████▎   | 1156/1407 [03:14<00:42,  5.97it/s, avg=4.93, loss=4.26]Epoch 1 [train]:  82%|█████████████████▎   | 1156/1407 [03:14<00:42,  5.97it/s, avg=4.93, loss=4.64]Epoch 1 [train]:  82%|█████████████████▎   | 1157/1407 [03:14<00:40,  6.23it/s, avg=4.93, loss=4.64]Epoch 1 [train]:  82%|█████████████████▎   | 1157/1407 [03:15<00:40,  6.23it/s, avg=4.93, loss=4.33]Epoch 1 [train]:  82%|█████████████████▎   | 1158/1407 [03:15<00:39,  6.34it/s, avg=4.93, loss=4.33]Epoch 1 [train]:  82%|█████████████████▎   | 1158/1407 [03:15<00:39,  6.34it/s, avg=4.93, loss=4.48]Epoch 1 [train]:  82%|█████████████████▎   | 1159/1407 [03:15<00:39,  6.21it/s, avg=4.93, loss=4.48]Epoch 1 [train]:  82%|█████████████████▎   | 1159/1407 [03:15<00:39,  6.21it/s, avg=4.93, loss=4.44]Epoch 1 [train]:  82%|█████████████████▎   | 1160/1407 [03:15<00:41,  6.01it/s, avg=4.93, loss=4.44]Epoch 1 [train]:  82%|█████████████████▎   | 1160/1407 [03:15<00:41,  6.01it/s, avg=4.93, loss=4.27]Epoch 1 [train]:  83%|█████████████████▎   | 1161/1407 [03:15<00:39,  6.26it/s, avg=4.93, loss=4.27]Epoch 1 [train]:  83%|█████████████████▎   | 1161/1407 [03:15<00:39,  6.26it/s, avg=4.93, loss=4.29]Epoch 1 [train]:  83%|█████████████████▎   | 1162/1407 [03:15<00:39,  6.19it/s, avg=4.93, loss=4.29]Epoch 1 [train]:  83%|█████████████████▎   | 1162/1407 [03:15<00:39,  6.19it/s, avg=4.93, loss=4.42]Epoch 1 [train]:  83%|█████████████████▎   | 1163/1407 [03:15<00:41,  5.81it/s, avg=4.93, loss=4.42]Epoch 1 [train]:  83%|█████████████████▎   | 1163/1407 [03:16<00:41,  5.81it/s, avg=4.93, loss=4.54]Epoch 1 [train]:  83%|█████████████████▎   | 1164/1407 [03:16<00:39,  6.08it/s, avg=4.93, loss=4.54]Epoch 1 [train]:  83%|█████████████████▎   | 1164/1407 [03:16<00:39,  6.08it/s, avg=4.93, loss=4.57]Epoch 1 [train]:  83%|█████████████████▍   | 1165/1407 [03:16<00:41,  5.84it/s, avg=4.93, loss=4.57]Epoch 1 [train]:  83%|██████████████████▏   | 1165/1407 [03:16<00:41,  5.84it/s, avg=4.93, loss=4.3]Epoch 1 [train]:  83%|██████████████████▏   | 1166/1407 [03:16<00:39,  6.13it/s, avg=4.93, loss=4.3]Epoch 1 [train]:  83%|█████████████████▍   | 1166/1407 [03:16<00:39,  6.13it/s, avg=4.92, loss=4.28]Epoch 1 [train]:  83%|█████████████████▍   | 1167/1407 [03:16<00:41,  5.84it/s, avg=4.92, loss=4.28]Epoch 1 [train]:  83%|█████████████████▍   | 1167/1407 [03:16<00:41,  5.84it/s, avg=4.92, loss=4.48]Epoch 1 [train]:  83%|█████████████████▍   | 1168/1407 [03:16<00:45,  5.26it/s, avg=4.92, loss=4.48]Epoch 1 [train]:  83%|█████████████████▍   | 1168/1407 [03:16<00:45,  5.26it/s, avg=4.92, loss=4.33]Epoch 1 [train]:  83%|█████████████████▍   | 1169/1407 [03:16<00:41,  5.78it/s, avg=4.92, loss=4.33]Epoch 1 [train]:  83%|█████████████████▍   | 1169/1407 [03:17<00:41,  5.78it/s, avg=4.92, loss=4.27]Epoch 1 [train]:  83%|█████████████████▍   | 1170/1407 [03:17<00:41,  5.77it/s, avg=4.92, loss=4.27]Epoch 1 [train]:  83%|█████████████████▍   | 1170/1407 [03:17<00:41,  5.77it/s, avg=4.92, loss=4.48]Epoch 1 [train]:  83%|█████████████████▍   | 1171/1407 [03:17<00:37,  6.23it/s, avg=4.92, loss=4.48]Epoch 1 [train]:  83%|█████████████████▍   | 1171/1407 [03:17<00:37,  6.23it/s, avg=4.92, loss=4.29]Epoch 1 [train]:  83%|█████████████████▍   | 1172/1407 [03:17<00:37,  6.27it/s, avg=4.92, loss=4.29]Epoch 1 [train]:  83%|█████████████████▍   | 1172/1407 [03:17<00:37,  6.27it/s, avg=4.92, loss=4.36]Epoch 1 [train]:  83%|█████████████████▌   | 1173/1407 [03:17<00:39,  5.95it/s, avg=4.92, loss=4.36]Epoch 1 [train]:  83%|█████████████████▌   | 1173/1407 [03:17<00:39,  5.95it/s, avg=4.92, loss=4.21]Epoch 1 [train]:  83%|█████████████████▌   | 1174/1407 [03:17<00:38,  6.04it/s, avg=4.92, loss=4.21]Epoch 1 [train]:  83%|█████████████████▌   | 1174/1407 [03:17<00:38,  6.04it/s, avg=4.92, loss=4.35]Epoch 1 [train]:  84%|█████████████████▌   | 1175/1407 [03:17<00:36,  6.33it/s, avg=4.92, loss=4.35]Epoch 1 [train]:  84%|█████████████████▌   | 1175/1407 [03:18<00:36,  6.33it/s, avg=4.92, loss=4.27]Epoch 1 [train]:  84%|█████████████████▌   | 1176/1407 [03:18<00:38,  5.95it/s, avg=4.92, loss=4.27]Epoch 1 [train]:  84%|█████████████████▌   | 1176/1407 [03:18<00:38,  5.95it/s, avg=4.92, loss=4.55]Epoch 1 [train]:  84%|█████████████████▌   | 1177/1407 [03:18<00:38,  5.98it/s, avg=4.92, loss=4.55]Epoch 1 [train]:  84%|█████████████████▌   | 1177/1407 [03:18<00:38,  5.98it/s, avg=4.92, loss=4.32]Epoch 1 [train]:  84%|█████████████████▌   | 1178/1407 [03:18<00:35,  6.45it/s, avg=4.92, loss=4.32]Epoch 1 [train]:  84%|█████████████████▌   | 1178/1407 [03:18<00:35,  6.45it/s, avg=4.92, loss=4.49]Epoch 1 [train]:  84%|█████████████████▌   | 1179/1407 [03:18<00:34,  6.62it/s, avg=4.92, loss=4.49]Epoch 1 [train]:  84%|█████████████████▌   | 1179/1407 [03:18<00:34,  6.62it/s, avg=4.92, loss=4.29]Epoch 1 [train]:  84%|█████████████████▌   | 1180/1407 [03:18<00:35,  6.39it/s, avg=4.92, loss=4.29]Epoch 1 [train]:  84%|█████████████████▌   | 1180/1407 [03:18<00:35,  6.39it/s, avg=4.92, loss=4.23]Epoch 1 [train]:  84%|█████████████████▋   | 1181/1407 [03:18<00:36,  6.14it/s, avg=4.92, loss=4.23]Epoch 1 [train]:  84%|█████████████████▋   | 1181/1407 [03:18<00:36,  6.14it/s, avg=4.92, loss=4.35]Epoch 1 [train]:  84%|█████████████████▋   | 1182/1407 [03:18<00:35,  6.31it/s, avg=4.92, loss=4.35]Epoch 1 [train]:  84%|█████████████████▋   | 1182/1407 [03:19<00:35,  6.31it/s, avg=4.92, loss=4.36]Epoch 1 [train]:  84%|█████████████████▋   | 1183/1407 [03:19<00:35,  6.23it/s, avg=4.92, loss=4.36]Epoch 1 [train]:  84%|█████████████████▋   | 1183/1407 [03:19<00:35,  6.23it/s, avg=4.92, loss=4.23]Epoch 1 [train]:  84%|█████████████████▋   | 1184/1407 [03:19<00:36,  6.08it/s, avg=4.92, loss=4.23]Epoch 1 [train]:  84%|█████████████████▋   | 1184/1407 [03:19<00:36,  6.08it/s, avg=4.92, loss=4.46]Epoch 1 [train]:  84%|█████████████████▋   | 1185/1407 [03:19<00:36,  6.09it/s, avg=4.92, loss=4.46]Epoch 1 [train]:  84%|██████████████████▌   | 1185/1407 [03:19<00:36,  6.09it/s, avg=4.92, loss=4.3]Epoch 1 [train]:  84%|██████████████████▌   | 1186/1407 [03:19<00:37,  5.96it/s, avg=4.92, loss=4.3]Epoch 1 [train]:  84%|█████████████████▋   | 1186/1407 [03:19<00:37,  5.96it/s, avg=4.92, loss=4.38]Epoch 1 [train]:  84%|█████████████████▋   | 1187/1407 [03:19<00:34,  6.32it/s, avg=4.92, loss=4.38]Epoch 1 [train]:  84%|█████████████████▋   | 1187/1407 [03:19<00:34,  6.32it/s, avg=4.91, loss=4.45]Epoch 1 [train]:  84%|█████████████████▋   | 1188/1407 [03:19<00:37,  5.90it/s, avg=4.91, loss=4.45]Epoch 1 [train]:  84%|█████████████████▋   | 1188/1407 [03:20<00:37,  5.90it/s, avg=4.91, loss=4.24]Epoch 1 [train]:  85%|█████████████████▋   | 1189/1407 [03:20<00:36,  5.92it/s, avg=4.91, loss=4.24]Epoch 1 [train]:  85%|█████████████████▋   | 1189/1407 [03:20<00:36,  5.92it/s, avg=4.91, loss=4.21]Epoch 1 [train]:  85%|█████████████████▊   | 1190/1407 [03:20<00:36,  6.01it/s, avg=4.91, loss=4.21]Epoch 1 [train]:  85%|█████████████████▊   | 1190/1407 [03:20<00:36,  6.01it/s, avg=4.91, loss=4.63]Epoch 1 [train]:  85%|█████████████████▊   | 1191/1407 [03:20<00:32,  6.58it/s, avg=4.91, loss=4.63]Epoch 1 [train]:  85%|█████████████████▊   | 1191/1407 [03:20<00:32,  6.58it/s, avg=4.91, loss=4.35]Epoch 1 [train]:  85%|█████████████████▊   | 1192/1407 [03:20<00:30,  6.95it/s, avg=4.91, loss=4.35]Epoch 1 [train]:  85%|█████████████████▊   | 1192/1407 [03:20<00:30,  6.95it/s, avg=4.91, loss=4.54]Epoch 1 [train]:  85%|█████████████████▊   | 1193/1407 [03:20<00:34,  6.17it/s, avg=4.91, loss=4.54]Epoch 1 [train]:  85%|█████████████████▊   | 1193/1407 [03:20<00:34,  6.17it/s, avg=4.91, loss=4.46]Epoch 1 [train]:  85%|█████████████████▊   | 1194/1407 [03:20<00:34,  6.09it/s, avg=4.91, loss=4.46]Epoch 1 [train]:  85%|█████████████████▊   | 1194/1407 [03:21<00:34,  6.09it/s, avg=4.91, loss=4.22]Epoch 1 [train]:  85%|█████████████████▊   | 1195/1407 [03:21<00:32,  6.61it/s, avg=4.91, loss=4.22]Epoch 1 [train]:  85%|█████████████████▊   | 1195/1407 [03:21<00:32,  6.61it/s, avg=4.91, loss=4.33]Epoch 1 [train]:  85%|█████████████████▊   | 1196/1407 [03:21<00:29,  7.09it/s, avg=4.91, loss=4.33]Epoch 1 [train]:  85%|█████████████████▊   | 1196/1407 [03:21<00:29,  7.09it/s, avg=4.91, loss=4.29]Epoch 1 [train]:  85%|█████████████████▊   | 1197/1407 [03:21<00:29,  7.03it/s, avg=4.91, loss=4.29]Epoch 1 [train]:  85%|█████████████████▊   | 1197/1407 [03:21<00:29,  7.03it/s, avg=4.91, loss=4.29]Epoch 1 [train]:  85%|█████████████████▉   | 1198/1407 [03:21<00:31,  6.58it/s, avg=4.91, loss=4.29]Epoch 1 [train]:  85%|█████████████████▉   | 1198/1407 [03:21<00:31,  6.58it/s, avg=4.91, loss=4.35]Epoch 1 [train]:  85%|█████████████████▉   | 1199/1407 [03:21<00:34,  6.11it/s, avg=4.91, loss=4.35][train] epoch=1 batch=1200/1407 loss=4.3084 avg=4.9090 gpu_mem=1007MB
Epoch 1 [train]:  85%|█████████████████▉   | 1199/1407 [03:21<00:34,  6.11it/s, avg=4.91, loss=4.31]Epoch 1 [train]:  85%|█████████████████▉   | 1200/1407 [03:21<00:35,  5.77it/s, avg=4.91, loss=4.31]Epoch 1 [train]:  85%|█████████████████▉   | 1200/1407 [03:22<00:35,  5.77it/s, avg=4.91, loss=4.34]Epoch 1 [train]:  85%|█████████████████▉   | 1201/1407 [03:22<00:34,  5.95it/s, avg=4.91, loss=4.34]Epoch 1 [train]:  85%|█████████████████▉   | 1201/1407 [03:22<00:34,  5.95it/s, avg=4.91, loss=4.33]Epoch 1 [train]:  85%|█████████████████▉   | 1202/1407 [03:22<00:31,  6.41it/s, avg=4.91, loss=4.33]Epoch 1 [train]:  85%|█████████████████▉   | 1202/1407 [03:22<00:31,  6.41it/s, avg=4.91, loss=4.26]Epoch 1 [train]:  86%|█████████████████▉   | 1203/1407 [03:22<00:32,  6.35it/s, avg=4.91, loss=4.26]Epoch 1 [train]:  86%|█████████████████▉   | 1203/1407 [03:22<00:32,  6.35it/s, avg=4.91, loss=4.32]Epoch 1 [train]:  86%|█████████████████▉   | 1204/1407 [03:22<00:31,  6.43it/s, avg=4.91, loss=4.32]Epoch 1 [train]:  86%|██████████████████▊   | 1204/1407 [03:22<00:31,  6.43it/s, avg=4.91, loss=4.3]Epoch 1 [train]:  86%|██████████████████▊   | 1205/1407 [03:22<00:33,  5.97it/s, avg=4.91, loss=4.3]Epoch 1 [train]:  86%|█████████████████▉   | 1205/1407 [03:22<00:33,  5.97it/s, avg=4.91, loss=4.43]Epoch 1 [train]:  86%|██████████████████   | 1206/1407 [03:22<00:37,  5.33it/s, avg=4.91, loss=4.43]Epoch 1 [train]:  86%|██████████████████   | 1206/1407 [03:23<00:37,  5.33it/s, avg=4.91, loss=4.25]Epoch 1 [train]:  86%|██████████████████   | 1207/1407 [03:23<00:35,  5.57it/s, avg=4.91, loss=4.25]Epoch 1 [train]:  86%|██████████████████   | 1207/1407 [03:23<00:35,  5.57it/s, avg=4.91, loss=4.27]Epoch 1 [train]:  86%|██████████████████   | 1208/1407 [03:23<00:34,  5.75it/s, avg=4.91, loss=4.27]Epoch 1 [train]:  86%|██████████████████▉   | 1208/1407 [03:23<00:34,  5.75it/s, avg=4.9, loss=4.36]Epoch 1 [train]:  86%|██████████████████▉   | 1209/1407 [03:23<00:32,  6.12it/s, avg=4.9, loss=4.36]Epoch 1 [train]:  86%|██████████████████▉   | 1209/1407 [03:23<00:32,  6.12it/s, avg=4.9, loss=4.39]Epoch 1 [train]:  86%|██████████████████▉   | 1210/1407 [03:23<00:32,  6.13it/s, avg=4.9, loss=4.39]Epoch 1 [train]:  86%|██████████████████▉   | 1210/1407 [03:23<00:32,  6.13it/s, avg=4.9, loss=4.02]Epoch 1 [train]:  86%|██████████████████▉   | 1211/1407 [03:23<00:32,  6.02it/s, avg=4.9, loss=4.02]Epoch 1 [train]:  86%|██████████████████▉   | 1211/1407 [03:23<00:32,  6.02it/s, avg=4.9, loss=4.36]Epoch 1 [train]:  86%|██████████████████▉   | 1212/1407 [03:23<00:33,  5.89it/s, avg=4.9, loss=4.36]Epoch 1 [train]:  86%|██████████████████▉   | 1212/1407 [03:24<00:33,  5.89it/s, avg=4.9, loss=4.34]Epoch 1 [train]:  86%|██████████████████▉   | 1213/1407 [03:24<00:31,  6.18it/s, avg=4.9, loss=4.34]Epoch 1 [train]:  86%|██████████████████▉   | 1213/1407 [03:24<00:31,  6.18it/s, avg=4.9, loss=4.55]Epoch 1 [train]:  86%|██████████████████▉   | 1214/1407 [03:24<00:34,  5.64it/s, avg=4.9, loss=4.55]Epoch 1 [train]:  86%|██████████████████▉   | 1214/1407 [03:24<00:34,  5.64it/s, avg=4.9, loss=4.29]Epoch 1 [train]:  86%|██████████████████▉   | 1215/1407 [03:24<00:31,  6.17it/s, avg=4.9, loss=4.29]Epoch 1 [train]:  86%|██████████████████▉   | 1215/1407 [03:24<00:31,  6.17it/s, avg=4.9, loss=4.34]Epoch 1 [train]:  86%|███████████████████   | 1216/1407 [03:24<00:30,  6.34it/s, avg=4.9, loss=4.34]Epoch 1 [train]:  86%|███████████████████   | 1216/1407 [03:24<00:30,  6.34it/s, avg=4.9, loss=4.36]Epoch 1 [train]:  86%|███████████████████   | 1217/1407 [03:24<00:27,  6.87it/s, avg=4.9, loss=4.36]Epoch 1 [train]:  86%|███████████████████   | 1217/1407 [03:24<00:27,  6.87it/s, avg=4.9, loss=4.17]Epoch 1 [train]:  87%|███████████████████   | 1218/1407 [03:24<00:27,  6.79it/s, avg=4.9, loss=4.17]Epoch 1 [train]:  87%|███████████████████▉   | 1218/1407 [03:24<00:27,  6.79it/s, avg=4.9, loss=4.4]Epoch 1 [train]:  87%|███████████████████▉   | 1219/1407 [03:24<00:28,  6.70it/s, avg=4.9, loss=4.4]Epoch 1 [train]:  87%|███████████████████   | 1219/1407 [03:25<00:28,  6.70it/s, avg=4.9, loss=4.38]Epoch 1 [train]:  87%|███████████████████   | 1220/1407 [03:25<00:27,  6.72it/s, avg=4.9, loss=4.38]Epoch 1 [train]:  87%|███████████████████   | 1220/1407 [03:25<00:27,  6.72it/s, avg=4.9, loss=4.15]Epoch 1 [train]:  87%|███████████████████   | 1221/1407 [03:25<00:28,  6.45it/s, avg=4.9, loss=4.15]Epoch 1 [train]:  87%|███████████████████   | 1221/1407 [03:25<00:28,  6.45it/s, avg=4.9, loss=4.38]Epoch 1 [train]:  87%|███████████████████   | 1222/1407 [03:25<00:29,  6.21it/s, avg=4.9, loss=4.38]Epoch 1 [train]:  87%|███████████████████   | 1222/1407 [03:25<00:29,  6.21it/s, avg=4.9, loss=4.37]Epoch 1 [train]:  87%|███████████████████   | 1223/1407 [03:25<00:29,  6.32it/s, avg=4.9, loss=4.37]Epoch 1 [train]:  87%|███████████████████   | 1223/1407 [03:25<00:29,  6.32it/s, avg=4.9, loss=4.23]Epoch 1 [train]:  87%|███████████████████▏  | 1224/1407 [03:25<00:32,  5.67it/s, avg=4.9, loss=4.23]Epoch 1 [train]:  87%|███████████████████▏  | 1224/1407 [03:25<00:32,  5.67it/s, avg=4.9, loss=4.33]Epoch 1 [train]:  87%|███████████████████▏  | 1225/1407 [03:25<00:30,  5.88it/s, avg=4.9, loss=4.33]Epoch 1 [train]:  87%|███████████████████▏  | 1225/1407 [03:26<00:30,  5.88it/s, avg=4.9, loss=4.38]Epoch 1 [train]:  87%|███████████████████▏  | 1226/1407 [03:26<00:32,  5.56it/s, avg=4.9, loss=4.38]Epoch 1 [train]:  87%|███████████████████▏  | 1226/1407 [03:26<00:32,  5.56it/s, avg=4.9, loss=4.48]Epoch 1 [train]:  87%|███████████████████▏  | 1227/1407 [03:26<00:32,  5.54it/s, avg=4.9, loss=4.48]Epoch 1 [train]:  87%|███████████████████▏  | 1227/1407 [03:26<00:32,  5.54it/s, avg=4.9, loss=4.53]Epoch 1 [train]:  87%|███████████████████▏  | 1228/1407 [03:26<00:33,  5.42it/s, avg=4.9, loss=4.53]Epoch 1 [train]:  87%|███████████████████▏  | 1228/1407 [03:26<00:33,  5.42it/s, avg=4.9, loss=4.12]Epoch 1 [train]:  87%|███████████████████▏  | 1229/1407 [03:26<00:32,  5.56it/s, avg=4.9, loss=4.12]Epoch 1 [train]:  87%|██████████████████▎  | 1229/1407 [03:26<00:32,  5.56it/s, avg=4.89, loss=4.19]Epoch 1 [train]:  87%|██████████████████▎  | 1230/1407 [03:26<00:32,  5.42it/s, avg=4.89, loss=4.19]Epoch 1 [train]:  87%|██████████████████▎  | 1230/1407 [03:27<00:32,  5.42it/s, avg=4.89, loss=4.29]Epoch 1 [train]:  87%|██████████████████▎  | 1231/1407 [03:27<00:31,  5.51it/s, avg=4.89, loss=4.29]Epoch 1 [train]:  87%|██████████████████▎  | 1231/1407 [03:27<00:31,  5.51it/s, avg=4.89, loss=4.43]Epoch 1 [train]:  88%|██████████████████▍  | 1232/1407 [03:27<00:31,  5.64it/s, avg=4.89, loss=4.43]Epoch 1 [train]:  88%|██████████████████▍  | 1232/1407 [03:27<00:31,  5.64it/s, avg=4.89, loss=4.47]Epoch 1 [train]:  88%|██████████████████▍  | 1233/1407 [03:27<00:31,  5.58it/s, avg=4.89, loss=4.47]Epoch 1 [train]:  88%|██████████████████▍  | 1233/1407 [03:27<00:31,  5.58it/s, avg=4.89, loss=4.33]Epoch 1 [train]:  88%|██████████████████▍  | 1234/1407 [03:27<00:29,  5.91it/s, avg=4.89, loss=4.33]Epoch 1 [train]:  88%|██████████████████▍  | 1234/1407 [03:27<00:29,  5.91it/s, avg=4.89, loss=4.12]Epoch 1 [train]:  88%|██████████████████▍  | 1235/1407 [03:27<00:29,  5.86it/s, avg=4.89, loss=4.12]Epoch 1 [train]:  88%|██████████████████▍  | 1235/1407 [03:27<00:29,  5.86it/s, avg=4.89, loss=4.39]Epoch 1 [train]:  88%|██████████████████▍  | 1236/1407 [03:27<00:27,  6.21it/s, avg=4.89, loss=4.39]Epoch 1 [train]:  88%|██████████████████▍  | 1236/1407 [03:28<00:27,  6.21it/s, avg=4.89, loss=4.14]Epoch 1 [train]:  88%|██████████████████▍  | 1237/1407 [03:28<00:26,  6.39it/s, avg=4.89, loss=4.14]Epoch 1 [train]:  88%|██████████████████▍  | 1237/1407 [03:28<00:26,  6.39it/s, avg=4.89, loss=4.43]Epoch 1 [train]:  88%|██████████████████▍  | 1238/1407 [03:28<00:29,  5.77it/s, avg=4.89, loss=4.43]Epoch 1 [train]:  88%|███████████████████▎  | 1238/1407 [03:28<00:29,  5.77it/s, avg=4.89, loss=4.5]Epoch 1 [train]:  88%|███████████████████▎  | 1239/1407 [03:28<00:31,  5.37it/s, avg=4.89, loss=4.5]Epoch 1 [train]:  88%|██████████████████▍  | 1239/1407 [03:28<00:31,  5.37it/s, avg=4.89, loss=4.24]Epoch 1 [train]:  88%|██████████████████▌  | 1240/1407 [03:28<00:31,  5.32it/s, avg=4.89, loss=4.24]Epoch 1 [train]:  88%|██████████████████▌  | 1240/1407 [03:28<00:31,  5.32it/s, avg=4.89, loss=4.29]Epoch 1 [train]:  88%|██████████████████▌  | 1241/1407 [03:28<00:32,  5.11it/s, avg=4.89, loss=4.29]Epoch 1 [train]:  88%|██████████████████▌  | 1241/1407 [03:29<00:32,  5.11it/s, avg=4.89, loss=4.36]Epoch 1 [train]:  88%|██████████████████▌  | 1242/1407 [03:29<00:30,  5.43it/s, avg=4.89, loss=4.36]Epoch 1 [train]:  88%|██████████████████▌  | 1242/1407 [03:29<00:30,  5.43it/s, avg=4.89, loss=4.22]Epoch 1 [train]:  88%|██████████████████▌  | 1243/1407 [03:29<00:29,  5.61it/s, avg=4.89, loss=4.22]Epoch 1 [train]:  88%|██████████████████▌  | 1243/1407 [03:29<00:29,  5.61it/s, avg=4.89, loss=4.41]Epoch 1 [train]:  88%|██████████████████▌  | 1244/1407 [03:29<00:29,  5.47it/s, avg=4.89, loss=4.41]Epoch 1 [train]:  88%|██████████████████▌  | 1244/1407 [03:29<00:29,  5.47it/s, avg=4.89, loss=4.63]Epoch 1 [train]:  88%|██████████████████▌  | 1245/1407 [03:29<00:27,  5.92it/s, avg=4.89, loss=4.63]Epoch 1 [train]:  88%|███████████████████▍  | 1245/1407 [03:29<00:27,  5.92it/s, avg=4.89, loss=4.5]Epoch 1 [train]:  89%|███████████████████▍  | 1246/1407 [03:29<00:29,  5.47it/s, avg=4.89, loss=4.5]Epoch 1 [train]:  89%|██████████████████▌  | 1246/1407 [03:29<00:29,  5.47it/s, avg=4.89, loss=4.26]Epoch 1 [train]:  89%|██████████████████▌  | 1247/1407 [03:29<00:27,  5.74it/s, avg=4.89, loss=4.26]Epoch 1 [train]:  89%|██████████████████▌  | 1247/1407 [03:30<00:27,  5.74it/s, avg=4.89, loss=4.42]Epoch 1 [train]:  89%|██████████████████▋  | 1248/1407 [03:30<00:29,  5.43it/s, avg=4.89, loss=4.42]Epoch 1 [train]:  89%|██████████████████▋  | 1248/1407 [03:30<00:29,  5.43it/s, avg=4.89, loss=4.31]Epoch 1 [train]:  89%|██████████████████▋  | 1249/1407 [03:30<00:27,  5.69it/s, avg=4.89, loss=4.31]Epoch 1 [train]:  89%|██████████████████▋  | 1249/1407 [03:30<00:27,  5.69it/s, avg=4.89, loss=4.36]Epoch 1 [train]:  89%|██████████████████▋  | 1250/1407 [03:30<00:26,  5.91it/s, avg=4.89, loss=4.36]Epoch 1 [train]:  89%|███████████████████▌  | 1250/1407 [03:30<00:26,  5.91it/s, avg=4.89, loss=4.2]Epoch 1 [train]:  89%|███████████████████▌  | 1251/1407 [03:30<00:26,  5.85it/s, avg=4.89, loss=4.2]Epoch 1 [train]:  89%|██████████████████▋  | 1251/1407 [03:30<00:26,  5.85it/s, avg=4.88, loss=4.17]Epoch 1 [train]:  89%|██████████████████▋  | 1252/1407 [03:30<00:27,  5.72it/s, avg=4.88, loss=4.17]Epoch 1 [train]:  89%|██████████████████▋  | 1252/1407 [03:30<00:27,  5.72it/s, avg=4.88, loss=4.26]Epoch 1 [train]:  89%|██████████████████▋  | 1253/1407 [03:30<00:25,  5.98it/s, avg=4.88, loss=4.26]Epoch 1 [train]:  89%|██████████████████▋  | 1253/1407 [03:31<00:25,  5.98it/s, avg=4.88, loss=4.38]Epoch 1 [train]:  89%|██████████████████▋  | 1254/1407 [03:31<00:28,  5.45it/s, avg=4.88, loss=4.38]Epoch 1 [train]:  89%|██████████████████▋  | 1254/1407 [03:31<00:28,  5.45it/s, avg=4.88, loss=4.35]Epoch 1 [train]:  89%|██████████████████▋  | 1255/1407 [03:31<00:28,  5.39it/s, avg=4.88, loss=4.35]Epoch 1 [train]:  89%|██████████████████▋  | 1255/1407 [03:31<00:28,  5.39it/s, avg=4.88, loss=4.04]Epoch 1 [train]:  89%|██████████████████▋  | 1256/1407 [03:31<00:28,  5.39it/s, avg=4.88, loss=4.04]Epoch 1 [train]:  89%|██████████████████▋  | 1256/1407 [03:31<00:28,  5.39it/s, avg=4.88, loss=4.34]Epoch 1 [train]:  89%|██████████████████▊  | 1257/1407 [03:31<00:29,  5.01it/s, avg=4.88, loss=4.34]Epoch 1 [train]:  89%|██████████████████▊  | 1257/1407 [03:31<00:29,  5.01it/s, avg=4.88, loss=4.56]Epoch 1 [train]:  89%|██████████████████▊  | 1258/1407 [03:31<00:28,  5.24it/s, avg=4.88, loss=4.56]Epoch 1 [train]:  89%|██████████████████▊  | 1258/1407 [03:32<00:28,  5.24it/s, avg=4.88, loss=4.43]Epoch 1 [train]:  89%|██████████████████▊  | 1259/1407 [03:32<00:29,  5.10it/s, avg=4.88, loss=4.43]Epoch 1 [train]:  89%|██████████████████▊  | 1259/1407 [03:32<00:29,  5.10it/s, avg=4.88, loss=4.52]Epoch 1 [train]:  90%|██████████████████▊  | 1260/1407 [03:32<00:26,  5.50it/s, avg=4.88, loss=4.52]Epoch 1 [train]:  90%|██████████████████▊  | 1260/1407 [03:32<00:26,  5.50it/s, avg=4.88, loss=4.17]Epoch 1 [train]:  90%|██████████████████▊  | 1261/1407 [03:32<00:24,  6.03it/s, avg=4.88, loss=4.17]Epoch 1 [train]:  90%|██████████████████▊  | 1261/1407 [03:32<00:24,  6.03it/s, avg=4.88, loss=4.43]Epoch 1 [train]:  90%|██████████████████▊  | 1262/1407 [03:32<00:23,  6.18it/s, avg=4.88, loss=4.43]Epoch 1 [train]:  90%|██████████████████▊  | 1262/1407 [03:32<00:23,  6.18it/s, avg=4.88, loss=4.37]Epoch 1 [train]:  90%|██████████████████▊  | 1263/1407 [03:32<00:25,  5.59it/s, avg=4.88, loss=4.37]Epoch 1 [train]:  90%|██████████████████▊  | 1263/1407 [03:32<00:25,  5.59it/s, avg=4.88, loss=4.31]Epoch 1 [train]:  90%|██████████████████▊  | 1264/1407 [03:32<00:25,  5.72it/s, avg=4.88, loss=4.31]Epoch 1 [train]:  90%|██████████████████▊  | 1264/1407 [03:33<00:25,  5.72it/s, avg=4.88, loss=4.06]Epoch 1 [train]:  90%|██████████████████▉  | 1265/1407 [03:33<00:25,  5.53it/s, avg=4.88, loss=4.06]Epoch 1 [train]:  90%|██████████████████▉  | 1265/1407 [03:33<00:25,  5.53it/s, avg=4.88, loss=4.36]Epoch 1 [train]:  90%|██████████████████▉  | 1266/1407 [03:33<00:23,  6.01it/s, avg=4.88, loss=4.36]Epoch 1 [train]:  90%|██████████████████▉  | 1266/1407 [03:33<00:23,  6.01it/s, avg=4.88, loss=4.29]Epoch 1 [train]:  90%|██████████████████▉  | 1267/1407 [03:33<00:22,  6.11it/s, avg=4.88, loss=4.29]Epoch 1 [train]:  90%|██████████████████▉  | 1267/1407 [03:33<00:22,  6.11it/s, avg=4.88, loss=4.17]Epoch 1 [train]:  90%|██████████████████▉  | 1268/1407 [03:33<00:24,  5.79it/s, avg=4.88, loss=4.17]Epoch 1 [train]:  90%|██████████████████▉  | 1268/1407 [03:33<00:24,  5.79it/s, avg=4.88, loss=4.35]Epoch 1 [train]:  90%|██████████████████▉  | 1269/1407 [03:33<00:21,  6.40it/s, avg=4.88, loss=4.35]Epoch 1 [train]:  90%|██████████████████▉  | 1269/1407 [03:33<00:21,  6.40it/s, avg=4.88, loss=4.29]Epoch 1 [train]:  90%|██████████████████▉  | 1270/1407 [03:33<00:21,  6.51it/s, avg=4.88, loss=4.29]Epoch 1 [train]:  90%|██████████████████▉  | 1270/1407 [03:34<00:21,  6.51it/s, avg=4.88, loss=4.55]Epoch 1 [train]:  90%|██████████████████▉  | 1271/1407 [03:34<00:23,  5.85it/s, avg=4.88, loss=4.55]Epoch 1 [train]:  90%|███████████████████▊  | 1271/1407 [03:34<00:23,  5.85it/s, avg=4.88, loss=4.3]Epoch 1 [train]:  90%|███████████████████▉  | 1272/1407 [03:34<00:22,  6.11it/s, avg=4.88, loss=4.3]Epoch 1 [train]:  90%|██████████████████▉  | 1272/1407 [03:34<00:22,  6.11it/s, avg=4.88, loss=4.35]Epoch 1 [train]:  90%|███████████████████  | 1273/1407 [03:34<00:21,  6.11it/s, avg=4.88, loss=4.35]Epoch 1 [train]:  90%|███████████████████  | 1273/1407 [03:34<00:21,  6.11it/s, avg=4.88, loss=4.35]Epoch 1 [train]:  91%|███████████████████  | 1274/1407 [03:34<00:21,  6.12it/s, avg=4.88, loss=4.35]Epoch 1 [train]:  91%|███████████████████  | 1274/1407 [03:34<00:21,  6.12it/s, avg=4.87, loss=4.45]Epoch 1 [train]:  91%|███████████████████  | 1275/1407 [03:34<00:22,  5.90it/s, avg=4.87, loss=4.45]Epoch 1 [train]:  91%|███████████████████  | 1275/1407 [03:34<00:22,  5.90it/s, avg=4.87, loss=4.27]Epoch 1 [train]:  91%|███████████████████  | 1276/1407 [03:34<00:23,  5.61it/s, avg=4.87, loss=4.27]Epoch 1 [train]:  91%|███████████████████  | 1276/1407 [03:35<00:23,  5.61it/s, avg=4.87, loss=4.45]Epoch 1 [train]:  91%|███████████████████  | 1277/1407 [03:35<00:23,  5.62it/s, avg=4.87, loss=4.45]Epoch 1 [train]:  91%|███████████████████  | 1277/1407 [03:35<00:23,  5.62it/s, avg=4.87, loss=4.31]Epoch 1 [train]:  91%|███████████████████  | 1278/1407 [03:35<00:24,  5.23it/s, avg=4.87, loss=4.31]Epoch 1 [train]:  91%|███████████████████  | 1278/1407 [03:35<00:24,  5.23it/s, avg=4.87, loss=4.41]Epoch 1 [train]:  91%|███████████████████  | 1279/1407 [03:35<00:23,  5.34it/s, avg=4.87, loss=4.41]Epoch 1 [train]:  91%|███████████████████  | 1279/1407 [03:35<00:23,  5.34it/s, avg=4.87, loss=4.42]Epoch 1 [train]:  91%|███████████████████  | 1280/1407 [03:35<00:24,  5.09it/s, avg=4.87, loss=4.42]Epoch 1 [train]:  91%|███████████████████  | 1280/1407 [03:35<00:24,  5.09it/s, avg=4.87, loss=4.52]Epoch 1 [train]:  91%|███████████████████  | 1281/1407 [03:35<00:24,  5.23it/s, avg=4.87, loss=4.52]Epoch 1 [train]:  91%|███████████████████  | 1281/1407 [03:36<00:24,  5.23it/s, avg=4.87, loss=4.34]Epoch 1 [train]:  91%|███████████████████▏ | 1282/1407 [03:36<00:22,  5.47it/s, avg=4.87, loss=4.34]Epoch 1 [train]:  91%|███████████████████▏ | 1282/1407 [03:36<00:22,  5.47it/s, avg=4.87, loss=4.27]Epoch 1 [train]:  91%|███████████████████▏ | 1283/1407 [03:36<00:22,  5.47it/s, avg=4.87, loss=4.27]Epoch 1 [train]:  91%|███████████████████▏ | 1283/1407 [03:36<00:22,  5.47it/s, avg=4.87, loss=4.38]Epoch 1 [train]:  91%|███████████████████▏ | 1284/1407 [03:36<00:22,  5.40it/s, avg=4.87, loss=4.38]Epoch 1 [train]:  91%|███████████████████▏ | 1284/1407 [03:36<00:22,  5.40it/s, avg=4.87, loss=4.12]Epoch 1 [train]:  91%|███████████████████▏ | 1285/1407 [03:36<00:21,  5.69it/s, avg=4.87, loss=4.12]Epoch 1 [train]:  91%|███████████████████▏ | 1285/1407 [03:36<00:21,  5.69it/s, avg=4.87, loss=4.53]Epoch 1 [train]:  91%|███████████████████▏ | 1286/1407 [03:36<00:19,  6.08it/s, avg=4.87, loss=4.53]Epoch 1 [train]:  91%|███████████████████▏ | 1286/1407 [03:36<00:19,  6.08it/s, avg=4.87, loss=4.47]Epoch 1 [train]:  91%|███████████████████▏ | 1287/1407 [03:36<00:21,  5.71it/s, avg=4.87, loss=4.47]Epoch 1 [train]:  91%|████████████████████  | 1287/1407 [03:37<00:21,  5.71it/s, avg=4.87, loss=4.5]Epoch 1 [train]:  92%|████████████████████▏ | 1288/1407 [03:37<00:19,  6.00it/s, avg=4.87, loss=4.5]Epoch 1 [train]:  92%|███████████████████▏ | 1288/1407 [03:37<00:19,  6.00it/s, avg=4.87, loss=4.39]Epoch 1 [train]:  92%|███████████████████▏ | 1289/1407 [03:37<00:21,  5.38it/s, avg=4.87, loss=4.39]Epoch 1 [train]:  92%|████████████████████▏ | 1289/1407 [03:37<00:21,  5.38it/s, avg=4.87, loss=4.3]Epoch 1 [train]:  92%|████████████████████▏ | 1290/1407 [03:37<00:20,  5.78it/s, avg=4.87, loss=4.3]Epoch 1 [train]:  92%|███████████████████▎ | 1290/1407 [03:37<00:20,  5.78it/s, avg=4.87, loss=4.34]Epoch 1 [train]:  92%|███████████████████▎ | 1291/1407 [03:37<00:19,  6.04it/s, avg=4.87, loss=4.34]Epoch 1 [train]:  92%|███████████████████▎ | 1291/1407 [03:37<00:19,  6.04it/s, avg=4.87, loss=4.41]Epoch 1 [train]:  92%|███████████████████▎ | 1292/1407 [03:37<00:18,  6.28it/s, avg=4.87, loss=4.41]Epoch 1 [train]:  92%|███████████████████▎ | 1292/1407 [03:37<00:18,  6.28it/s, avg=4.87, loss=4.18]Epoch 1 [train]:  92%|███████████████████▎ | 1293/1407 [03:37<00:18,  6.15it/s, avg=4.87, loss=4.18]Epoch 1 [train]:  92%|███████████████████▎ | 1293/1407 [03:38<00:18,  6.15it/s, avg=4.87, loss=4.38]Epoch 1 [train]:  92%|███████████████████▎ | 1294/1407 [03:38<00:18,  6.04it/s, avg=4.87, loss=4.38]Epoch 1 [train]:  92%|███████████████████▎ | 1294/1407 [03:38<00:18,  6.04it/s, avg=4.87, loss=4.33]Epoch 1 [train]:  92%|███████████████████▎ | 1295/1407 [03:38<00:19,  5.76it/s, avg=4.87, loss=4.33]Epoch 1 [train]:  92%|████████████████████▏ | 1295/1407 [03:38<00:19,  5.76it/s, avg=4.87, loss=4.5]Epoch 1 [train]:  92%|████████████████████▎ | 1296/1407 [03:38<00:20,  5.53it/s, avg=4.87, loss=4.5]Epoch 1 [train]:  92%|███████████████████▎ | 1296/1407 [03:38<00:20,  5.53it/s, avg=4.87, loss=4.42]Epoch 1 [train]:  92%|███████████████████▎ | 1297/1407 [03:38<00:19,  5.64it/s, avg=4.87, loss=4.42]Epoch 1 [train]:  92%|███████████████████▎ | 1297/1407 [03:38<00:19,  5.64it/s, avg=4.87, loss=4.31]Epoch 1 [train]:  92%|███████████████████▎ | 1298/1407 [03:38<00:19,  5.64it/s, avg=4.87, loss=4.31]Epoch 1 [train]:  92%|███████████████████▎ | 1298/1407 [03:39<00:19,  5.64it/s, avg=4.87, loss=4.22]Epoch 1 [train]:  92%|███████████████████▍ | 1299/1407 [03:39<00:19,  5.42it/s, avg=4.87, loss=4.22][train] epoch=1 batch=1300/1407 loss=4.5990 avg=4.8654 gpu_mem=1009MB
Epoch 1 [train]:  92%|████████████████████▎ | 1299/1407 [03:39<00:19,  5.42it/s, avg=4.87, loss=4.6]Epoch 1 [train]:  92%|████████████████████▎ | 1300/1407 [03:39<00:20,  5.27it/s, avg=4.87, loss=4.6]Epoch 1 [train]:  92%|███████████████████▍ | 1300/1407 [03:39<00:20,  5.27it/s, avg=4.86, loss=4.34]Epoch 1 [train]:  92%|███████████████████▍ | 1301/1407 [03:39<00:20,  5.10it/s, avg=4.86, loss=4.34]Epoch 1 [train]:  92%|███████████████████▍ | 1301/1407 [03:39<00:20,  5.10it/s, avg=4.86, loss=4.32]Epoch 1 [train]:  93%|███████████████████▍ | 1302/1407 [03:39<00:19,  5.41it/s, avg=4.86, loss=4.32]Epoch 1 [train]:  93%|███████████████████▍ | 1302/1407 [03:39<00:19,  5.41it/s, avg=4.86, loss=4.43]Epoch 1 [train]:  93%|███████████████████▍ | 1303/1407 [03:39<00:18,  5.69it/s, avg=4.86, loss=4.43]Epoch 1 [train]:  93%|███████████████████▍ | 1303/1407 [03:39<00:18,  5.69it/s, avg=4.86, loss=4.41]Epoch 1 [train]:  93%|███████████████████▍ | 1304/1407 [03:39<00:17,  6.00it/s, avg=4.86, loss=4.41]Epoch 1 [train]:  93%|███████████████████▍ | 1304/1407 [03:40<00:17,  6.00it/s, avg=4.86, loss=4.23]Epoch 1 [train]:  93%|███████████████████▍ | 1305/1407 [03:40<00:16,  6.22it/s, avg=4.86, loss=4.23]Epoch 1 [train]:  93%|███████████████████▍ | 1305/1407 [03:40<00:16,  6.22it/s, avg=4.86, loss=4.17]Epoch 1 [train]:  93%|███████████████████▍ | 1306/1407 [03:40<00:16,  6.28it/s, avg=4.86, loss=4.17]Epoch 1 [train]:  93%|███████████████████▍ | 1306/1407 [03:40<00:16,  6.28it/s, avg=4.86, loss=4.35]Epoch 1 [train]:  93%|███████████████████▌ | 1307/1407 [03:40<00:16,  6.08it/s, avg=4.86, loss=4.35]Epoch 1 [train]:  93%|████████████████████▍ | 1307/1407 [03:40<00:16,  6.08it/s, avg=4.86, loss=4.1]Epoch 1 [train]:  93%|████████████████████▍ | 1308/1407 [03:40<00:16,  5.88it/s, avg=4.86, loss=4.1]Epoch 1 [train]:  93%|███████████████████▌ | 1308/1407 [03:40<00:16,  5.88it/s, avg=4.86, loss=4.18]Epoch 1 [train]:  93%|███████████████████▌ | 1309/1407 [03:40<00:15,  6.40it/s, avg=4.86, loss=4.18]Epoch 1 [train]:  93%|███████████████████▌ | 1309/1407 [03:40<00:15,  6.40it/s, avg=4.86, loss=4.27]Epoch 1 [train]:  93%|███████████████████▌ | 1310/1407 [03:40<00:14,  6.50it/s, avg=4.86, loss=4.27]Epoch 1 [train]:  93%|████████████████████▍ | 1310/1407 [03:41<00:14,  6.50it/s, avg=4.86, loss=4.4]Epoch 1 [train]:  93%|████████████████████▍ | 1311/1407 [03:41<00:14,  6.46it/s, avg=4.86, loss=4.4]Epoch 1 [train]:  93%|███████████████████▌ | 1311/1407 [03:41<00:14,  6.46it/s, avg=4.86, loss=4.25]Epoch 1 [train]:  93%|███████████████████▌ | 1312/1407 [03:41<00:14,  6.60it/s, avg=4.86, loss=4.25]Epoch 1 [train]:  93%|███████████████████▌ | 1312/1407 [03:41<00:14,  6.60it/s, avg=4.86, loss=4.41]Epoch 1 [train]:  93%|███████████████████▌ | 1313/1407 [03:41<00:14,  6.62it/s, avg=4.86, loss=4.41]Epoch 1 [train]:  93%|███████████████████▌ | 1313/1407 [03:41<00:14,  6.62it/s, avg=4.86, loss=4.36]Epoch 1 [train]:  93%|███████████████████▌ | 1314/1407 [03:41<00:14,  6.49it/s, avg=4.86, loss=4.36]Epoch 1 [train]:  93%|███████████████████▌ | 1314/1407 [03:41<00:14,  6.49it/s, avg=4.86, loss=4.19]Epoch 1 [train]:  93%|███████████████████▋ | 1315/1407 [03:41<00:14,  6.54it/s, avg=4.86, loss=4.19]Epoch 1 [train]:  93%|███████████████████▋ | 1315/1407 [03:41<00:14,  6.54it/s, avg=4.86, loss=4.25]Epoch 1 [train]:  94%|███████████████████▋ | 1316/1407 [03:41<00:13,  6.55it/s, avg=4.86, loss=4.25]Epoch 1 [train]:  94%|███████████████████▋ | 1316/1407 [03:41<00:13,  6.55it/s, avg=4.86, loss=4.28]Epoch 1 [train]:  94%|███████████████████▋ | 1317/1407 [03:41<00:13,  6.75it/s, avg=4.86, loss=4.28]Epoch 1 [train]:  94%|███████████████████▋ | 1317/1407 [03:42<00:13,  6.75it/s, avg=4.86, loss=4.36]Epoch 1 [train]:  94%|███████████████████▋ | 1318/1407 [03:42<00:13,  6.55it/s, avg=4.86, loss=4.36]Epoch 1 [train]:  94%|███████████████████▋ | 1318/1407 [03:42<00:13,  6.55it/s, avg=4.86, loss=4.32]Epoch 1 [train]:  94%|███████████████████▋ | 1319/1407 [03:42<00:14,  6.12it/s, avg=4.86, loss=4.32]Epoch 1 [train]:  94%|███████████████████▋ | 1319/1407 [03:42<00:14,  6.12it/s, avg=4.86, loss=4.21]Epoch 1 [train]:  94%|███████████████████▋ | 1320/1407 [03:42<00:13,  6.33it/s, avg=4.86, loss=4.21]Epoch 1 [train]:  94%|███████████████████▋ | 1320/1407 [03:42<00:13,  6.33it/s, avg=4.86, loss=4.25]Epoch 1 [train]:  94%|███████████████████▋ | 1321/1407 [03:42<00:13,  6.23it/s, avg=4.86, loss=4.25]Epoch 1 [train]:  94%|███████████████████▋ | 1321/1407 [03:42<00:13,  6.23it/s, avg=4.86, loss=4.33]Epoch 1 [train]:  94%|███████████████████▋ | 1322/1407 [03:42<00:14,  5.93it/s, avg=4.86, loss=4.33]Epoch 1 [train]:  94%|███████████████████▋ | 1322/1407 [03:42<00:14,  5.93it/s, avg=4.86, loss=4.29]Epoch 1 [train]:  94%|███████████████████▋ | 1323/1407 [03:42<00:13,  6.08it/s, avg=4.86, loss=4.29]Epoch 1 [train]:  94%|███████████████████▋ | 1323/1407 [03:43<00:13,  6.08it/s, avg=4.85, loss=4.33]Epoch 1 [train]:  94%|███████████████████▊ | 1324/1407 [03:43<00:14,  5.70it/s, avg=4.85, loss=4.33]Epoch 1 [train]:  94%|████████████████████▋ | 1324/1407 [03:43<00:14,  5.70it/s, avg=4.85, loss=4.3]Epoch 1 [train]:  94%|████████████████████▋ | 1325/1407 [03:43<00:13,  6.10it/s, avg=4.85, loss=4.3]Epoch 1 [train]:  94%|████████████████████▋ | 1325/1407 [03:43<00:13,  6.10it/s, avg=4.85, loss=4.3]Epoch 1 [train]:  94%|████████████████████▋ | 1326/1407 [03:43<00:13,  5.89it/s, avg=4.85, loss=4.3]Epoch 1 [train]:  94%|███████████████████▊ | 1326/1407 [03:43<00:13,  5.89it/s, avg=4.85, loss=4.41]Epoch 1 [train]:  94%|███████████████████▊ | 1327/1407 [03:43<00:13,  6.08it/s, avg=4.85, loss=4.41]Epoch 1 [train]:  94%|███████████████████▊ | 1327/1407 [03:43<00:13,  6.08it/s, avg=4.85, loss=4.35]Epoch 1 [train]:  94%|███████████████████▊ | 1328/1407 [03:43<00:12,  6.37it/s, avg=4.85, loss=4.35]Epoch 1 [train]:  94%|███████████████████▊ | 1328/1407 [03:43<00:12,  6.37it/s, avg=4.85, loss=4.35]Epoch 1 [train]:  94%|███████████████████▊ | 1329/1407 [03:43<00:11,  6.60it/s, avg=4.85, loss=4.35]Epoch 1 [train]:  94%|████████████████████▊ | 1329/1407 [03:44<00:11,  6.60it/s, avg=4.85, loss=4.3]Epoch 1 [train]:  95%|████████████████████▊ | 1330/1407 [03:44<00:12,  6.35it/s, avg=4.85, loss=4.3]Epoch 1 [train]:  95%|███████████████████▊ | 1330/1407 [03:44<00:12,  6.35it/s, avg=4.85, loss=4.24]Epoch 1 [train]:  95%|███████████████████▊ | 1331/1407 [03:44<00:11,  6.87it/s, avg=4.85, loss=4.24]Epoch 1 [train]:  95%|███████████████████▊ | 1331/1407 [03:44<00:11,  6.87it/s, avg=4.85, loss=4.37]Epoch 1 [train]:  95%|███████████████████▉ | 1332/1407 [03:44<00:11,  6.60it/s, avg=4.85, loss=4.37]Epoch 1 [train]:  95%|███████████████████▉ | 1332/1407 [03:44<00:11,  6.60it/s, avg=4.85, loss=4.27]Epoch 1 [train]:  95%|███████████████████▉ | 1333/1407 [03:44<00:11,  6.28it/s, avg=4.85, loss=4.27]Epoch 1 [train]:  95%|███████████████████▉ | 1333/1407 [03:44<00:11,  6.28it/s, avg=4.85, loss=4.37]Epoch 1 [train]:  95%|███████████████████▉ | 1334/1407 [03:44<00:11,  6.18it/s, avg=4.85, loss=4.37]Epoch 1 [train]:  95%|███████████████████▉ | 1334/1407 [03:44<00:11,  6.18it/s, avg=4.85, loss=4.36]Epoch 1 [train]:  95%|███████████████████▉ | 1335/1407 [03:44<00:11,  6.50it/s, avg=4.85, loss=4.36]Epoch 1 [train]:  95%|███████████████████▉ | 1335/1407 [03:44<00:11,  6.50it/s, avg=4.85, loss=4.19]Epoch 1 [train]:  95%|███████████████████▉ | 1336/1407 [03:44<00:11,  6.41it/s, avg=4.85, loss=4.19]Epoch 1 [train]:  95%|███████████████████▉ | 1336/1407 [03:45<00:11,  6.41it/s, avg=4.85, loss=4.45]Epoch 1 [train]:  95%|███████████████████▉ | 1337/1407 [03:45<00:11,  6.25it/s, avg=4.85, loss=4.45]Epoch 1 [train]:  95%|███████████████████▉ | 1337/1407 [03:45<00:11,  6.25it/s, avg=4.85, loss=4.34]Epoch 1 [train]:  95%|███████████████████▉ | 1338/1407 [03:45<00:10,  6.31it/s, avg=4.85, loss=4.34]Epoch 1 [train]:  95%|████████████████████▉ | 1338/1407 [03:45<00:10,  6.31it/s, avg=4.85, loss=4.4]Epoch 1 [train]:  95%|████████████████████▉ | 1339/1407 [03:45<00:11,  5.96it/s, avg=4.85, loss=4.4]Epoch 1 [train]:  95%|███████████████████▉ | 1339/1407 [03:45<00:11,  5.96it/s, avg=4.85, loss=4.19]Epoch 1 [train]:  95%|████████████████████ | 1340/1407 [03:45<00:11,  6.08it/s, avg=4.85, loss=4.19]Epoch 1 [train]:  95%|████████████████████ | 1340/1407 [03:45<00:11,  6.08it/s, avg=4.85, loss=4.27]Epoch 1 [train]:  95%|████████████████████ | 1341/1407 [03:45<00:11,  5.67it/s, avg=4.85, loss=4.27]Epoch 1 [train]:  95%|████████████████████ | 1341/1407 [03:45<00:11,  5.67it/s, avg=4.85, loss=4.36]Epoch 1 [train]:  95%|████████████████████ | 1342/1407 [03:45<00:10,  6.23it/s, avg=4.85, loss=4.36]Epoch 1 [train]:  95%|████████████████████ | 1342/1407 [03:46<00:10,  6.23it/s, avg=4.85, loss=4.46]Epoch 1 [train]:  95%|████████████████████ | 1343/1407 [03:46<00:10,  6.18it/s, avg=4.85, loss=4.46]Epoch 1 [train]:  95%|████████████████████▉ | 1343/1407 [03:46<00:10,  6.18it/s, avg=4.85, loss=4.4]Epoch 1 [train]:  96%|█████████████████████ | 1344/1407 [03:46<00:09,  6.42it/s, avg=4.85, loss=4.4]Epoch 1 [train]:  96%|████████████████████ | 1344/1407 [03:46<00:09,  6.42it/s, avg=4.85, loss=4.19]Epoch 1 [train]:  96%|████████████████████ | 1345/1407 [03:46<00:11,  5.58it/s, avg=4.85, loss=4.19]Epoch 1 [train]:  96%|█████████████████████ | 1345/1407 [03:46<00:11,  5.58it/s, avg=4.85, loss=4.4]Epoch 1 [train]:  96%|█████████████████████ | 1346/1407 [03:46<00:10,  5.95it/s, avg=4.85, loss=4.4]Epoch 1 [train]:  96%|████████████████████ | 1346/1407 [03:46<00:10,  5.95it/s, avg=4.85, loss=4.13]Epoch 1 [train]:  96%|████████████████████ | 1347/1407 [03:46<00:09,  6.02it/s, avg=4.85, loss=4.13]Epoch 1 [train]:  96%|████████████████████ | 1347/1407 [03:46<00:09,  6.02it/s, avg=4.85, loss=4.25]Epoch 1 [train]:  96%|████████████████████ | 1348/1407 [03:46<00:09,  6.13it/s, avg=4.85, loss=4.25]Epoch 1 [train]:  96%|████████████████████ | 1348/1407 [03:47<00:09,  6.13it/s, avg=4.85, loss=4.31]Epoch 1 [train]:  96%|████████████████████▏| 1349/1407 [03:47<00:09,  6.10it/s, avg=4.85, loss=4.31]Epoch 1 [train]:  96%|█████████████████████ | 1349/1407 [03:47<00:09,  6.10it/s, avg=4.84, loss=4.3]Epoch 1 [train]:  96%|█████████████████████ | 1350/1407 [03:47<00:09,  5.89it/s, avg=4.84, loss=4.3]Epoch 1 [train]:  96%|████████████████████▏| 1350/1407 [03:47<00:09,  5.89it/s, avg=4.84, loss=4.51]Epoch 1 [train]:  96%|████████████████████▏| 1351/1407 [03:47<00:09,  6.02it/s, avg=4.84, loss=4.51]Epoch 1 [train]:  96%|█████████████████████ | 1351/1407 [03:47<00:09,  6.02it/s, avg=4.84, loss=4.3]Epoch 1 [train]:  96%|█████████████████████▏| 1352/1407 [03:47<00:09,  6.08it/s, avg=4.84, loss=4.3]Epoch 1 [train]:  96%|████████████████████▏| 1352/1407 [03:47<00:09,  6.08it/s, avg=4.84, loss=4.39]Epoch 1 [train]:  96%|████████████████████▏| 1353/1407 [03:47<00:09,  5.87it/s, avg=4.84, loss=4.39]Epoch 1 [train]:  96%|████████████████████▏| 1353/1407 [03:47<00:09,  5.87it/s, avg=4.84, loss=4.15]Epoch 1 [train]:  96%|████████████████████▏| 1354/1407 [03:47<00:09,  5.74it/s, avg=4.84, loss=4.15]Epoch 1 [train]:  96%|████████████████████▏| 1354/1407 [03:48<00:09,  5.74it/s, avg=4.84, loss=4.21]Epoch 1 [train]:  96%|████████████████████▏| 1355/1407 [03:48<00:08,  6.07it/s, avg=4.84, loss=4.21]Epoch 1 [train]:  96%|████████████████████▏| 1355/1407 [03:48<00:08,  6.07it/s, avg=4.84, loss=4.42]Epoch 1 [train]:  96%|████████████████████▏| 1356/1407 [03:48<00:09,  5.53it/s, avg=4.84, loss=4.42]Epoch 1 [train]:  96%|████████████████████▏| 1356/1407 [03:48<00:09,  5.53it/s, avg=4.84, loss=4.18]Epoch 1 [train]:  96%|████████████████████▎| 1357/1407 [03:48<00:09,  5.28it/s, avg=4.84, loss=4.18]Epoch 1 [train]:  96%|████████████████████▎| 1357/1407 [03:48<00:09,  5.28it/s, avg=4.84, loss=4.34]Epoch 1 [train]:  97%|████████████████████▎| 1358/1407 [03:48<00:09,  5.23it/s, avg=4.84, loss=4.34]Epoch 1 [train]:  97%|████████████████████▎| 1358/1407 [03:48<00:09,  5.23it/s, avg=4.84, loss=4.29]Epoch 1 [train]:  97%|████████████████████▎| 1359/1407 [03:48<00:08,  5.73it/s, avg=4.84, loss=4.29]Epoch 1 [train]:  97%|████████████████████▎| 1359/1407 [03:49<00:08,  5.73it/s, avg=4.84, loss=4.32]Epoch 1 [train]:  97%|████████████████████▎| 1360/1407 [03:49<00:07,  6.08it/s, avg=4.84, loss=4.32]Epoch 1 [train]:  97%|████████████████████▎| 1360/1407 [03:49<00:07,  6.08it/s, avg=4.84, loss=4.19]Epoch 1 [train]:  97%|████████████████████▎| 1361/1407 [03:49<00:07,  6.12it/s, avg=4.84, loss=4.19]Epoch 1 [train]:  97%|████████████████████▎| 1361/1407 [03:49<00:07,  6.12it/s, avg=4.84, loss=4.34]Epoch 1 [train]:  97%|████████████████████▎| 1362/1407 [03:49<00:07,  6.30it/s, avg=4.84, loss=4.34]Epoch 1 [train]:  97%|████████████████████▎| 1362/1407 [03:49<00:07,  6.30it/s, avg=4.84, loss=4.45]Epoch 1 [train]:  97%|████████████████████▎| 1363/1407 [03:49<00:07,  5.67it/s, avg=4.84, loss=4.45]Epoch 1 [train]:  97%|████████████████████▎| 1363/1407 [03:49<00:07,  5.67it/s, avg=4.84, loss=4.26]Epoch 1 [train]:  97%|████████████████████▎| 1364/1407 [03:49<00:07,  5.41it/s, avg=4.84, loss=4.26]Epoch 1 [train]:  97%|████████████████████▎| 1364/1407 [03:49<00:07,  5.41it/s, avg=4.84, loss=4.52]Epoch 1 [train]:  97%|████████████████████▎| 1365/1407 [03:49<00:07,  5.64it/s, avg=4.84, loss=4.52]Epoch 1 [train]:  97%|████████████████████▎| 1365/1407 [03:50<00:07,  5.64it/s, avg=4.84, loss=4.51]Epoch 1 [train]:  97%|████████████████████▍| 1366/1407 [03:50<00:07,  5.45it/s, avg=4.84, loss=4.51]Epoch 1 [train]:  97%|████████████████████▍| 1366/1407 [03:50<00:07,  5.45it/s, avg=4.84, loss=4.43]Epoch 1 [train]:  97%|████████████████████▍| 1367/1407 [03:50<00:07,  5.25it/s, avg=4.84, loss=4.43]Epoch 1 [train]:  97%|████████████████████▍| 1367/1407 [03:50<00:07,  5.25it/s, avg=4.84, loss=4.24]Epoch 1 [train]:  97%|████████████████████▍| 1368/1407 [03:50<00:06,  5.91it/s, avg=4.84, loss=4.24]Epoch 1 [train]:  97%|████████████████████▍| 1368/1407 [03:50<00:06,  5.91it/s, avg=4.84, loss=4.33]Epoch 1 [train]:  97%|████████████████████▍| 1369/1407 [03:50<00:06,  6.17it/s, avg=4.84, loss=4.33]Epoch 1 [train]:  97%|████████████████████▍| 1369/1407 [03:50<00:06,  6.17it/s, avg=4.84, loss=4.29]Epoch 1 [train]:  97%|████████████████████▍| 1370/1407 [03:50<00:05,  6.28it/s, avg=4.84, loss=4.29]Epoch 1 [train]:  97%|████████████████████▍| 1370/1407 [03:50<00:05,  6.28it/s, avg=4.84, loss=4.22]Epoch 1 [train]:  97%|████████████████████▍| 1371/1407 [03:50<00:05,  6.39it/s, avg=4.84, loss=4.22]Epoch 1 [train]:  97%|████████████████████▍| 1371/1407 [03:51<00:05,  6.39it/s, avg=4.84, loss=4.28]Epoch 1 [train]:  98%|████████████████████▍| 1372/1407 [03:51<00:05,  5.96it/s, avg=4.84, loss=4.28]Epoch 1 [train]:  98%|█████████████████████▍| 1372/1407 [03:51<00:05,  5.96it/s, avg=4.84, loss=4.4]Epoch 1 [train]:  98%|█████████████████████▍| 1373/1407 [03:51<00:05,  5.79it/s, avg=4.84, loss=4.4]Epoch 1 [train]:  98%|████████████████████▍| 1373/1407 [03:51<00:05,  5.79it/s, avg=4.84, loss=4.13]Epoch 1 [train]:  98%|████████████████████▌| 1374/1407 [03:51<00:05,  5.85it/s, avg=4.84, loss=4.13]Epoch 1 [train]:  98%|████████████████████▌| 1374/1407 [03:51<00:05,  5.85it/s, avg=4.84, loss=4.29]Epoch 1 [train]:  98%|████████████████████▌| 1375/1407 [03:51<00:05,  6.04it/s, avg=4.84, loss=4.29]Epoch 1 [train]:  98%|████████████████████▌| 1375/1407 [03:51<00:05,  6.04it/s, avg=4.83, loss=4.53]Epoch 1 [train]:  98%|████████████████████▌| 1376/1407 [03:51<00:05,  6.14it/s, avg=4.83, loss=4.53]Epoch 1 [train]:  98%|████████████████████▌| 1376/1407 [03:51<00:05,  6.14it/s, avg=4.83, loss=4.31]Epoch 1 [train]:  98%|████████████████████▌| 1377/1407 [03:51<00:04,  6.28it/s, avg=4.83, loss=4.31]Epoch 1 [train]:  98%|████████████████████▌| 1377/1407 [03:52<00:04,  6.28it/s, avg=4.83, loss=4.23]Epoch 1 [train]:  98%|████████████████████▌| 1378/1407 [03:52<00:04,  6.61it/s, avg=4.83, loss=4.23]Epoch 1 [train]:  98%|████████████████████▌| 1378/1407 [03:52<00:04,  6.61it/s, avg=4.83, loss=4.21]Epoch 1 [train]:  98%|████████████████████▌| 1379/1407 [03:52<00:04,  6.66it/s, avg=4.83, loss=4.21]Epoch 1 [train]:  98%|████████████████████▌| 1379/1407 [03:52<00:04,  6.66it/s, avg=4.83, loss=3.95]Epoch 1 [train]:  98%|████████████████████▌| 1380/1407 [03:52<00:03,  6.87it/s, avg=4.83, loss=3.95]Epoch 1 [train]:  98%|████████████████████▌| 1380/1407 [03:52<00:03,  6.87it/s, avg=4.83, loss=4.33]Epoch 1 [train]:  98%|████████████████████▌| 1381/1407 [03:52<00:03,  6.54it/s, avg=4.83, loss=4.33]Epoch 1 [train]:  98%|█████████████████████▌| 1381/1407 [03:52<00:03,  6.54it/s, avg=4.83, loss=4.4]Epoch 1 [train]:  98%|█████████████████████▌| 1382/1407 [03:52<00:03,  6.26it/s, avg=4.83, loss=4.4]Epoch 1 [train]:  98%|█████████████████████▌| 1382/1407 [03:52<00:03,  6.26it/s, avg=4.83, loss=4.3]Epoch 1 [train]:  98%|█████████████████████▌| 1383/1407 [03:52<00:03,  6.53it/s, avg=4.83, loss=4.3]Epoch 1 [train]:  98%|████████████████████▋| 1383/1407 [03:53<00:03,  6.53it/s, avg=4.83, loss=4.55]Epoch 1 [train]:  98%|████████████████████▋| 1384/1407 [03:53<00:03,  5.88it/s, avg=4.83, loss=4.55]Epoch 1 [train]:  98%|████████████████████▋| 1384/1407 [03:53<00:03,  5.88it/s, avg=4.83, loss=4.11]Epoch 1 [train]:  98%|████████████████████▋| 1385/1407 [03:53<00:03,  6.09it/s, avg=4.83, loss=4.11]Epoch 1 [train]:  98%|████████████████████▋| 1385/1407 [03:53<00:03,  6.09it/s, avg=4.83, loss=4.33]Epoch 1 [train]:  99%|████████████████████▋| 1386/1407 [03:53<00:03,  6.35it/s, avg=4.83, loss=4.33]Epoch 1 [train]:  99%|████████████████████▋| 1386/1407 [03:53<00:03,  6.35it/s, avg=4.83, loss=4.08]Epoch 1 [train]:  99%|████████████████████▋| 1387/1407 [03:53<00:03,  6.01it/s, avg=4.83, loss=4.08]Epoch 1 [train]:  99%|████████████████████▋| 1387/1407 [03:53<00:03,  6.01it/s, avg=4.83, loss=4.38]Epoch 1 [train]:  99%|████████████████████▋| 1388/1407 [03:53<00:03,  5.58it/s, avg=4.83, loss=4.38]Epoch 1 [train]:  99%|████████████████████▋| 1388/1407 [03:53<00:03,  5.58it/s, avg=4.83, loss=4.32]Epoch 1 [train]:  99%|████████████████████▋| 1389/1407 [03:53<00:03,  5.85it/s, avg=4.83, loss=4.32]Epoch 1 [train]:  99%|████████████████████▋| 1389/1407 [03:53<00:03,  5.85it/s, avg=4.83, loss=4.26]Epoch 1 [train]:  99%|████████████████████▋| 1390/1407 [03:53<00:02,  6.45it/s, avg=4.83, loss=4.26]Epoch 1 [train]:  99%|████████████████████▋| 1390/1407 [03:54<00:02,  6.45it/s, avg=4.83, loss=4.05]Epoch 1 [train]:  99%|████████████████████▊| 1391/1407 [03:54<00:02,  6.75it/s, avg=4.83, loss=4.05]Epoch 1 [train]:  99%|████████████████████▊| 1391/1407 [03:54<00:02,  6.75it/s, avg=4.83, loss=4.36]Epoch 1 [train]:  99%|████████████████████▊| 1392/1407 [03:54<00:02,  6.76it/s, avg=4.83, loss=4.36]Epoch 1 [train]:  99%|█████████████████████▊| 1392/1407 [03:54<00:02,  6.76it/s, avg=4.83, loss=4.3]Epoch 1 [train]:  99%|█████████████████████▊| 1393/1407 [03:54<00:02,  6.80it/s, avg=4.83, loss=4.3]Epoch 1 [train]:  99%|████████████████████▊| 1393/1407 [03:54<00:02,  6.80it/s, avg=4.83, loss=4.18]Epoch 1 [train]:  99%|████████████████████▊| 1394/1407 [03:54<00:01,  6.68it/s, avg=4.83, loss=4.18]Epoch 1 [train]:  99%|████████████████████▊| 1394/1407 [03:54<00:01,  6.68it/s, avg=4.83, loss=4.32]Epoch 1 [train]:  99%|████████████████████▊| 1395/1407 [03:54<00:02,  5.86it/s, avg=4.83, loss=4.32]Epoch 1 [train]:  99%|████████████████████▊| 1395/1407 [03:54<00:02,  5.86it/s, avg=4.83, loss=4.44]Epoch 1 [train]:  99%|████████████████████▊| 1396/1407 [03:54<00:01,  6.09it/s, avg=4.83, loss=4.44]Epoch 1 [train]:  99%|████████████████████▊| 1396/1407 [03:55<00:01,  6.09it/s, avg=4.83, loss=4.07]Epoch 1 [train]:  99%|████████████████████▊| 1397/1407 [03:55<00:01,  6.25it/s, avg=4.83, loss=4.07]Epoch 1 [train]:  99%|████████████████████▊| 1397/1407 [03:55<00:01,  6.25it/s, avg=4.83, loss=4.27]Epoch 1 [train]:  99%|████████████████████▊| 1398/1407 [03:55<00:01,  6.24it/s, avg=4.83, loss=4.27]Epoch 1 [train]:  99%|████████████████████▊| 1398/1407 [03:55<00:01,  6.24it/s, avg=4.83, loss=4.51]Epoch 1 [train]:  99%|████████████████████▉| 1399/1407 [03:55<00:01,  5.66it/s, avg=4.83, loss=4.51][train] epoch=1 batch=1400/1407 loss=4.1853 avg=4.8252 gpu_mem=886MB
Epoch 1 [train]:  99%|████████████████████▉| 1399/1407 [03:55<00:01,  5.66it/s, avg=4.83, loss=4.19]Epoch 1 [train]: 100%|████████████████████▉| 1400/1407 [03:55<00:01,  6.03it/s, avg=4.83, loss=4.19]Epoch 1 [train]: 100%|████████████████████▉| 1400/1407 [03:55<00:01,  6.03it/s, avg=4.82, loss=4.46]Epoch 1 [train]: 100%|████████████████████▉| 1401/1407 [03:55<00:01,  5.48it/s, avg=4.82, loss=4.46]Epoch 1 [train]: 100%|████████████████████▉| 1401/1407 [03:55<00:01,  5.48it/s, avg=4.82, loss=4.45]Epoch 1 [train]: 100%|████████████████████▉| 1402/1407 [03:55<00:00,  5.40it/s, avg=4.82, loss=4.45]Epoch 1 [train]: 100%|████████████████████▉| 1402/1407 [03:56<00:00,  5.40it/s, avg=4.82, loss=4.18]Epoch 1 [train]: 100%|████████████████████▉| 1403/1407 [03:56<00:00,  5.43it/s, avg=4.82, loss=4.18]Epoch 1 [train]: 100%|████████████████████▉| 1403/1407 [03:56<00:00,  5.43it/s, avg=4.82, loss=4.22]Epoch 1 [train]: 100%|████████████████████▉| 1404/1407 [03:56<00:00,  5.39it/s, avg=4.82, loss=4.22]Epoch 1 [train]: 100%|████████████████████▉| 1404/1407 [03:56<00:00,  5.39it/s, avg=4.82, loss=4.31]Epoch 1 [train]: 100%|████████████████████▉| 1405/1407 [03:56<00:00,  5.52it/s, avg=4.82, loss=4.31]Epoch 1 [train]: 100%|█████████████████████▉| 1405/1407 [03:56<00:00,  5.52it/s, avg=4.82, loss=4.3]Epoch 1 [train]: 100%|█████████████████████▉| 1406/1407 [03:56<00:00,  5.84it/s, avg=4.82, loss=4.3][train] epoch=1 batch=1407/1407 loss=4.2427 avg=4.8226 gpu_mem=754MB
Epoch 1 [train]: 100%|████████████████████▉| 1406/1407 [03:56<00:00,  5.84it/s, avg=4.82, loss=4.24]Epoch 1 [train]: 100%|█████████████████████| 1407/1407 [03:56<00:00,  5.94it/s, avg=4.82, loss=4.24]
Epoch 1 [val]:   0%|                                                         | 0/79 [00:00<?, ?it/s]Epoch 1 [val]:   0%|                                    | 0/79 [00:00<?, ?it/s, avg=4.18, loss=4.18]Epoch 1 [val]:   0%|                                    | 0/79 [00:00<?, ?it/s, avg=4.13, loss=4.08]Epoch 1 [val]:   3%|▋                           | 2/79 [00:00<00:04, 17.63it/s, avg=4.13, loss=4.08]Epoch 1 [val]:   3%|▋                           | 2/79 [00:00<00:04, 17.63it/s, avg=4.12, loss=4.11]Epoch 1 [val]:   3%|▋                           | 2/79 [00:00<00:04, 17.63it/s, avg=4.15, loss=4.25]Epoch 1 [val]:   5%|█▍                          | 4/79 [00:00<00:04, 17.41it/s, avg=4.15, loss=4.25]Epoch 1 [val]:   5%|█▍                          | 4/79 [00:00<00:04, 17.41it/s, avg=4.12, loss=3.98]Epoch 1 [val]:   5%|█▍                          | 4/79 [00:00<00:04, 17.41it/s, avg=4.16, loss=4.35]Epoch 1 [val]:   8%|██▏                         | 6/79 [00:00<00:04, 16.00it/s, avg=4.16, loss=4.35]Epoch 1 [val]:   8%|██▏                         | 6/79 [00:00<00:04, 16.00it/s, avg=4.17, loss=4.26]Epoch 1 [val]:   8%|██▏                         | 6/79 [00:00<00:04, 16.00it/s, avg=4.17, loss=4.19]Epoch 1 [val]:  10%|██▊                         | 8/79 [00:00<00:04, 15.10it/s, avg=4.17, loss=4.19]Epoch 1 [val]:  10%|██▊                         | 8/79 [00:00<00:04, 15.10it/s, avg=4.18, loss=4.27]Epoch 1 [val]:  10%|██▊                         | 8/79 [00:00<00:04, 15.10it/s, avg=4.19, loss=4.26]Epoch 1 [val]:  13%|███▍                       | 10/79 [00:00<00:04, 15.85it/s, avg=4.19, loss=4.26]Epoch 1 [val]:  13%|███▍                       | 10/79 [00:00<00:04, 15.85it/s, avg=4.21, loss=4.42]Epoch 1 [val]:  13%|███▍                       | 10/79 [00:00<00:04, 15.85it/s, avg=4.21, loss=4.22]Epoch 1 [val]:  15%|████                       | 12/79 [00:00<00:04, 15.09it/s, avg=4.21, loss=4.22]Epoch 1 [val]:  15%|████                       | 12/79 [00:00<00:04, 15.09it/s, avg=4.22, loss=4.32]Epoch 1 [val]:  15%|████                       | 12/79 [00:00<00:04, 15.09it/s, avg=4.23, loss=4.31]Epoch 1 [val]:  18%|████▊                      | 14/79 [00:00<00:04, 15.61it/s, avg=4.23, loss=4.31]Epoch 1 [val]:  18%|████▊                      | 14/79 [00:00<00:04, 15.61it/s, avg=4.24, loss=4.41]Epoch 1 [val]:  18%|████▊                      | 14/79 [00:01<00:04, 15.61it/s, avg=4.24, loss=4.29]Epoch 1 [val]:  20%|█████▍                     | 16/79 [00:01<00:03, 16.00it/s, avg=4.24, loss=4.29]Epoch 1 [val]:  20%|█████▍                     | 16/79 [00:01<00:03, 16.00it/s, avg=4.24, loss=4.25]Epoch 1 [val]:  20%|█████▍                     | 16/79 [00:01<00:03, 16.00it/s, avg=4.25, loss=4.28]Epoch 1 [val]:  23%|██████▏                    | 18/79 [00:01<00:03, 16.83it/s, avg=4.25, loss=4.28]Epoch 1 [val]:  23%|██████▏                    | 18/79 [00:01<00:03, 16.83it/s, avg=4.25, loss=4.25]Epoch 1 [val]:  23%|██████▍                     | 18/79 [00:01<00:03, 16.83it/s, avg=4.24, loss=4.1]Epoch 1 [val]:  25%|███████                     | 20/79 [00:01<00:03, 15.82it/s, avg=4.24, loss=4.1]Epoch 1 [val]:  25%|██████▊                    | 20/79 [00:01<00:03, 15.82it/s, avg=4.24, loss=4.28]Epoch 1 [val]:  25%|██████▊                    | 20/79 [00:01<00:03, 15.82it/s, avg=4.24, loss=4.27]Epoch 1 [val]:  28%|███████▌                   | 22/79 [00:01<00:03, 15.95it/s, avg=4.24, loss=4.27]Epoch 1 [val]:  28%|███████▌                   | 22/79 [00:01<00:03, 15.95it/s, avg=4.24, loss=4.27]Epoch 1 [val]:  28%|███████▌                   | 22/79 [00:01<00:03, 15.95it/s, avg=4.24, loss=4.27]Epoch 1 [val]:  30%|████████▏                  | 24/79 [00:01<00:03, 16.16it/s, avg=4.24, loss=4.27]Epoch 1 [val]:  30%|████████▌                   | 24/79 [00:01<00:03, 16.16it/s, avg=4.25, loss=4.3]Epoch 1 [val]:  30%|████████▏                  | 24/79 [00:01<00:03, 16.16it/s, avg=4.25, loss=4.44]Epoch 1 [val]:  33%|████████▉                  | 26/79 [00:01<00:03, 16.35it/s, avg=4.25, loss=4.44]Epoch 1 [val]:  33%|████████▉                  | 26/79 [00:01<00:03, 16.35it/s, avg=4.25, loss=4.27]Epoch 1 [val]:  33%|████████▉                  | 26/79 [00:01<00:03, 16.35it/s, avg=4.26, loss=4.31]Epoch 1 [val]:  35%|█████████▌                 | 28/79 [00:01<00:03, 16.02it/s, avg=4.26, loss=4.31]Epoch 1 [val]:  35%|█████████▌                 | 28/79 [00:01<00:03, 16.02it/s, avg=4.26, loss=4.24]Epoch 1 [val]:  35%|█████████▌                 | 28/79 [00:01<00:03, 16.02it/s, avg=4.25, loss=4.16]Epoch 1 [val]:  38%|██████████▎                | 30/79 [00:01<00:03, 15.69it/s, avg=4.25, loss=4.16]Epoch 1 [val]:  38%|██████████▎                | 30/79 [00:01<00:03, 15.69it/s, avg=4.26, loss=4.44]Epoch 1 [val]:  38%|██████████▎                | 30/79 [00:02<00:03, 15.69it/s, avg=4.26, loss=4.21]Epoch 1 [val]:  41%|██████████▉                | 32/79 [00:02<00:03, 15.66it/s, avg=4.26, loss=4.21]Epoch 1 [val]:  41%|██████████▉                | 32/79 [00:02<00:03, 15.66it/s, avg=4.25, loss=4.17]Epoch 1 [val]:  41%|██████████▉                | 32/79 [00:02<00:03, 15.66it/s, avg=4.26, loss=4.38]Epoch 1 [val]:  43%|███████████▌               | 34/79 [00:02<00:02, 15.89it/s, avg=4.26, loss=4.38]Epoch 1 [val]:  43%|███████████▌               | 34/79 [00:02<00:02, 15.89it/s, avg=4.25, loss=3.95]Epoch 1 [val]:  43%|███████████▌               | 34/79 [00:02<00:02, 15.89it/s, avg=4.26, loss=4.52]Epoch 1 [val]:  46%|████████████▎              | 36/79 [00:02<00:02, 15.82it/s, avg=4.26, loss=4.52]Epoch 1 [val]:  46%|████████████▎              | 36/79 [00:02<00:02, 15.82it/s, avg=4.25, loss=4.14]Epoch 1 [val]:  46%|████████████▎              | 36/79 [00:02<00:02, 15.82it/s, avg=4.26, loss=4.35]Epoch 1 [val]:  48%|████████████▉              | 38/79 [00:02<00:02, 16.30it/s, avg=4.26, loss=4.35]Epoch 1 [val]:  48%|████████████▉              | 38/79 [00:02<00:02, 16.30it/s, avg=4.26, loss=4.28]Epoch 1 [val]:  48%|████████████▉              | 38/79 [00:02<00:02, 16.30it/s, avg=4.26, loss=4.38]Epoch 1 [val]:  51%|█████████████▋             | 40/79 [00:02<00:02, 16.06it/s, avg=4.26, loss=4.38]Epoch 1 [val]:  51%|█████████████▋             | 40/79 [00:02<00:02, 16.06it/s, avg=4.26, loss=4.19]Epoch 1 [val]:  51%|█████████████▋             | 40/79 [00:02<00:02, 16.06it/s, avg=4.26, loss=4.35]Epoch 1 [val]:  53%|██████████████▎            | 42/79 [00:02<00:02, 15.26it/s, avg=4.26, loss=4.35]Epoch 1 [val]:  53%|██████████████▉             | 42/79 [00:02<00:02, 15.26it/s, avg=4.26, loss=4.1]Epoch 1 [val]:  53%|██████████████▎            | 42/79 [00:02<00:02, 15.26it/s, avg=4.26, loss=4.19]Epoch 1 [val]:  56%|███████████████            | 44/79 [00:02<00:02, 15.22it/s, avg=4.26, loss=4.19]Epoch 1 [val]:  56%|███████████████            | 44/79 [00:02<00:02, 15.22it/s, avg=4.26, loss=4.34]Epoch 1 [val]:  56%|███████████████            | 44/79 [00:02<00:02, 15.22it/s, avg=4.25, loss=4.07]Epoch 1 [val]:  58%|███████████████▋           | 46/79 [00:02<00:02, 16.25it/s, avg=4.25, loss=4.07]Epoch 1 [val]:  58%|███████████████▋           | 46/79 [00:02<00:02, 16.25it/s, avg=4.25, loss=4.24]Epoch 1 [val]:  58%|███████████████▋           | 46/79 [00:03<00:02, 16.25it/s, avg=4.25, loss=4.28]Epoch 1 [val]:  61%|████████████████▍          | 48/79 [00:03<00:01, 15.89it/s, avg=4.25, loss=4.28]Epoch 1 [val]:  61%|████████████████▍          | 48/79 [00:03<00:01, 15.89it/s, avg=4.25, loss=4.31]Epoch 1 [val]:  61%|████████████████▍          | 48/79 [00:03<00:01, 15.89it/s, avg=4.25, loss=4.25]Epoch 1 [val]:  63%|█████████████████          | 50/79 [00:03<00:01, 15.72it/s, avg=4.25, loss=4.25]Epoch 1 [val]:  63%|█████████████████          | 50/79 [00:03<00:01, 15.72it/s, avg=4.25, loss=4.12]Epoch 1 [val]:  63%|█████████████████          | 50/79 [00:03<00:01, 15.72it/s, avg=4.25, loss=4.13]Epoch 1 [val]:  66%|█████████████████▊         | 52/79 [00:03<00:01, 16.49it/s, avg=4.25, loss=4.13]Epoch 1 [val]:  66%|█████████████████▊         | 52/79 [00:03<00:01, 16.49it/s, avg=4.25, loss=4.11]Epoch 1 [val]:  66%|█████████████████▊         | 52/79 [00:03<00:01, 16.49it/s, avg=4.24, loss=4.07]Epoch 1 [val]:  68%|██████████████████▍        | 54/79 [00:03<00:01, 16.39it/s, avg=4.24, loss=4.07]Epoch 1 [val]:  68%|██████████████████▍        | 54/79 [00:03<00:01, 16.39it/s, avg=4.24, loss=4.15]Epoch 1 [val]:  68%|██████████████████▍        | 54/79 [00:03<00:01, 16.39it/s, avg=4.24, loss=4.15]Epoch 1 [val]:  71%|███████████████████▏       | 56/79 [00:03<00:01, 17.07it/s, avg=4.24, loss=4.15]Epoch 1 [val]:  71%|███████████████████▏       | 56/79 [00:03<00:01, 17.07it/s, avg=4.24, loss=4.08]Epoch 1 [val]:  71%|███████████████████▏       | 56/79 [00:03<00:01, 17.07it/s, avg=4.24, loss=4.37]Epoch 1 [val]:  73%|███████████████████▊       | 58/79 [00:03<00:01, 17.16it/s, avg=4.24, loss=4.37]Epoch 1 [val]:  73%|███████████████████▊       | 58/79 [00:03<00:01, 17.16it/s, avg=4.24, loss=4.05]Epoch 1 [val]:  73%|███████████████████▊       | 58/79 [00:03<00:01, 17.16it/s, avg=4.24, loss=4.17]Epoch 1 [val]:  76%|████████████████████▌      | 60/79 [00:03<00:01, 17.66it/s, avg=4.24, loss=4.17]Epoch 1 [val]:  76%|████████████████████▌      | 60/79 [00:03<00:01, 17.66it/s, avg=4.23, loss=4.07]Epoch 1 [val]:  76%|████████████████████▌      | 60/79 [00:03<00:01, 17.66it/s, avg=4.23, loss=4.15]Epoch 1 [val]:  78%|█████████████████████▏     | 62/79 [00:03<00:00, 17.10it/s, avg=4.23, loss=4.15]Epoch 1 [val]:  78%|█████████████████████▏     | 62/79 [00:03<00:00, 17.10it/s, avg=4.23, loss=4.38]Epoch 1 [val]:  78%|█████████████████████▏     | 62/79 [00:03<00:00, 17.10it/s, avg=4.23, loss=4.15]Epoch 1 [val]:  81%|█████████████████████▊     | 64/79 [00:03<00:00, 15.97it/s, avg=4.23, loss=4.15]Epoch 1 [val]:  81%|█████████████████████▊     | 64/79 [00:04<00:00, 15.97it/s, avg=4.23, loss=4.22]Epoch 1 [val]:  81%|█████████████████████▊     | 64/79 [00:04<00:00, 15.97it/s, avg=4.23, loss=4.31]Epoch 1 [val]:  84%|██████████████████████▌    | 66/79 [00:04<00:00, 14.81it/s, avg=4.23, loss=4.31]Epoch 1 [val]:  84%|██████████████████████▌    | 66/79 [00:04<00:00, 14.81it/s, avg=4.24, loss=4.36]Epoch 1 [val]:  84%|██████████████████████▌    | 66/79 [00:04<00:00, 14.81it/s, avg=4.23, loss=4.15]Epoch 1 [val]:  86%|███████████████████████▏   | 68/79 [00:04<00:00, 15.16it/s, avg=4.23, loss=4.15]Epoch 1 [val]:  86%|█████████████████████████▊    | 68/79 [00:04<00:00, 15.16it/s, avg=4.23, loss=4]Epoch 1 [val]:  86%|███████████████████████▏   | 68/79 [00:04<00:00, 15.16it/s, avg=4.23, loss=4.15]Epoch 1 [val]:  89%|███████████████████████▉   | 70/79 [00:04<00:00, 15.67it/s, avg=4.23, loss=4.15]Epoch 1 [val]:  89%|███████████████████████▉   | 70/79 [00:04<00:00, 15.67it/s, avg=4.23, loss=4.37]Epoch 1 [val]:  89%|███████████████████████▉   | 70/79 [00:04<00:00, 15.67it/s, avg=4.23, loss=4.43]Epoch 1 [val]:  91%|████████████████████████▌  | 72/79 [00:04<00:00, 15.36it/s, avg=4.23, loss=4.43]Epoch 1 [val]:  91%|████████████████████████▌  | 72/79 [00:04<00:00, 15.36it/s, avg=4.23, loss=4.24]Epoch 1 [val]:  91%|████████████████████████▌  | 72/79 [00:04<00:00, 15.36it/s, avg=4.23, loss=4.09]Epoch 1 [val]:  94%|█████████████████████████▎ | 74/79 [00:04<00:00, 14.96it/s, avg=4.23, loss=4.09]Epoch 1 [val]:  94%|█████████████████████████▎ | 74/79 [00:04<00:00, 14.96it/s, avg=4.23, loss=4.15]Epoch 1 [val]:  94%|█████████████████████████▎ | 74/79 [00:04<00:00, 14.96it/s, avg=4.23, loss=4.18]Epoch 1 [val]:  96%|█████████████████████████▉ | 76/79 [00:04<00:00, 14.78it/s, avg=4.23, loss=4.18]Epoch 1 [val]:  96%|█████████████████████████▉ | 76/79 [00:04<00:00, 14.78it/s, avg=4.23, loss=4.24]Epoch 1 [val]:  96%|█████████████████████████▉ | 76/79 [00:04<00:00, 14.78it/s, avg=4.23, loss=4.33]Epoch 1 [val]:  99%|██████████████████████████▋| 78/79 [00:04<00:00, 15.16it/s, avg=4.23, loss=4.33]Epoch 1 [val]:  99%|██████████████████████████▋| 78/79 [00:04<00:00, 15.16it/s, avg=4.23, loss=4.33]Epoch 1 [val]: 100%|███████████████████████████| 79/79 [00:04<00:00, 16.01it/s, avg=4.23, loss=4.33]
Epoch 1 [test]:   0%|                                                        | 0/79 [00:00<?, ?it/s]Epoch 1 [test]:   0%|                                   | 0/79 [00:00<?, ?it/s, avg=4.34, loss=4.34]Epoch 1 [test]:   0%|                                   | 0/79 [00:00<?, ?it/s, avg=4.29, loss=4.23]Epoch 1 [test]:   3%|▋                          | 2/79 [00:00<00:04, 16.23it/s, avg=4.29, loss=4.23]Epoch 1 [test]:   3%|▋                          | 2/79 [00:00<00:04, 16.23it/s, avg=4.24, loss=4.16]Epoch 1 [test]:   3%|▋                          | 2/79 [00:00<00:04, 16.23it/s, avg=4.28, loss=4.38]Epoch 1 [test]:   5%|█▎                         | 4/79 [00:00<00:04, 16.19it/s, avg=4.28, loss=4.38]Epoch 1 [test]:   5%|█▎                         | 4/79 [00:00<00:04, 16.19it/s, avg=4.26, loss=4.17]Epoch 1 [test]:   5%|█▎                         | 4/79 [00:00<00:04, 16.19it/s, avg=4.25, loss=4.21]Epoch 1 [test]:   8%|██                         | 6/79 [00:00<00:04, 15.90it/s, avg=4.25, loss=4.21]Epoch 1 [test]:   8%|██                         | 6/79 [00:00<00:04, 15.90it/s, avg=4.26, loss=4.33]Epoch 1 [test]:   8%|██                         | 6/79 [00:00<00:04, 15.90it/s, avg=4.19, loss=3.74]Epoch 1 [test]:  10%|██▋                        | 8/79 [00:00<00:04, 15.16it/s, avg=4.19, loss=3.74]Epoch 1 [test]:  10%|██▋                        | 8/79 [00:00<00:04, 15.16it/s, avg=4.22, loss=4.38]Epoch 1 [test]:  10%|██▋                        | 8/79 [00:00<00:04, 15.16it/s, avg=4.22, loss=4.23]Epoch 1 [test]:  13%|███▎                      | 10/79 [00:00<00:04, 15.78it/s, avg=4.22, loss=4.23]Epoch 1 [test]:  13%|███▎                      | 10/79 [00:00<00:04, 15.78it/s, avg=4.23, loss=4.39]Epoch 1 [test]:  13%|███▎                      | 10/79 [00:00<00:04, 15.78it/s, avg=4.24, loss=4.25]Epoch 1 [test]:  15%|███▉                      | 12/79 [00:00<00:04, 16.66it/s, avg=4.24, loss=4.25]Epoch 1 [test]:  15%|███▉                      | 12/79 [00:00<00:04, 16.66it/s, avg=4.25, loss=4.39]Epoch 1 [test]:  15%|███▉                      | 12/79 [00:00<00:04, 16.66it/s, avg=4.26, loss=4.38]Epoch 1 [test]:  18%|████▌                     | 14/79 [00:00<00:03, 16.78it/s, avg=4.26, loss=4.38]Epoch 1 [test]:  18%|████▊                      | 14/79 [00:00<00:03, 16.78it/s, avg=4.25, loss=4.2]Epoch 1 [test]:  18%|████▌                     | 14/79 [00:01<00:03, 16.78it/s, avg=4.24, loss=3.98]Epoch 1 [test]:  20%|█████▎                    | 16/79 [00:01<00:03, 15.76it/s, avg=4.24, loss=3.98]Epoch 1 [test]:  20%|█████▎                    | 16/79 [00:01<00:03, 15.76it/s, avg=4.24, loss=4.33]Epoch 1 [test]:  20%|█████▎                    | 16/79 [00:01<00:03, 15.76it/s, avg=4.24, loss=4.18]Epoch 1 [test]:  23%|█████▉                    | 18/79 [00:01<00:04, 14.93it/s, avg=4.24, loss=4.18]Epoch 1 [test]:  23%|█████▉                    | 18/79 [00:01<00:04, 14.93it/s, avg=4.23, loss=4.15]Epoch 1 [test]:  23%|█████▉                    | 18/79 [00:01<00:04, 14.93it/s, avg=4.23, loss=4.25]Epoch 1 [test]:  23%|█████▉                    | 18/79 [00:01<00:04, 14.93it/s, avg=4.24, loss=4.45]Epoch 1 [test]:  27%|██████▉                   | 21/79 [00:01<00:03, 16.54it/s, avg=4.24, loss=4.45]Epoch 1 [test]:  27%|██████▉                   | 21/79 [00:01<00:03, 16.54it/s, avg=4.26, loss=4.59]Epoch 1 [test]:  27%|██████▉                   | 21/79 [00:01<00:03, 16.54it/s, avg=4.26, loss=4.37]Epoch 1 [test]:  29%|███████▌                  | 23/79 [00:01<00:03, 16.41it/s, avg=4.26, loss=4.37]Epoch 1 [test]:  29%|███████▌                  | 23/79 [00:01<00:03, 16.41it/s, avg=4.27, loss=4.32]Epoch 1 [test]:  29%|███████▌                  | 23/79 [00:01<00:03, 16.41it/s, avg=4.27, loss=4.45]Epoch 1 [test]:  32%|████████▏                 | 25/79 [00:01<00:03, 15.66it/s, avg=4.27, loss=4.45]Epoch 1 [test]:  32%|████████▏                 | 25/79 [00:01<00:03, 15.66it/s, avg=4.27, loss=4.17]Epoch 1 [test]:  32%|████████▌                  | 25/79 [00:01<00:03, 15.66it/s, avg=4.27, loss=4.2]Epoch 1 [test]:  34%|█████████▏                 | 27/79 [00:01<00:03, 15.73it/s, avg=4.27, loss=4.2]Epoch 1 [test]:  34%|████████▉                 | 27/79 [00:01<00:03, 15.73it/s, avg=4.27, loss=4.27]Epoch 1 [test]:  34%|████████▉                 | 27/79 [00:01<00:03, 15.73it/s, avg=4.27, loss=4.35]Epoch 1 [test]:  37%|█████████▌                | 29/79 [00:01<00:03, 16.27it/s, avg=4.27, loss=4.35]Epoch 1 [test]:  37%|█████████▌                | 29/79 [00:01<00:03, 16.27it/s, avg=4.27, loss=4.24]Epoch 1 [test]:  37%|█████████▌                | 29/79 [00:01<00:03, 16.27it/s, avg=4.28, loss=4.53]Epoch 1 [test]:  39%|██████████▏               | 31/79 [00:01<00:03, 14.86it/s, avg=4.28, loss=4.53]Epoch 1 [test]:  39%|██████████▏               | 31/79 [00:02<00:03, 14.86it/s, avg=4.27, loss=4.19]Epoch 1 [test]:  39%|██████████▏               | 31/79 [00:02<00:03, 14.86it/s, avg=4.27, loss=4.14]Epoch 1 [test]:  42%|██████████▊               | 33/79 [00:02<00:03, 14.58it/s, avg=4.27, loss=4.14]Epoch 1 [test]:  42%|██████████▊               | 33/79 [00:02<00:03, 14.58it/s, avg=4.27, loss=4.11]Epoch 1 [test]:  42%|██████████▊               | 33/79 [00:02<00:03, 14.58it/s, avg=4.27, loss=4.39]Epoch 1 [test]:  44%|███████████▌              | 35/79 [00:02<00:02, 15.12it/s, avg=4.27, loss=4.39]Epoch 1 [test]:  44%|███████████▌              | 35/79 [00:02<00:02, 15.12it/s, avg=4.27, loss=4.35]Epoch 1 [test]:  44%|███████████▉               | 35/79 [00:02<00:02, 15.12it/s, avg=4.27, loss=4.1]Epoch 1 [test]:  47%|████████████▋              | 37/79 [00:02<00:02, 15.90it/s, avg=4.27, loss=4.1]Epoch 1 [test]:  47%|████████████▏             | 37/79 [00:02<00:02, 15.90it/s, avg=4.27, loss=4.31]Epoch 1 [test]:  47%|████████████▏             | 37/79 [00:02<00:02, 15.90it/s, avg=4.27, loss=4.35]Epoch 1 [test]:  49%|████████████▊             | 39/79 [00:02<00:02, 16.64it/s, avg=4.27, loss=4.35]Epoch 1 [test]:  49%|██████████████▎              | 39/79 [00:02<00:02, 16.64it/s, avg=4.26, loss=4]Epoch 1 [test]:  49%|████████████▊             | 39/79 [00:02<00:02, 16.64it/s, avg=4.26, loss=4.31]Epoch 1 [test]:  52%|█████████████▍            | 41/79 [00:02<00:02, 17.17it/s, avg=4.26, loss=4.31]Epoch 1 [test]:  52%|█████████████▍            | 41/79 [00:02<00:02, 17.17it/s, avg=4.26, loss=4.26]Epoch 1 [test]:  52%|█████████████▍            | 41/79 [00:02<00:02, 17.17it/s, avg=4.27, loss=4.39]Epoch 1 [test]:  54%|██████████████▏           | 43/79 [00:02<00:02, 16.19it/s, avg=4.27, loss=4.39]Epoch 1 [test]:  54%|██████████████▏           | 43/79 [00:02<00:02, 16.19it/s, avg=4.27, loss=4.19]Epoch 1 [test]:  54%|██████████████▏           | 43/79 [00:02<00:02, 16.19it/s, avg=4.26, loss=4.15]Epoch 1 [test]:  57%|██████████████▊           | 45/79 [00:02<00:02, 16.53it/s, avg=4.26, loss=4.15]Epoch 1 [test]:  57%|██████████████▊           | 45/79 [00:02<00:02, 16.53it/s, avg=4.26, loss=4.25]Epoch 1 [test]:  57%|██████████████▊           | 45/79 [00:02<00:02, 16.53it/s, avg=4.26, loss=4.22]Epoch 1 [test]:  59%|███████████████▍          | 47/79 [00:02<00:01, 16.65it/s, avg=4.26, loss=4.22]Epoch 1 [test]:  59%|███████████████▍          | 47/79 [00:02<00:01, 16.65it/s, avg=4.26, loss=4.35]Epoch 1 [test]:  59%|███████████████▍          | 47/79 [00:03<00:01, 16.65it/s, avg=4.26, loss=4.21]Epoch 1 [test]:  62%|████████████████▏         | 49/79 [00:03<00:01, 16.43it/s, avg=4.26, loss=4.21]Epoch 1 [test]:  62%|████████████████▏         | 49/79 [00:03<00:01, 16.43it/s, avg=4.26, loss=4.09]Epoch 1 [test]:  62%|████████████████▏         | 49/79 [00:03<00:01, 16.43it/s, avg=4.26, loss=4.23]Epoch 1 [test]:  65%|████████████████▊         | 51/79 [00:03<00:01, 16.57it/s, avg=4.26, loss=4.23]Epoch 1 [test]:  65%|████████████████▊         | 51/79 [00:03<00:01, 16.57it/s, avg=4.26, loss=4.23]Epoch 1 [test]:  65%|████████████████▊         | 51/79 [00:03<00:01, 16.57it/s, avg=4.25, loss=4.01]Epoch 1 [test]:  67%|█████████████████▍        | 53/79 [00:03<00:01, 16.04it/s, avg=4.25, loss=4.01]Epoch 1 [test]:  67%|██████████████████         | 53/79 [00:03<00:01, 16.04it/s, avg=4.25, loss=4.2]Epoch 1 [test]:  67%|█████████████████▍        | 53/79 [00:03<00:01, 16.04it/s, avg=4.26, loss=4.53]Epoch 1 [test]:  70%|██████████████████        | 55/79 [00:03<00:01, 15.12it/s, avg=4.26, loss=4.53]Epoch 1 [test]:  70%|██████████████████▊        | 55/79 [00:03<00:01, 15.12it/s, avg=4.26, loss=4.2]Epoch 1 [test]:  70%|██████████████████        | 55/79 [00:03<00:01, 15.12it/s, avg=4.26, loss=4.42]Epoch 1 [test]:  72%|██████████████████▊       | 57/79 [00:03<00:01, 15.25it/s, avg=4.26, loss=4.42]Epoch 1 [test]:  72%|██████████████████▊       | 57/79 [00:03<00:01, 15.25it/s, avg=4.26, loss=4.06]Epoch 1 [test]:  72%|██████████████████▊       | 57/79 [00:03<00:01, 15.25it/s, avg=4.25, loss=4.16]Epoch 1 [test]:  75%|███████████████████▍      | 59/79 [00:03<00:01, 16.30it/s, avg=4.25, loss=4.16]Epoch 1 [test]:  75%|███████████████████▍      | 59/79 [00:03<00:01, 16.30it/s, avg=4.25, loss=4.22]Epoch 1 [test]:  75%|███████████████████▍      | 59/79 [00:03<00:01, 16.30it/s, avg=4.25, loss=4.26]Epoch 1 [test]:  77%|████████████████████      | 61/79 [00:03<00:01, 16.20it/s, avg=4.25, loss=4.26]Epoch 1 [test]:  77%|████████████████████      | 61/79 [00:03<00:01, 16.20it/s, avg=4.25, loss=4.12]Epoch 1 [test]:  77%|████████████████████      | 61/79 [00:03<00:01, 16.20it/s, avg=4.25, loss=4.24]Epoch 1 [test]:  80%|████████████████████▋     | 63/79 [00:03<00:00, 16.16it/s, avg=4.25, loss=4.24]Epoch 1 [test]:  80%|████████████████████▋     | 63/79 [00:04<00:00, 16.16it/s, avg=4.25, loss=4.15]Epoch 1 [test]:  80%|████████████████████▋     | 63/79 [00:04<00:00, 16.16it/s, avg=4.25, loss=4.44]Epoch 1 [test]:  82%|█████████████████████▍    | 65/79 [00:04<00:00, 15.30it/s, avg=4.25, loss=4.44]Epoch 1 [test]:  82%|█████████████████████▍    | 65/79 [00:04<00:00, 15.30it/s, avg=4.25, loss=4.39]Epoch 1 [test]:  82%|██████████████████████▏    | 65/79 [00:04<00:00, 15.30it/s, avg=4.26, loss=4.3]Epoch 1 [test]:  85%|██████████████████████▉    | 67/79 [00:04<00:00, 16.08it/s, avg=4.26, loss=4.3]Epoch 1 [test]:  85%|██████████████████████    | 67/79 [00:04<00:00, 16.08it/s, avg=4.26, loss=4.32]Epoch 1 [test]:  85%|██████████████████████    | 67/79 [00:04<00:00, 16.08it/s, avg=4.26, loss=4.34]Epoch 1 [test]:  87%|██████████████████████▋   | 69/79 [00:04<00:00, 16.31it/s, avg=4.26, loss=4.34]Epoch 1 [test]:  87%|██████████████████████▋   | 69/79 [00:04<00:00, 16.31it/s, avg=4.26, loss=4.39]Epoch 1 [test]:  87%|███████████████████████▌   | 69/79 [00:04<00:00, 16.31it/s, avg=4.26, loss=4.2]Epoch 1 [test]:  90%|████████████████████████▎  | 71/79 [00:04<00:00, 16.09it/s, avg=4.26, loss=4.2]Epoch 1 [test]:  90%|███████████████████████▎  | 71/79 [00:04<00:00, 16.09it/s, avg=4.26, loss=4.38]Epoch 1 [test]:  90%|███████████████████████▎  | 71/79 [00:04<00:00, 16.09it/s, avg=4.26, loss=4.32]Epoch 1 [test]:  92%|████████████████████████  | 73/79 [00:04<00:00, 16.17it/s, avg=4.26, loss=4.32]Epoch 1 [test]:  92%|████████████████████████  | 73/79 [00:04<00:00, 16.17it/s, avg=4.26, loss=4.34]Epoch 1 [test]:  92%|████████████████████████  | 73/79 [00:04<00:00, 16.17it/s, avg=4.26, loss=4.06]Epoch 1 [test]:  95%|████████████████████████▋ | 75/79 [00:04<00:00, 16.34it/s, avg=4.26, loss=4.06]Epoch 1 [test]:  95%|████████████████████████▋ | 75/79 [00:04<00:00, 16.34it/s, avg=4.26, loss=4.19]Epoch 1 [test]:  95%|████████████████████████▋ | 75/79 [00:04<00:00, 16.34it/s, avg=4.26, loss=4.34]Epoch 1 [test]:  97%|█████████████████████████▎| 77/79 [00:04<00:00, 15.34it/s, avg=4.26, loss=4.34]Epoch 1 [test]:  97%|█████████████████████████▎| 77/79 [00:04<00:00, 15.34it/s, avg=4.26, loss=4.21]Epoch 1 [test]:  97%|█████████████████████████▎| 77/79 [00:04<00:00, 15.34it/s, avg=4.26, loss=4.42]Epoch 1 [test]: 100%|██████████████████████████| 79/79 [00:04<00:00, 16.03it/s, avg=4.26, loss=4.42]
==> Epoch 1 DONE: train=4.8226 val=4.2331 test=4.2614
  ↳ New best model saved.
Epoch 2 [train]:   0%|                                                     | 0/1407 [00:00<?, ?it/s]Epoch 2 [train]:   0%|                                | 0/1407 [00:00<?, ?it/s, avg=4.26, loss=4.26]Epoch 2 [train]:   0%|                        | 1/1407 [00:00<04:28,  5.24it/s, avg=4.26, loss=4.26]Epoch 2 [train]:   0%|                        | 1/1407 [00:00<04:28,  5.24it/s, avg=4.13, loss=4.01]Epoch 2 [train]:   0%|                        | 2/1407 [00:00<03:51,  6.06it/s, avg=4.13, loss=4.01]Epoch 2 [train]:   0%|                        | 2/1407 [00:00<03:51,  6.06it/s, avg=4.13, loss=4.12]Epoch 2 [train]:   0%|                        | 3/1407 [00:00<03:51,  6.06it/s, avg=4.13, loss=4.12]Epoch 2 [train]:   0%|                        | 3/1407 [00:00<03:51,  6.06it/s, avg=4.13, loss=4.12]Epoch 2 [train]:   0%|                        | 4/1407 [00:00<04:07,  5.66it/s, avg=4.13, loss=4.12]Epoch 2 [train]:   0%|                        | 4/1407 [00:00<04:07,  5.66it/s, avg=4.12, loss=4.11]Epoch 2 [train]:   0%|                        | 5/1407 [00:00<03:51,  6.04it/s, avg=4.12, loss=4.11]Epoch 2 [train]:   0%|                        | 5/1407 [00:00<03:51,  6.04it/s, avg=4.11, loss=4.06]Epoch 2 [train]:   0%|                        | 6/1407 [00:00<03:43,  6.26it/s, avg=4.11, loss=4.06]Epoch 2 [train]:   0%|                         | 6/1407 [00:01<03:43,  6.26it/s, avg=4.1, loss=4.06]Epoch 2 [train]:   0%|                         | 7/1407 [00:01<03:45,  6.20it/s, avg=4.1, loss=4.06]Epoch 2 [train]:   0%|                        | 7/1407 [00:01<03:45,  6.20it/s, avg=4.11, loss=4.11]Epoch 2 [train]:   1%|▏                       | 8/1407 [00:01<03:56,  5.92it/s, avg=4.11, loss=4.11]Epoch 2 [train]:   1%|▏                        | 8/1407 [00:01<03:56,  5.92it/s, avg=4.11, loss=4.1]Epoch 2 [train]:   1%|▏                        | 9/1407 [00:01<04:02,  5.76it/s, avg=4.11, loss=4.1]Epoch 2 [train]:   1%|▏                        | 9/1407 [00:01<04:02,  5.76it/s, avg=4.1, loss=4.06]Epoch 2 [train]:   1%|▏                       | 10/1407 [00:01<03:50,  6.06it/s, avg=4.1, loss=4.06]Epoch 2 [train]:   1%|▏                       | 10/1407 [00:01<03:50,  6.06it/s, avg=4.1, loss=4.07]Epoch 2 [train]:   1%|▏                       | 11/1407 [00:01<03:53,  5.98it/s, avg=4.1, loss=4.07]Epoch 2 [train]:   1%|▏                      | 11/1407 [00:01<03:53,  5.98it/s, avg=4.09, loss=3.96]Epoch 2 [train]:   1%|▏                      | 12/1407 [00:01<03:44,  6.21it/s, avg=4.09, loss=3.96]Epoch 2 [train]:   1%|▏                       | 12/1407 [00:02<03:44,  6.21it/s, avg=4.09, loss=4.1]Epoch 2 [train]:   1%|▏                       | 13/1407 [00:02<04:11,  5.55it/s, avg=4.09, loss=4.1]Epoch 2 [train]:   1%|▏                      | 13/1407 [00:02<04:11,  5.55it/s, avg=4.09, loss=4.13]Epoch 2 [train]:   1%|▏                      | 14/1407 [00:02<03:58,  5.85it/s, avg=4.09, loss=4.13]Epoch 2 [train]:   1%|▏                      | 14/1407 [00:02<03:58,  5.85it/s, avg=4.09, loss=4.08]Epoch 2 [train]:   1%|▏                      | 15/1407 [00:02<03:54,  5.94it/s, avg=4.09, loss=4.08]Epoch 2 [train]:   1%|▏                      | 15/1407 [00:02<03:54,  5.94it/s, avg=4.09, loss=4.14]Epoch 2 [train]:   1%|▎                      | 16/1407 [00:02<04:14,  5.46it/s, avg=4.09, loss=4.14]Epoch 2 [train]:   1%|▎                      | 16/1407 [00:02<04:14,  5.46it/s, avg=4.09, loss=3.99]Epoch 2 [train]:   1%|▎                      | 17/1407 [00:02<04:16,  5.42it/s, avg=4.09, loss=3.99]Epoch 2 [train]:   1%|▎                      | 17/1407 [00:03<04:16,  5.42it/s, avg=4.09, loss=4.06]Epoch 2 [train]:   1%|▎                      | 18/1407 [00:03<04:36,  5.03it/s, avg=4.09, loss=4.06]Epoch 2 [train]:   1%|▎                      | 18/1407 [00:03<04:36,  5.03it/s, avg=4.08, loss=3.97]Epoch 2 [train]:   1%|▎                      | 19/1407 [00:03<04:15,  5.43it/s, avg=4.08, loss=3.97]Epoch 2 [train]:   1%|▎                      | 19/1407 [00:03<04:15,  5.43it/s, avg=4.08, loss=4.06]Epoch 2 [train]:   1%|▎                      | 20/1407 [00:03<04:02,  5.72it/s, avg=4.08, loss=4.06]Epoch 2 [train]:   1%|▎                       | 20/1407 [00:03<04:02,  5.72it/s, avg=4.08, loss=4.1]Epoch 2 [train]:   1%|▎                       | 21/1407 [00:03<04:14,  5.44it/s, avg=4.08, loss=4.1]Epoch 2 [train]:   1%|▎                      | 21/1407 [00:03<04:14,  5.44it/s, avg=4.08, loss=4.09]Epoch 2 [train]:   2%|▎                      | 22/1407 [00:03<04:13,  5.46it/s, avg=4.08, loss=4.09]Epoch 2 [train]:   2%|▎                      | 22/1407 [00:04<04:13,  5.46it/s, avg=4.09, loss=4.23]Epoch 2 [train]:   2%|▍                      | 23/1407 [00:04<04:04,  5.65it/s, avg=4.09, loss=4.23]Epoch 2 [train]:   2%|▍                       | 23/1407 [00:04<04:04,  5.65it/s, avg=4.09, loss=4.1]Epoch 2 [train]:   2%|▍                       | 24/1407 [00:04<03:42,  6.22it/s, avg=4.09, loss=4.1]Epoch 2 [train]:   2%|▍                      | 24/1407 [00:04<03:42,  6.22it/s, avg=4.09, loss=4.25]Epoch 2 [train]:   2%|▍                      | 25/1407 [00:04<03:46,  6.10it/s, avg=4.09, loss=4.25]Epoch 2 [train]:   2%|▍                      | 25/1407 [00:04<03:46,  6.10it/s, avg=4.09, loss=4.06]Epoch 2 [train]:   2%|▍                      | 26/1407 [00:04<03:56,  5.84it/s, avg=4.09, loss=4.06]Epoch 2 [train]:   2%|▍                      | 26/1407 [00:04<03:56,  5.84it/s, avg=4.09, loss=4.04]Epoch 2 [train]:   2%|▍                      | 27/1407 [00:04<04:05,  5.62it/s, avg=4.09, loss=4.04]Epoch 2 [train]:   2%|▍                      | 27/1407 [00:04<04:05,  5.62it/s, avg=4.09, loss=4.11]Epoch 2 [train]:   2%|▍                      | 28/1407 [00:04<04:14,  5.42it/s, avg=4.09, loss=4.11]Epoch 2 [train]:   2%|▍                      | 28/1407 [00:05<04:14,  5.42it/s, avg=4.09, loss=4.15]Epoch 2 [train]:   2%|▍                      | 29/1407 [00:05<04:07,  5.57it/s, avg=4.09, loss=4.15]Epoch 2 [train]:   2%|▍                       | 29/1407 [00:05<04:07,  5.57it/s, avg=4.1, loss=4.32]Epoch 2 [train]:   2%|▌                       | 30/1407 [00:05<04:00,  5.72it/s, avg=4.1, loss=4.32]Epoch 2 [train]:   2%|▌                       | 30/1407 [00:05<04:00,  5.72it/s, avg=4.1, loss=4.11]Epoch 2 [train]:   2%|▌                       | 31/1407 [00:05<03:52,  5.91it/s, avg=4.1, loss=4.11]Epoch 2 [train]:   2%|▌                       | 31/1407 [00:05<03:52,  5.91it/s, avg=4.1, loss=4.22]Epoch 2 [train]:   2%|▌                       | 32/1407 [00:05<04:05,  5.60it/s, avg=4.1, loss=4.22]Epoch 2 [train]:   2%|▌                       | 32/1407 [00:05<04:05,  5.60it/s, avg=4.1, loss=3.97]Epoch 2 [train]:   2%|▌                       | 33/1407 [00:05<04:02,  5.67it/s, avg=4.1, loss=3.97]Epoch 2 [train]:   2%|▌                       | 33/1407 [00:05<04:02,  5.67it/s, avg=4.1, loss=3.99]Epoch 2 [train]:   2%|▌                       | 34/1407 [00:05<03:57,  5.77it/s, avg=4.1, loss=3.99]Epoch 2 [train]:   2%|▌                      | 34/1407 [00:06<03:57,  5.77it/s, avg=4.11, loss=4.38]Epoch 2 [train]:   2%|▌                      | 35/1407 [00:06<04:02,  5.66it/s, avg=4.11, loss=4.38]Epoch 2 [train]:   2%|▌                       | 35/1407 [00:06<04:02,  5.66it/s, avg=4.1, loss=3.98]Epoch 2 [train]:   3%|▌                       | 36/1407 [00:06<04:04,  5.62it/s, avg=4.1, loss=3.98]Epoch 2 [train]:   3%|▌                       | 36/1407 [00:06<04:04,  5.62it/s, avg=4.1, loss=4.01]Epoch 2 [train]:   3%|▋                       | 37/1407 [00:06<04:12,  5.42it/s, avg=4.1, loss=4.01]Epoch 2 [train]:   3%|▋                       | 37/1407 [00:06<04:12,  5.42it/s, avg=4.1, loss=4.11]Epoch 2 [train]:   3%|▋                       | 38/1407 [00:06<04:03,  5.63it/s, avg=4.1, loss=4.11]Epoch 2 [train]:   3%|▋                       | 38/1407 [00:06<04:03,  5.63it/s, avg=4.1, loss=4.03]Epoch 2 [train]:   3%|▋                       | 39/1407 [00:06<03:53,  5.85it/s, avg=4.1, loss=4.03]Epoch 2 [train]:   3%|▋                      | 39/1407 [00:06<03:53,  5.85it/s, avg=4.09, loss=3.96]Epoch 2 [train]:   3%|▋                      | 40/1407 [00:06<03:45,  6.05it/s, avg=4.09, loss=3.96]Epoch 2 [train]:   3%|▋                      | 40/1407 [00:07<03:45,  6.05it/s, avg=4.09, loss=4.03]Epoch 2 [train]:   3%|▋                      | 41/1407 [00:07<04:05,  5.57it/s, avg=4.09, loss=4.03]Epoch 2 [train]:   3%|▋                      | 41/1407 [00:07<04:05,  5.57it/s, avg=4.09, loss=4.04]Epoch 2 [train]:   3%|▋                      | 42/1407 [00:07<04:07,  5.50it/s, avg=4.09, loss=4.04]Epoch 2 [train]:   3%|▋                      | 42/1407 [00:07<04:07,  5.50it/s, avg=4.09, loss=4.12]Epoch 2 [train]:   3%|▋                      | 43/1407 [00:07<03:53,  5.85it/s, avg=4.09, loss=4.12]Epoch 2 [train]:   3%|▋                       | 43/1407 [00:07<03:53,  5.85it/s, avg=4.1, loss=4.26]Epoch 2 [train]:   3%|▊                       | 44/1407 [00:07<03:52,  5.85it/s, avg=4.1, loss=4.26]Epoch 2 [train]:   3%|▊                       | 44/1407 [00:07<03:52,  5.85it/s, avg=4.1, loss=4.16]Epoch 2 [train]:   3%|▊                       | 45/1407 [00:07<03:35,  6.32it/s, avg=4.1, loss=4.16]Epoch 2 [train]:   3%|▊                       | 45/1407 [00:07<03:35,  6.32it/s, avg=4.1, loss=4.28]Epoch 2 [train]:   3%|▊                       | 46/1407 [00:07<03:40,  6.18it/s, avg=4.1, loss=4.28]Epoch 2 [train]:   3%|▉                          | 46/1407 [00:08<03:40,  6.18it/s, avg=4.1, loss=4]Epoch 2 [train]:   3%|▉                          | 47/1407 [00:08<03:48,  5.94it/s, avg=4.1, loss=4]Epoch 2 [train]:   3%|▊                       | 47/1407 [00:08<03:48,  5.94it/s, avg=4.1, loss=4.25]Epoch 2 [train]:   3%|▊                       | 48/1407 [00:08<03:36,  6.26it/s, avg=4.1, loss=4.25]Epoch 2 [train]:   3%|▊                       | 48/1407 [00:08<03:36,  6.26it/s, avg=4.1, loss=4.12]Epoch 2 [train]:   3%|▊                       | 49/1407 [00:08<03:45,  6.02it/s, avg=4.1, loss=4.12]Epoch 2 [train]:   3%|▊                       | 49/1407 [00:08<03:45,  6.02it/s, avg=4.1, loss=4.17]Epoch 2 [train]:   4%|▊                       | 50/1407 [00:08<03:45,  6.02it/s, avg=4.1, loss=4.17]Epoch 2 [train]:   4%|▊                       | 50/1407 [00:08<03:45,  6.02it/s, avg=4.1, loss=4.06]Epoch 2 [train]:   4%|▊                       | 51/1407 [00:08<03:39,  6.19it/s, avg=4.1, loss=4.06]Epoch 2 [train]:   4%|▊                      | 51/1407 [00:08<03:39,  6.19it/s, avg=4.11, loss=4.17]Epoch 2 [train]:   4%|▊                      | 52/1407 [00:08<03:38,  6.21it/s, avg=4.11, loss=4.17]Epoch 2 [train]:   4%|▊                      | 52/1407 [00:09<03:38,  6.21it/s, avg=4.11, loss=4.18]Epoch 2 [train]:   4%|▊                      | 53/1407 [00:09<03:35,  6.27it/s, avg=4.11, loss=4.18]Epoch 2 [train]:   4%|▉                       | 53/1407 [00:09<03:35,  6.27it/s, avg=4.1, loss=3.94]Epoch 2 [train]:   4%|▉                       | 54/1407 [00:09<03:37,  6.23it/s, avg=4.1, loss=3.94]Epoch 2 [train]:   4%|▉                       | 54/1407 [00:09<03:37,  6.23it/s, avg=4.1, loss=3.73]Epoch 2 [train]:   4%|▉                       | 55/1407 [00:09<04:07,  5.47it/s, avg=4.1, loss=3.73]Epoch 2 [train]:   4%|▉                       | 55/1407 [00:09<04:07,  5.47it/s, avg=4.1, loss=4.19]Epoch 2 [train]:   4%|▉                       | 56/1407 [00:09<03:51,  5.84it/s, avg=4.1, loss=4.19]Epoch 2 [train]:   4%|▉                        | 56/1407 [00:09<03:51,  5.84it/s, avg=4.1, loss=4.1]Epoch 2 [train]:   4%|█                        | 57/1407 [00:09<04:00,  5.62it/s, avg=4.1, loss=4.1]Epoch 2 [train]:   4%|▉                       | 57/1407 [00:09<04:00,  5.62it/s, avg=4.1, loss=4.27]Epoch 2 [train]:   4%|▉                       | 58/1407 [00:09<03:52,  5.81it/s, avg=4.1, loss=4.27]Epoch 2 [train]:   4%|▉                       | 58/1407 [00:10<03:52,  5.81it/s, avg=4.1, loss=3.84]Epoch 2 [train]:   4%|█                       | 59/1407 [00:10<03:34,  6.30it/s, avg=4.1, loss=3.84]Epoch 2 [train]:   4%|█                       | 59/1407 [00:10<03:34,  6.30it/s, avg=4.1, loss=4.22]Epoch 2 [train]:   4%|█                       | 60/1407 [00:10<03:57,  5.66it/s, avg=4.1, loss=4.22]Epoch 2 [train]:   4%|█                       | 60/1407 [00:10<03:57,  5.66it/s, avg=4.1, loss=4.08]Epoch 2 [train]:   4%|█                       | 61/1407 [00:10<03:33,  6.30it/s, avg=4.1, loss=4.08]Epoch 2 [train]:   4%|█                       | 61/1407 [00:10<03:33,  6.30it/s, avg=4.1, loss=3.99]Epoch 2 [train]:   4%|█                       | 62/1407 [00:10<03:22,  6.65it/s, avg=4.1, loss=3.99]Epoch 2 [train]:   4%|█                       | 62/1407 [00:10<03:22,  6.65it/s, avg=4.1, loss=4.04]Epoch 2 [train]:   4%|█                       | 63/1407 [00:10<03:24,  6.58it/s, avg=4.1, loss=4.04]Epoch 2 [train]:   4%|█                       | 63/1407 [00:10<03:24,  6.58it/s, avg=4.1, loss=4.05]Epoch 2 [train]:   5%|█                       | 64/1407 [00:10<03:28,  6.43it/s, avg=4.1, loss=4.05]Epoch 2 [train]:   5%|█                      | 64/1407 [00:11<03:28,  6.43it/s, avg=4.09, loss=3.99]Epoch 2 [train]:   5%|█                      | 65/1407 [00:11<03:21,  6.66it/s, avg=4.09, loss=3.99]Epoch 2 [train]:   5%|█                      | 65/1407 [00:11<03:21,  6.66it/s, avg=4.09, loss=4.11]Epoch 2 [train]:   5%|█                      | 66/1407 [00:11<03:24,  6.57it/s, avg=4.09, loss=4.11]Epoch 2 [train]:   5%|█▏                        | 66/1407 [00:11<03:24,  6.57it/s, avg=4.09, loss=4]Epoch 2 [train]:   5%|█▏                        | 67/1407 [00:11<03:37,  6.15it/s, avg=4.09, loss=4]Epoch 2 [train]:   5%|█                      | 67/1407 [00:11<03:37,  6.15it/s, avg=4.09, loss=3.98]Epoch 2 [train]:   5%|█                      | 68/1407 [00:11<03:35,  6.23it/s, avg=4.09, loss=3.98]Epoch 2 [train]:   5%|█                      | 68/1407 [00:11<03:35,  6.23it/s, avg=4.09, loss=3.76]Epoch 2 [train]:   5%|█▏                     | 69/1407 [00:11<03:27,  6.46it/s, avg=4.09, loss=3.76]Epoch 2 [train]:   5%|█▏                     | 69/1407 [00:11<03:27,  6.46it/s, avg=4.09, loss=4.06]Epoch 2 [train]:   5%|█▏                     | 70/1407 [00:11<03:38,  6.11it/s, avg=4.09, loss=4.06]Epoch 2 [train]:   5%|█▏                     | 70/1407 [00:12<03:38,  6.11it/s, avg=4.09, loss=4.09]Epoch 2 [train]:   5%|█▏                     | 71/1407 [00:12<03:36,  6.17it/s, avg=4.09, loss=4.09]Epoch 2 [train]:   5%|█▏                     | 71/1407 [00:12<03:36,  6.17it/s, avg=4.08, loss=3.93]Epoch 2 [train]:   5%|█▏                     | 72/1407 [00:12<03:53,  5.73it/s, avg=4.08, loss=3.93]Epoch 2 [train]:   5%|█▏                     | 72/1407 [00:12<03:53,  5.73it/s, avg=4.09, loss=4.19]Epoch 2 [train]:   5%|█▏                     | 73/1407 [00:12<03:39,  6.07it/s, avg=4.09, loss=4.19]Epoch 2 [train]:   5%|█▏                     | 73/1407 [00:12<03:39,  6.07it/s, avg=4.08, loss=3.74]Epoch 2 [train]:   5%|█▏                     | 74/1407 [00:12<03:48,  5.83it/s, avg=4.08, loss=3.74]Epoch 2 [train]:   5%|█▏                     | 74/1407 [00:12<03:48,  5.83it/s, avg=4.08, loss=4.15]Epoch 2 [train]:   5%|█▏                     | 75/1407 [00:12<03:47,  5.87it/s, avg=4.08, loss=4.15]Epoch 2 [train]:   5%|█▏                     | 75/1407 [00:12<03:47,  5.87it/s, avg=4.08, loss=4.25]Epoch 2 [train]:   5%|█▏                     | 76/1407 [00:12<04:13,  5.25it/s, avg=4.08, loss=4.25]Epoch 2 [train]:   5%|█▍                        | 76/1407 [00:13<04:13,  5.25it/s, avg=4.08, loss=4]Epoch 2 [train]:   5%|█▍                        | 77/1407 [00:13<04:09,  5.34it/s, avg=4.08, loss=4]Epoch 2 [train]:   5%|█▎                     | 77/1407 [00:13<04:09,  5.34it/s, avg=4.08, loss=4.18]Epoch 2 [train]:   6%|█▎                     | 78/1407 [00:13<03:55,  5.65it/s, avg=4.08, loss=4.18]Epoch 2 [train]:   6%|█▎                     | 78/1407 [00:13<03:55,  5.65it/s, avg=4.08, loss=4.01]Epoch 2 [train]:   6%|█▎                     | 79/1407 [00:13<03:54,  5.67it/s, avg=4.08, loss=4.01]Epoch 2 [train]:   6%|█▎                     | 79/1407 [00:13<03:54,  5.67it/s, avg=4.08, loss=4.12]Epoch 2 [train]:   6%|█▎                     | 80/1407 [00:13<03:47,  5.83it/s, avg=4.08, loss=4.12]Epoch 2 [train]:   6%|█▎                     | 80/1407 [00:13<03:47,  5.83it/s, avg=4.08, loss=4.21]Epoch 2 [train]:   6%|█▎                     | 81/1407 [00:13<03:41,  5.98it/s, avg=4.08, loss=4.21]Epoch 2 [train]:   6%|█▎                     | 81/1407 [00:13<03:41,  5.98it/s, avg=4.09, loss=4.14]Epoch 2 [train]:   6%|█▎                     | 82/1407 [00:13<03:34,  6.18it/s, avg=4.09, loss=4.14]Epoch 2 [train]:   6%|█▎                     | 82/1407 [00:14<03:34,  6.18it/s, avg=4.08, loss=3.92]Epoch 2 [train]:   6%|█▎                     | 83/1407 [00:14<03:24,  6.47it/s, avg=4.08, loss=3.92]Epoch 2 [train]:   6%|█▎                     | 83/1407 [00:14<03:24,  6.47it/s, avg=4.08, loss=4.06]Epoch 2 [train]:   6%|█▎                     | 84/1407 [00:14<03:28,  6.34it/s, avg=4.08, loss=4.06]Epoch 2 [train]:   6%|█▎                     | 84/1407 [00:14<03:28,  6.34it/s, avg=4.09, loss=4.27]Epoch 2 [train]:   6%|█▍                     | 85/1407 [00:14<03:22,  6.52it/s, avg=4.09, loss=4.27]Epoch 2 [train]:   6%|█▍                     | 85/1407 [00:14<03:22,  6.52it/s, avg=4.09, loss=4.21]Epoch 2 [train]:   6%|█▍                     | 86/1407 [00:14<03:26,  6.41it/s, avg=4.09, loss=4.21]Epoch 2 [train]:   6%|█▍                     | 86/1407 [00:14<03:26,  6.41it/s, avg=4.09, loss=4.06]Epoch 2 [train]:   6%|█▍                     | 87/1407 [00:14<03:09,  6.96it/s, avg=4.09, loss=4.06]Epoch 2 [train]:   6%|█▍                     | 87/1407 [00:14<03:09,  6.96it/s, avg=4.09, loss=4.29]Epoch 2 [train]:   6%|█▍                     | 88/1407 [00:14<03:24,  6.44it/s, avg=4.09, loss=4.29]Epoch 2 [train]:   6%|█▍                     | 88/1407 [00:15<03:24,  6.44it/s, avg=4.09, loss=3.98]Epoch 2 [train]:   6%|█▍                     | 89/1407 [00:15<03:32,  6.20it/s, avg=4.09, loss=3.98]Epoch 2 [train]:   6%|█▍                     | 89/1407 [00:15<03:32,  6.20it/s, avg=4.09, loss=4.12]Epoch 2 [train]:   6%|█▍                     | 90/1407 [00:15<03:39,  5.99it/s, avg=4.09, loss=4.12]Epoch 2 [train]:   6%|█▍                     | 90/1407 [00:15<03:39,  5.99it/s, avg=4.09, loss=4.02]Epoch 2 [train]:   6%|█▍                     | 91/1407 [00:15<03:33,  6.17it/s, avg=4.09, loss=4.02]Epoch 2 [train]:   6%|█▍                     | 91/1407 [00:15<03:33,  6.17it/s, avg=4.09, loss=4.06]Epoch 2 [train]:   7%|█▌                     | 92/1407 [00:15<03:25,  6.41it/s, avg=4.09, loss=4.06]Epoch 2 [train]:   7%|█▌                      | 92/1407 [00:15<03:25,  6.41it/s, avg=4.09, loss=4.2]Epoch 2 [train]:   7%|█▌                      | 93/1407 [00:15<03:22,  6.47it/s, avg=4.09, loss=4.2]Epoch 2 [train]:   7%|█▌                     | 93/1407 [00:15<03:22,  6.47it/s, avg=4.09, loss=3.98]Epoch 2 [train]:   7%|█▌                     | 94/1407 [00:15<03:39,  5.99it/s, avg=4.09, loss=3.98]Epoch 2 [train]:   7%|█▌                     | 94/1407 [00:16<03:39,  5.99it/s, avg=4.09, loss=3.96]Epoch 2 [train]:   7%|█▌                     | 95/1407 [00:16<03:37,  6.04it/s, avg=4.09, loss=3.96]Epoch 2 [train]:   7%|█▌                     | 95/1407 [00:16<03:37,  6.04it/s, avg=4.09, loss=4.13]Epoch 2 [train]:   7%|█▌                     | 96/1407 [00:16<03:31,  6.19it/s, avg=4.09, loss=4.13]Epoch 2 [train]:   7%|█▌                     | 96/1407 [00:16<03:31,  6.19it/s, avg=4.09, loss=4.34]Epoch 2 [train]:   7%|█▌                     | 97/1407 [00:16<03:46,  5.78it/s, avg=4.09, loss=4.34]Epoch 2 [train]:   7%|█▌                     | 97/1407 [00:16<03:46,  5.78it/s, avg=4.09, loss=4.07]Epoch 2 [train]:   7%|█▌                     | 98/1407 [00:16<03:43,  5.86it/s, avg=4.09, loss=4.07]Epoch 2 [train]:   7%|█▌                     | 98/1407 [00:16<03:43,  5.86it/s, avg=4.09, loss=4.04]Epoch 2 [train]:   7%|█▌                     | 99/1407 [00:16<03:34,  6.11it/s, avg=4.09, loss=4.04][train] epoch=2 batch=100/1407 loss=4.1731 avg=4.0890 gpu_mem=919MB
Epoch 2 [train]:   7%|█▌                     | 99/1407 [00:16<03:34,  6.11it/s, avg=4.09, loss=4.17]Epoch 2 [train]:   7%|█▌                    | 100/1407 [00:16<03:28,  6.27it/s, avg=4.09, loss=4.17]Epoch 2 [train]:   7%|█▌                    | 100/1407 [00:17<03:28,  6.27it/s, avg=4.09, loss=4.05]Epoch 2 [train]:   7%|█▌                    | 101/1407 [00:17<03:50,  5.65it/s, avg=4.09, loss=4.05]Epoch 2 [train]:   7%|█▌                    | 101/1407 [00:17<03:50,  5.65it/s, avg=4.09, loss=4.17]Epoch 2 [train]:   7%|█▌                    | 102/1407 [00:17<03:49,  5.70it/s, avg=4.09, loss=4.17]Epoch 2 [train]:   7%|█▌                    | 102/1407 [00:17<03:49,  5.70it/s, avg=4.09, loss=4.29]Epoch 2 [train]:   7%|█▌                    | 103/1407 [00:17<03:53,  5.58it/s, avg=4.09, loss=4.29]Epoch 2 [train]:   7%|█▋                     | 103/1407 [00:17<03:53,  5.58it/s, avg=4.09, loss=4.2]Epoch 2 [train]:   7%|█▋                     | 104/1407 [00:17<03:39,  5.93it/s, avg=4.09, loss=4.2]Epoch 2 [train]:   7%|█▋                    | 104/1407 [00:17<03:39,  5.93it/s, avg=4.09, loss=4.19]Epoch 2 [train]:   7%|█▋                    | 105/1407 [00:17<03:33,  6.10it/s, avg=4.09, loss=4.19]Epoch 2 [train]:   7%|█▋                    | 105/1407 [00:17<03:33,  6.10it/s, avg=4.09, loss=4.08]Epoch 2 [train]:   8%|█▋                    | 106/1407 [00:17<03:30,  6.18it/s, avg=4.09, loss=4.08]Epoch 2 [train]:   8%|█▋                    | 106/1407 [00:18<03:30,  6.18it/s, avg=4.09, loss=4.16]Epoch 2 [train]:   8%|█▋                    | 107/1407 [00:18<03:30,  6.17it/s, avg=4.09, loss=4.16]Epoch 2 [train]:   8%|█▋                    | 107/1407 [00:18<03:30,  6.17it/s, avg=4.09, loss=4.11]Epoch 2 [train]:   8%|█▋                    | 108/1407 [00:18<03:57,  5.47it/s, avg=4.09, loss=4.11]Epoch 2 [train]:   8%|█▊                     | 108/1407 [00:18<03:57,  5.47it/s, avg=4.09, loss=4.2]Epoch 2 [train]:   8%|█▊                     | 109/1407 [00:18<03:47,  5.72it/s, avg=4.09, loss=4.2]Epoch 2 [train]:   8%|█▊                     | 109/1407 [00:18<03:47,  5.72it/s, avg=4.1, loss=4.28]Epoch 2 [train]:   8%|█▊                     | 110/1407 [00:18<03:47,  5.71it/s, avg=4.1, loss=4.28]Epoch 2 [train]:   8%|█▊                     | 110/1407 [00:18<03:47,  5.71it/s, avg=4.1, loss=4.02]Epoch 2 [train]:   8%|█▊                     | 111/1407 [00:18<03:28,  6.22it/s, avg=4.1, loss=4.02]Epoch 2 [train]:   8%|█▊                     | 111/1407 [00:18<03:28,  6.22it/s, avg=4.1, loss=4.13]Epoch 2 [train]:   8%|█▊                     | 112/1407 [00:18<03:38,  5.92it/s, avg=4.1, loss=4.13]Epoch 2 [train]:   8%|█▊                     | 112/1407 [00:19<03:38,  5.92it/s, avg=4.1, loss=4.19]Epoch 2 [train]:   8%|█▊                     | 113/1407 [00:19<03:21,  6.43it/s, avg=4.1, loss=4.19]Epoch 2 [train]:   8%|█▊                     | 113/1407 [00:19<03:21,  6.43it/s, avg=4.1, loss=4.33]Epoch 2 [train]:   8%|█▊                     | 114/1407 [00:19<03:24,  6.32it/s, avg=4.1, loss=4.33]Epoch 2 [train]:   8%|█▊                     | 114/1407 [00:19<03:24,  6.32it/s, avg=4.1, loss=4.22]Epoch 2 [train]:   8%|█▉                     | 115/1407 [00:19<03:50,  5.61it/s, avg=4.1, loss=4.22]Epoch 2 [train]:   8%|█▉                     | 115/1407 [00:19<03:50,  5.61it/s, avg=4.1, loss=4.11]Epoch 2 [train]:   8%|█▉                     | 116/1407 [00:19<03:39,  5.89it/s, avg=4.1, loss=4.11]Epoch 2 [train]:   8%|█▉                     | 116/1407 [00:19<03:39,  5.89it/s, avg=4.1, loss=4.15]Epoch 2 [train]:   8%|█▉                     | 117/1407 [00:19<03:54,  5.49it/s, avg=4.1, loss=4.15]Epoch 2 [train]:   8%|█▉                     | 117/1407 [00:19<03:54,  5.49it/s, avg=4.1, loss=4.34]Epoch 2 [train]:   8%|█▉                     | 118/1407 [00:19<03:57,  5.44it/s, avg=4.1, loss=4.34]Epoch 2 [train]:   8%|██▏                       | 118/1407 [00:20<03:57,  5.44it/s, avg=4.1, loss=4]Epoch 2 [train]:   8%|██▏                       | 119/1407 [00:20<03:44,  5.73it/s, avg=4.1, loss=4]Epoch 2 [train]:   8%|█▉                     | 119/1407 [00:20<03:44,  5.73it/s, avg=4.1, loss=4.03]Epoch 2 [train]:   9%|█▉                     | 120/1407 [00:20<03:36,  5.93it/s, avg=4.1, loss=4.03]Epoch 2 [train]:   9%|██                      | 120/1407 [00:20<03:36,  5.93it/s, avg=4.1, loss=4.2]Epoch 2 [train]:   9%|██                      | 121/1407 [00:20<03:45,  5.72it/s, avg=4.1, loss=4.2]Epoch 2 [train]:   9%|█▉                     | 121/1407 [00:20<03:45,  5.72it/s, avg=4.1, loss=4.03]Epoch 2 [train]:   9%|█▉                     | 122/1407 [00:20<03:43,  5.76it/s, avg=4.1, loss=4.03]Epoch 2 [train]:   9%|█▉                     | 122/1407 [00:20<03:43,  5.76it/s, avg=4.1, loss=4.15]Epoch 2 [train]:   9%|██                     | 123/1407 [00:20<03:39,  5.84it/s, avg=4.1, loss=4.15]Epoch 2 [train]:   9%|██                     | 123/1407 [00:20<03:39,  5.84it/s, avg=4.1, loss=3.98]Epoch 2 [train]:   9%|██                     | 124/1407 [00:20<03:43,  5.74it/s, avg=4.1, loss=3.98]Epoch 2 [train]:   9%|██                      | 124/1407 [00:21<03:43,  5.74it/s, avg=4.1, loss=4.1]Epoch 2 [train]:   9%|██▏                     | 125/1407 [00:21<03:51,  5.54it/s, avg=4.1, loss=4.1]Epoch 2 [train]:   9%|██                     | 125/1407 [00:21<03:51,  5.54it/s, avg=4.1, loss=4.14]Epoch 2 [train]:   9%|██                     | 126/1407 [00:21<03:33,  6.01it/s, avg=4.1, loss=4.14]Epoch 2 [train]:   9%|██                     | 126/1407 [00:21<03:33,  6.01it/s, avg=4.1, loss=4.15]Epoch 2 [train]:   9%|██                     | 127/1407 [00:21<03:45,  5.66it/s, avg=4.1, loss=4.15]Epoch 2 [train]:   9%|██▏                     | 127/1407 [00:21<03:45,  5.66it/s, avg=4.1, loss=4.2]Epoch 2 [train]:   9%|██▏                     | 128/1407 [00:21<03:40,  5.81it/s, avg=4.1, loss=4.2]Epoch 2 [train]:   9%|██                     | 128/1407 [00:21<03:40,  5.81it/s, avg=4.1, loss=4.14]Epoch 2 [train]:   9%|██                     | 129/1407 [00:21<03:27,  6.17it/s, avg=4.1, loss=4.14]Epoch 2 [train]:   9%|██                     | 129/1407 [00:21<03:27,  6.17it/s, avg=4.1, loss=4.01]Epoch 2 [train]:   9%|██▏                    | 130/1407 [00:21<03:33,  5.99it/s, avg=4.1, loss=4.01]Epoch 2 [train]:   9%|██▍                       | 130/1407 [00:22<03:33,  5.99it/s, avg=4.1, loss=4]Epoch 2 [train]:   9%|██▍                       | 131/1407 [00:22<03:31,  6.03it/s, avg=4.1, loss=4]Epoch 2 [train]:   9%|██▏                    | 131/1407 [00:22<03:31,  6.03it/s, avg=4.1, loss=4.25]Epoch 2 [train]:   9%|██▏                    | 132/1407 [00:22<03:24,  6.24it/s, avg=4.1, loss=4.25]Epoch 2 [train]:   9%|██▏                    | 132/1407 [00:22<03:24,  6.24it/s, avg=4.1, loss=3.99]Epoch 2 [train]:   9%|██▏                    | 133/1407 [00:22<03:21,  6.31it/s, avg=4.1, loss=3.99]Epoch 2 [train]:   9%|██▏                    | 133/1407 [00:22<03:21,  6.31it/s, avg=4.1, loss=3.86]Epoch 2 [train]:  10%|██▏                    | 134/1407 [00:22<03:35,  5.91it/s, avg=4.1, loss=3.86]Epoch 2 [train]:  10%|██▏                    | 134/1407 [00:22<03:35,  5.91it/s, avg=4.1, loss=4.17]Epoch 2 [train]:  10%|██▏                    | 135/1407 [00:22<03:36,  5.86it/s, avg=4.1, loss=4.17]Epoch 2 [train]:  10%|██▏                    | 135/1407 [00:22<03:36,  5.86it/s, avg=4.1, loss=4.15]Epoch 2 [train]:  10%|██▏                    | 136/1407 [00:22<03:39,  5.78it/s, avg=4.1, loss=4.15]Epoch 2 [train]:  10%|██▏                    | 136/1407 [00:23<03:39,  5.78it/s, avg=4.1, loss=4.22]Epoch 2 [train]:  10%|██▏                    | 137/1407 [00:23<04:00,  5.28it/s, avg=4.1, loss=4.22]Epoch 2 [train]:  10%|██▏                    | 137/1407 [00:23<04:00,  5.28it/s, avg=4.1, loss=4.04]Epoch 2 [train]:  10%|██▎                    | 138/1407 [00:23<03:38,  5.80it/s, avg=4.1, loss=4.04]Epoch 2 [train]:  10%|██▎                    | 138/1407 [00:23<03:38,  5.80it/s, avg=4.1, loss=4.05]Epoch 2 [train]:  10%|██▎                    | 139/1407 [00:23<03:52,  5.45it/s, avg=4.1, loss=4.05]Epoch 2 [train]:  10%|██▎                    | 139/1407 [00:23<03:52,  5.45it/s, avg=4.1, loss=4.32]Epoch 2 [train]:  10%|██▎                    | 140/1407 [00:23<03:38,  5.80it/s, avg=4.1, loss=4.32]Epoch 2 [train]:  10%|██▎                    | 140/1407 [00:23<03:38,  5.80it/s, avg=4.1, loss=3.95]Epoch 2 [train]:  10%|██▎                    | 141/1407 [00:23<03:35,  5.87it/s, avg=4.1, loss=3.95]Epoch 2 [train]:  10%|██▎                    | 141/1407 [00:24<03:35,  5.87it/s, avg=4.1, loss=4.04]Epoch 2 [train]:  10%|██▎                    | 142/1407 [00:24<03:37,  5.82it/s, avg=4.1, loss=4.04]Epoch 2 [train]:  10%|██▎                    | 142/1407 [00:24<03:37,  5.82it/s, avg=4.1, loss=4.15]Epoch 2 [train]:  10%|██▎                    | 143/1407 [00:24<03:21,  6.28it/s, avg=4.1, loss=4.15]Epoch 2 [train]:  10%|██▍                     | 143/1407 [00:24<03:21,  6.28it/s, avg=4.1, loss=4.2]Epoch 2 [train]:  10%|██▍                     | 144/1407 [00:24<03:28,  6.06it/s, avg=4.1, loss=4.2]Epoch 2 [train]:  10%|██▎                    | 144/1407 [00:24<03:28,  6.06it/s, avg=4.1, loss=4.18]Epoch 2 [train]:  10%|██▎                    | 145/1407 [00:24<03:40,  5.73it/s, avg=4.1, loss=4.18]Epoch 2 [train]:  10%|██▎                    | 145/1407 [00:24<03:40,  5.73it/s, avg=4.1, loss=3.97]Epoch 2 [train]:  10%|██▍                    | 146/1407 [00:24<03:21,  6.27it/s, avg=4.1, loss=3.97]Epoch 2 [train]:  10%|██▍                     | 146/1407 [00:24<03:21,  6.27it/s, avg=4.1, loss=4.1]Epoch 2 [train]:  10%|██▌                     | 147/1407 [00:24<03:30,  5.98it/s, avg=4.1, loss=4.1]Epoch 2 [train]:  10%|██▍                    | 147/1407 [00:25<03:30,  5.98it/s, avg=4.1, loss=4.21]Epoch 2 [train]:  11%|██▍                    | 148/1407 [00:25<03:46,  5.56it/s, avg=4.1, loss=4.21]Epoch 2 [train]:  11%|██▍                    | 148/1407 [00:25<03:46,  5.56it/s, avg=4.1, loss=4.09]Epoch 2 [train]:  11%|██▍                    | 149/1407 [00:25<03:35,  5.85it/s, avg=4.1, loss=4.09]Epoch 2 [train]:  11%|██▍                    | 149/1407 [00:25<03:35,  5.85it/s, avg=4.1, loss=4.16]Epoch 2 [train]:  11%|██▍                    | 150/1407 [00:25<03:22,  6.22it/s, avg=4.1, loss=4.16]Epoch 2 [train]:  11%|██▊                       | 150/1407 [00:25<03:22,  6.22it/s, avg=4.1, loss=4]Epoch 2 [train]:  11%|██▊                       | 151/1407 [00:25<03:14,  6.47it/s, avg=4.1, loss=4]Epoch 2 [train]:  11%|██▍                    | 151/1407 [00:25<03:14,  6.47it/s, avg=4.1, loss=4.11]Epoch 2 [train]:  11%|██▍                    | 152/1407 [00:25<03:25,  6.11it/s, avg=4.1, loss=4.11]Epoch 2 [train]:  11%|██▍                    | 152/1407 [00:25<03:25,  6.11it/s, avg=4.1, loss=4.04]Epoch 2 [train]:  11%|██▌                    | 153/1407 [00:25<03:26,  6.08it/s, avg=4.1, loss=4.04]Epoch 2 [train]:  11%|██▌                    | 153/1407 [00:26<03:26,  6.08it/s, avg=4.1, loss=4.08]Epoch 2 [train]:  11%|██▌                    | 154/1407 [00:26<03:34,  5.85it/s, avg=4.1, loss=4.08]Epoch 2 [train]:  11%|██▋                     | 154/1407 [00:26<03:34,  5.85it/s, avg=4.1, loss=4.2]Epoch 2 [train]:  11%|██▋                     | 155/1407 [00:26<03:32,  5.89it/s, avg=4.1, loss=4.2]Epoch 2 [train]:  11%|██▌                    | 155/1407 [00:26<03:32,  5.89it/s, avg=4.1, loss=4.34]Epoch 2 [train]:  11%|██▌                    | 156/1407 [00:26<03:39,  5.70it/s, avg=4.1, loss=4.34]Epoch 2 [train]:  11%|██▌                    | 156/1407 [00:26<03:39,  5.70it/s, avg=4.1, loss=4.14]Epoch 2 [train]:  11%|██▌                    | 157/1407 [00:26<03:37,  5.75it/s, avg=4.1, loss=4.14]Epoch 2 [train]:  11%|██▌                    | 157/1407 [00:26<03:37,  5.75it/s, avg=4.1, loss=4.09]Epoch 2 [train]:  11%|██▌                    | 158/1407 [00:26<03:40,  5.67it/s, avg=4.1, loss=4.09]Epoch 2 [train]:  11%|██▌                    | 158/1407 [00:26<03:40,  5.67it/s, avg=4.1, loss=4.22]Epoch 2 [train]:  11%|██▌                    | 159/1407 [00:26<03:32,  5.87it/s, avg=4.1, loss=4.22]Epoch 2 [train]:  11%|██▌                    | 159/1407 [00:27<03:32,  5.87it/s, avg=4.1, loss=4.15]Epoch 2 [train]:  11%|██▌                    | 160/1407 [00:27<03:12,  6.47it/s, avg=4.1, loss=4.15]Epoch 2 [train]:  11%|██▌                   | 160/1407 [00:27<03:12,  6.47it/s, avg=4.11, loss=4.29]Epoch 2 [train]:  11%|██▌                   | 161/1407 [00:27<03:22,  6.16it/s, avg=4.11, loss=4.29]Epoch 2 [train]:  11%|██▋                    | 161/1407 [00:27<03:22,  6.16it/s, avg=4.1, loss=3.95]Epoch 2 [train]:  12%|██▋                    | 162/1407 [00:27<03:28,  5.97it/s, avg=4.1, loss=3.95]Epoch 2 [train]:  12%|██▋                    | 162/1407 [00:27<03:28,  5.97it/s, avg=4.1, loss=4.06]Epoch 2 [train]:  12%|██▋                    | 163/1407 [00:27<03:18,  6.28it/s, avg=4.1, loss=4.06]Epoch 2 [train]:  12%|██▋                    | 163/1407 [00:27<03:18,  6.28it/s, avg=4.1, loss=4.18]Epoch 2 [train]:  12%|██▋                    | 164/1407 [00:27<03:45,  5.51it/s, avg=4.1, loss=4.18]Epoch 2 [train]:  12%|██▋                    | 164/1407 [00:27<03:45,  5.51it/s, avg=4.1, loss=4.07]Epoch 2 [train]:  12%|██▋                    | 165/1407 [00:27<03:36,  5.74it/s, avg=4.1, loss=4.07]Epoch 2 [train]:  12%|██▋                    | 165/1407 [00:28<03:36,  5.74it/s, avg=4.1, loss=4.08]Epoch 2 [train]:  12%|██▋                    | 166/1407 [00:28<03:37,  5.70it/s, avg=4.1, loss=4.08]Epoch 2 [train]:  12%|██▋                    | 166/1407 [00:28<03:37,  5.70it/s, avg=4.1, loss=4.11]Epoch 2 [train]:  12%|██▋                    | 167/1407 [00:28<03:31,  5.87it/s, avg=4.1, loss=4.11]Epoch 2 [train]:  12%|██▋                    | 167/1407 [00:28<03:31,  5.87it/s, avg=4.1, loss=4.18]Epoch 2 [train]:  12%|██▋                    | 168/1407 [00:28<03:37,  5.71it/s, avg=4.1, loss=4.18]Epoch 2 [train]:  12%|██▋                   | 168/1407 [00:28<03:37,  5.71it/s, avg=4.11, loss=4.16]Epoch 2 [train]:  12%|██▋                   | 169/1407 [00:28<03:41,  5.58it/s, avg=4.11, loss=4.16]Epoch 2 [train]:  12%|██▊                    | 169/1407 [00:28<03:41,  5.58it/s, avg=4.1, loss=4.04]Epoch 2 [train]:  12%|██▊                    | 170/1407 [00:28<03:24,  6.06it/s, avg=4.1, loss=4.04]Epoch 2 [train]:  12%|██▊                    | 170/1407 [00:28<03:24,  6.06it/s, avg=4.1, loss=3.93]Epoch 2 [train]:  12%|██▊                    | 171/1407 [00:28<03:26,  6.00it/s, avg=4.1, loss=3.93]Epoch 2 [train]:  12%|██▊                    | 171/1407 [00:29<03:26,  6.00it/s, avg=4.1, loss=3.96]Epoch 2 [train]:  12%|██▊                    | 172/1407 [00:29<03:11,  6.44it/s, avg=4.1, loss=3.96]Epoch 2 [train]:  12%|██▉                     | 172/1407 [00:29<03:11,  6.44it/s, avg=4.1, loss=4.1]Epoch 2 [train]:  12%|██▉                     | 173/1407 [00:29<03:30,  5.85it/s, avg=4.1, loss=4.1]Epoch 2 [train]:  12%|██▊                    | 173/1407 [00:29<03:30,  5.85it/s, avg=4.1, loss=4.05]Epoch 2 [train]:  12%|██▊                    | 174/1407 [00:29<03:32,  5.81it/s, avg=4.1, loss=4.05]Epoch 2 [train]:  12%|██▊                    | 174/1407 [00:29<03:32,  5.81it/s, avg=4.1, loss=4.16]Epoch 2 [train]:  12%|██▊                    | 175/1407 [00:29<03:49,  5.38it/s, avg=4.1, loss=4.16]Epoch 2 [train]:  12%|██▊                    | 175/1407 [00:29<03:49,  5.38it/s, avg=4.1, loss=4.25]Epoch 2 [train]:  13%|██▉                    | 176/1407 [00:29<03:48,  5.38it/s, avg=4.1, loss=4.25]Epoch 2 [train]:  13%|███                     | 176/1407 [00:29<03:48,  5.38it/s, avg=4.1, loss=4.1]Epoch 2 [train]:  13%|███                     | 177/1407 [00:29<03:26,  5.95it/s, avg=4.1, loss=4.1]Epoch 2 [train]:  13%|██▉                    | 177/1407 [00:30<03:26,  5.95it/s, avg=4.1, loss=3.89]Epoch 2 [train]:  13%|██▉                    | 178/1407 [00:30<03:16,  6.26it/s, avg=4.1, loss=3.89]Epoch 2 [train]:  13%|██▉                    | 178/1407 [00:30<03:16,  6.26it/s, avg=4.1, loss=4.23]Epoch 2 [train]:  13%|██▉                    | 179/1407 [00:30<03:11,  6.43it/s, avg=4.1, loss=4.23]Epoch 2 [train]:  13%|██▉                    | 179/1407 [00:30<03:11,  6.43it/s, avg=4.1, loss=4.12]Epoch 2 [train]:  13%|██▉                    | 180/1407 [00:30<03:16,  6.26it/s, avg=4.1, loss=4.12]Epoch 2 [train]:  13%|██▉                    | 180/1407 [00:30<03:16,  6.26it/s, avg=4.1, loss=4.04]Epoch 2 [train]:  13%|██▉                    | 181/1407 [00:30<03:12,  6.35it/s, avg=4.1, loss=4.04]Epoch 2 [train]:  13%|██▉                    | 181/1407 [00:30<03:12,  6.35it/s, avg=4.1, loss=3.97]Epoch 2 [train]:  13%|██▉                    | 182/1407 [00:30<03:02,  6.72it/s, avg=4.1, loss=3.97]Epoch 2 [train]:  13%|██▉                    | 182/1407 [00:30<03:02,  6.72it/s, avg=4.1, loss=4.03]Epoch 2 [train]:  13%|██▉                    | 183/1407 [00:30<03:20,  6.12it/s, avg=4.1, loss=4.03]Epoch 2 [train]:  13%|██▉                    | 183/1407 [00:31<03:20,  6.12it/s, avg=4.1, loss=3.99]Epoch 2 [train]:  13%|███                    | 184/1407 [00:31<03:23,  6.01it/s, avg=4.1, loss=3.99]Epoch 2 [train]:  13%|███                    | 184/1407 [00:31<03:23,  6.01it/s, avg=4.1, loss=4.28]Epoch 2 [train]:  13%|███                    | 185/1407 [00:31<03:24,  5.98it/s, avg=4.1, loss=4.28]Epoch 2 [train]:  13%|███▍                      | 185/1407 [00:31<03:24,  5.98it/s, avg=4.1, loss=4]Epoch 2 [train]:  13%|███▍                      | 186/1407 [00:31<03:27,  5.89it/s, avg=4.1, loss=4]Epoch 2 [train]:  13%|███                    | 186/1407 [00:31<03:27,  5.89it/s, avg=4.1, loss=4.43]Epoch 2 [train]:  13%|███                    | 187/1407 [00:31<03:22,  6.03it/s, avg=4.1, loss=4.43]Epoch 2 [train]:  13%|███                    | 187/1407 [00:31<03:22,  6.03it/s, avg=4.1, loss=3.94]Epoch 2 [train]:  13%|███                    | 188/1407 [00:31<03:22,  6.01it/s, avg=4.1, loss=3.94]Epoch 2 [train]:  13%|███                    | 188/1407 [00:31<03:22,  6.01it/s, avg=4.1, loss=4.05]Epoch 2 [train]:  13%|███                    | 189/1407 [00:31<03:29,  5.80it/s, avg=4.1, loss=4.05]Epoch 2 [train]:  13%|███                    | 189/1407 [00:32<03:29,  5.80it/s, avg=4.1, loss=4.01]Epoch 2 [train]:  14%|███                    | 190/1407 [00:32<03:12,  6.32it/s, avg=4.1, loss=4.01]Epoch 2 [train]:  14%|███▏                    | 190/1407 [00:32<03:12,  6.32it/s, avg=4.1, loss=4.1]Epoch 2 [train]:  14%|███▎                    | 191/1407 [00:32<03:39,  5.53it/s, avg=4.1, loss=4.1]Epoch 2 [train]:  14%|███                    | 191/1407 [00:32<03:39,  5.53it/s, avg=4.1, loss=4.28]Epoch 2 [train]:  14%|███▏                   | 192/1407 [00:32<03:35,  5.64it/s, avg=4.1, loss=4.28]Epoch 2 [train]:  14%|███▏                   | 192/1407 [00:32<03:35,  5.64it/s, avg=4.1, loss=4.11]Epoch 2 [train]:  14%|███▏                   | 193/1407 [00:32<03:23,  5.97it/s, avg=4.1, loss=4.11]Epoch 2 [train]:  14%|███▏                   | 193/1407 [00:32<03:23,  5.97it/s, avg=4.1, loss=4.13]Epoch 2 [train]:  14%|███▏                   | 194/1407 [00:32<03:19,  6.07it/s, avg=4.1, loss=4.13]Epoch 2 [train]:  14%|███▏                   | 194/1407 [00:32<03:19,  6.07it/s, avg=4.1, loss=4.15]Epoch 2 [train]:  14%|███▏                   | 195/1407 [00:32<03:10,  6.37it/s, avg=4.1, loss=4.15]Epoch 2 [train]:  14%|███▏                   | 195/1407 [00:33<03:10,  6.37it/s, avg=4.1, loss=4.21]Epoch 2 [train]:  14%|███▏                   | 196/1407 [00:33<03:17,  6.13it/s, avg=4.1, loss=4.21]Epoch 2 [train]:  14%|███▏                   | 196/1407 [00:33<03:17,  6.13it/s, avg=4.1, loss=4.22]Epoch 2 [train]:  14%|███▏                   | 197/1407 [00:33<03:14,  6.21it/s, avg=4.1, loss=4.22]Epoch 2 [train]:  14%|███▏                   | 197/1407 [00:33<03:14,  6.21it/s, avg=4.1, loss=4.08]Epoch 2 [train]:  14%|███▏                   | 198/1407 [00:33<03:14,  6.23it/s, avg=4.1, loss=4.08]Epoch 2 [train]:  14%|███▏                   | 198/1407 [00:33<03:14,  6.23it/s, avg=4.1, loss=3.93]Epoch 2 [train]:  14%|███▎                   | 199/1407 [00:33<03:10,  6.34it/s, avg=4.1, loss=3.93][train] epoch=2 batch=200/1407 loss=4.3309 avg=4.1044 gpu_mem=955MB
Epoch 2 [train]:  14%|███▎                   | 199/1407 [00:33<03:10,  6.34it/s, avg=4.1, loss=4.33]Epoch 2 [train]:  14%|███▎                   | 200/1407 [00:33<03:22,  5.97it/s, avg=4.1, loss=4.33]Epoch 2 [train]:  14%|███▎                   | 200/1407 [00:33<03:22,  5.97it/s, avg=4.1, loss=4.02]Epoch 2 [train]:  14%|███▎                   | 201/1407 [00:33<03:16,  6.13it/s, avg=4.1, loss=4.02]Epoch 2 [train]:  14%|███▎                   | 201/1407 [00:34<03:16,  6.13it/s, avg=4.1, loss=4.12]Epoch 2 [train]:  14%|███▎                   | 202/1407 [00:34<03:28,  5.79it/s, avg=4.1, loss=4.12]Epoch 2 [train]:  14%|███▎                   | 202/1407 [00:34<03:28,  5.79it/s, avg=4.1, loss=4.17]Epoch 2 [train]:  14%|███▎                   | 203/1407 [00:34<03:32,  5.67it/s, avg=4.1, loss=4.17]Epoch 2 [train]:  14%|███▎                   | 203/1407 [00:34<03:32,  5.67it/s, avg=4.1, loss=4.07]Epoch 2 [train]:  14%|███▎                   | 204/1407 [00:34<03:18,  6.05it/s, avg=4.1, loss=4.07]Epoch 2 [train]:  14%|███▎                   | 204/1407 [00:34<03:18,  6.05it/s, avg=4.1, loss=4.07]Epoch 2 [train]:  15%|███▎                   | 205/1407 [00:34<03:29,  5.73it/s, avg=4.1, loss=4.07]Epoch 2 [train]:  15%|███▎                   | 205/1407 [00:34<03:29,  5.73it/s, avg=4.1, loss=4.19]Epoch 2 [train]:  15%|███▎                   | 206/1407 [00:34<03:21,  5.96it/s, avg=4.1, loss=4.19]Epoch 2 [train]:  15%|███▏                  | 206/1407 [00:34<03:21,  5.96it/s, avg=4.11, loss=4.22]Epoch 2 [train]:  15%|███▏                  | 207/1407 [00:34<03:30,  5.69it/s, avg=4.11, loss=4.22]Epoch 2 [train]:  15%|███▏                  | 207/1407 [00:35<03:30,  5.69it/s, avg=4.11, loss=4.24]Epoch 2 [train]:  15%|███▎                  | 208/1407 [00:35<03:40,  5.44it/s, avg=4.11, loss=4.24]Epoch 2 [train]:  15%|███▎                  | 208/1407 [00:35<03:40,  5.44it/s, avg=4.11, loss=4.08]Epoch 2 [train]:  15%|███▎                  | 209/1407 [00:35<03:29,  5.72it/s, avg=4.11, loss=4.08]Epoch 2 [train]:  15%|███▎                  | 209/1407 [00:35<03:29,  5.72it/s, avg=4.11, loss=4.07]Epoch 2 [train]:  15%|███▎                  | 210/1407 [00:35<03:29,  5.71it/s, avg=4.11, loss=4.07]Epoch 2 [train]:  15%|███▍                   | 210/1407 [00:35<03:29,  5.71it/s, avg=4.1, loss=3.98]Epoch 2 [train]:  15%|███▍                   | 211/1407 [00:35<03:23,  5.86it/s, avg=4.1, loss=3.98]Epoch 2 [train]:  15%|███▍                   | 211/1407 [00:35<03:23,  5.86it/s, avg=4.1, loss=3.95]Epoch 2 [train]:  15%|███▍                   | 212/1407 [00:35<03:13,  6.16it/s, avg=4.1, loss=3.95]Epoch 2 [train]:  15%|███▍                   | 212/1407 [00:35<03:13,  6.16it/s, avg=4.1, loss=4.15]Epoch 2 [train]:  15%|███▍                   | 213/1407 [00:35<03:20,  5.96it/s, avg=4.1, loss=4.15]Epoch 2 [train]:  15%|███▋                    | 213/1407 [00:36<03:20,  5.96it/s, avg=4.1, loss=3.9]Epoch 2 [train]:  15%|███▋                    | 214/1407 [00:36<03:14,  6.12it/s, avg=4.1, loss=3.9]Epoch 2 [train]:  15%|███▍                   | 214/1407 [00:36<03:14,  6.12it/s, avg=4.1, loss=4.16]Epoch 2 [train]:  15%|███▌                   | 215/1407 [00:36<03:15,  6.10it/s, avg=4.1, loss=4.16]Epoch 2 [train]:  15%|███▌                   | 215/1407 [00:36<03:15,  6.10it/s, avg=4.1, loss=4.02]Epoch 2 [train]:  15%|███▌                   | 216/1407 [00:36<03:21,  5.91it/s, avg=4.1, loss=4.02]Epoch 2 [train]:  15%|███▌                   | 216/1407 [00:36<03:21,  5.91it/s, avg=4.1, loss=4.11]Epoch 2 [train]:  15%|███▌                   | 217/1407 [00:36<03:03,  6.48it/s, avg=4.1, loss=4.11]Epoch 2 [train]:  15%|███▌                   | 217/1407 [00:36<03:03,  6.48it/s, avg=4.1, loss=3.92]Epoch 2 [train]:  15%|███▌                   | 218/1407 [00:36<03:04,  6.46it/s, avg=4.1, loss=3.92]Epoch 2 [train]:  15%|███▌                   | 218/1407 [00:36<03:04,  6.46it/s, avg=4.1, loss=3.99]Epoch 2 [train]:  16%|███▌                   | 219/1407 [00:36<03:06,  6.37it/s, avg=4.1, loss=3.99]Epoch 2 [train]:  16%|███▌                   | 219/1407 [00:37<03:06,  6.37it/s, avg=4.1, loss=3.98]Epoch 2 [train]:  16%|███▌                   | 220/1407 [00:37<02:58,  6.65it/s, avg=4.1, loss=3.98]Epoch 2 [train]:  16%|███▌                   | 220/1407 [00:37<02:58,  6.65it/s, avg=4.1, loss=4.25]Epoch 2 [train]:  16%|███▌                   | 221/1407 [00:37<03:13,  6.13it/s, avg=4.1, loss=4.25]Epoch 2 [train]:  16%|███▌                   | 221/1407 [00:37<03:13,  6.13it/s, avg=4.1, loss=4.07]Epoch 2 [train]:  16%|███▋                   | 222/1407 [00:37<03:19,  5.94it/s, avg=4.1, loss=4.07]Epoch 2 [train]:  16%|███▋                   | 222/1407 [00:37<03:19,  5.94it/s, avg=4.1, loss=4.04]Epoch 2 [train]:  16%|███▋                   | 223/1407 [00:37<03:16,  6.03it/s, avg=4.1, loss=4.04]Epoch 2 [train]:  16%|███▋                   | 223/1407 [00:37<03:16,  6.03it/s, avg=4.1, loss=4.06]Epoch 2 [train]:  16%|███▋                   | 224/1407 [00:37<03:08,  6.28it/s, avg=4.1, loss=4.06]Epoch 2 [train]:  16%|███▋                   | 224/1407 [00:37<03:08,  6.28it/s, avg=4.1, loss=3.99]Epoch 2 [train]:  16%|███▋                   | 225/1407 [00:37<03:20,  5.90it/s, avg=4.1, loss=3.99]Epoch 2 [train]:  16%|███▋                   | 225/1407 [00:38<03:20,  5.90it/s, avg=4.1, loss=4.05]Epoch 2 [train]:  16%|███▋                   | 226/1407 [00:38<03:21,  5.86it/s, avg=4.1, loss=4.05]Epoch 2 [train]:  16%|███▋                   | 226/1407 [00:38<03:21,  5.86it/s, avg=4.1, loss=3.98]Epoch 2 [train]:  16%|███▋                   | 227/1407 [00:38<03:13,  6.11it/s, avg=4.1, loss=3.98]Epoch 2 [train]:  16%|███▋                   | 227/1407 [00:38<03:13,  6.11it/s, avg=4.1, loss=3.98]Epoch 2 [train]:  16%|███▋                   | 228/1407 [00:38<02:59,  6.58it/s, avg=4.1, loss=3.98]Epoch 2 [train]:  16%|███▉                    | 228/1407 [00:38<02:59,  6.58it/s, avg=4.1, loss=4.1]Epoch 2 [train]:  16%|███▉                    | 229/1407 [00:38<03:13,  6.07it/s, avg=4.1, loss=4.1]Epoch 2 [train]:  16%|███▉                    | 229/1407 [00:38<03:13,  6.07it/s, avg=4.1, loss=3.9]Epoch 2 [train]:  16%|███▉                    | 230/1407 [00:38<03:11,  6.16it/s, avg=4.1, loss=3.9]Epoch 2 [train]:  16%|███▊                   | 230/1407 [00:38<03:11,  6.16it/s, avg=4.1, loss=4.05]Epoch 2 [train]:  16%|███▊                   | 231/1407 [00:38<03:03,  6.41it/s, avg=4.1, loss=4.05]Epoch 2 [train]:  16%|███▊                   | 231/1407 [00:38<03:03,  6.41it/s, avg=4.1, loss=4.06]Epoch 2 [train]:  16%|███▊                   | 232/1407 [00:38<03:02,  6.44it/s, avg=4.1, loss=4.06]Epoch 2 [train]:  16%|███▉                    | 232/1407 [00:39<03:02,  6.44it/s, avg=4.1, loss=4.1]Epoch 2 [train]:  17%|███▉                    | 233/1407 [00:39<03:22,  5.78it/s, avg=4.1, loss=4.1]Epoch 2 [train]:  17%|███▊                   | 233/1407 [00:39<03:22,  5.78it/s, avg=4.1, loss=4.05]Epoch 2 [train]:  17%|███▊                   | 234/1407 [00:39<03:19,  5.87it/s, avg=4.1, loss=4.05]Epoch 2 [train]:  17%|███▊                   | 234/1407 [00:39<03:19,  5.87it/s, avg=4.1, loss=4.09]Epoch 2 [train]:  17%|███▊                   | 235/1407 [00:39<03:19,  5.88it/s, avg=4.1, loss=4.09]Epoch 2 [train]:  17%|███▊                   | 235/1407 [00:39<03:19,  5.88it/s, avg=4.1, loss=4.06]Epoch 2 [train]:  17%|███▊                   | 236/1407 [00:39<03:27,  5.65it/s, avg=4.1, loss=4.06]Epoch 2 [train]:  17%|███▊                   | 236/1407 [00:39<03:27,  5.65it/s, avg=4.1, loss=3.96]Epoch 2 [train]:  17%|███▊                   | 237/1407 [00:39<03:14,  6.03it/s, avg=4.1, loss=3.96]Epoch 2 [train]:  17%|███▊                   | 237/1407 [00:40<03:14,  6.03it/s, avg=4.1, loss=4.19]Epoch 2 [train]:  17%|███▉                   | 238/1407 [00:40<03:06,  6.27it/s, avg=4.1, loss=4.19]Epoch 2 [train]:  17%|███▉                   | 238/1407 [00:40<03:06,  6.27it/s, avg=4.1, loss=4.25]Epoch 2 [train]:  17%|███▉                   | 239/1407 [00:40<03:03,  6.36it/s, avg=4.1, loss=4.25]Epoch 2 [train]:  17%|███▉                   | 239/1407 [00:40<03:03,  6.36it/s, avg=4.1, loss=4.09]Epoch 2 [train]:  17%|███▉                   | 240/1407 [00:40<03:29,  5.56it/s, avg=4.1, loss=4.09]Epoch 2 [train]:  17%|███▉                   | 240/1407 [00:40<03:29,  5.56it/s, avg=4.1, loss=4.23]Epoch 2 [train]:  17%|███▉                   | 241/1407 [00:40<03:23,  5.72it/s, avg=4.1, loss=4.23]Epoch 2 [train]:  17%|███▉                   | 241/1407 [00:40<03:23,  5.72it/s, avg=4.1, loss=3.94]Epoch 2 [train]:  17%|███▉                   | 242/1407 [00:40<03:05,  6.26it/s, avg=4.1, loss=3.94]Epoch 2 [train]:  17%|███▉                   | 242/1407 [00:40<03:05,  6.26it/s, avg=4.1, loss=4.18]Epoch 2 [train]:  17%|███▉                   | 243/1407 [00:40<03:31,  5.50it/s, avg=4.1, loss=4.18]Epoch 2 [train]:  17%|███▉                   | 243/1407 [00:41<03:31,  5.50it/s, avg=4.1, loss=3.94]Epoch 2 [train]:  17%|███▉                   | 244/1407 [00:41<03:24,  5.68it/s, avg=4.1, loss=3.94]Epoch 2 [train]:  17%|███▉                   | 244/1407 [00:41<03:24,  5.68it/s, avg=4.1, loss=4.12]Epoch 2 [train]:  17%|████                   | 245/1407 [00:41<03:22,  5.74it/s, avg=4.1, loss=4.12]Epoch 2 [train]:  17%|████                   | 245/1407 [00:41<03:22,  5.74it/s, avg=4.1, loss=4.01]Epoch 2 [train]:  17%|████                   | 246/1407 [00:41<03:20,  5.80it/s, avg=4.1, loss=4.01]Epoch 2 [train]:  17%|████▏                   | 246/1407 [00:41<03:20,  5.80it/s, avg=4.1, loss=4.1]Epoch 2 [train]:  18%|████▏                   | 247/1407 [00:41<03:16,  5.90it/s, avg=4.1, loss=4.1]Epoch 2 [train]:  18%|████                   | 247/1407 [00:41<03:16,  5.90it/s, avg=4.1, loss=4.03]Epoch 2 [train]:  18%|████                   | 248/1407 [00:41<03:16,  5.90it/s, avg=4.1, loss=4.03]Epoch 2 [train]:  18%|████                   | 248/1407 [00:41<03:16,  5.90it/s, avg=4.1, loss=4.02]Epoch 2 [train]:  18%|████                   | 249/1407 [00:41<03:21,  5.74it/s, avg=4.1, loss=4.02]Epoch 2 [train]:  18%|████                   | 249/1407 [00:42<03:21,  5.74it/s, avg=4.1, loss=3.92]Epoch 2 [train]:  18%|████                   | 250/1407 [00:42<03:37,  5.33it/s, avg=4.1, loss=3.92]Epoch 2 [train]:  18%|████                   | 250/1407 [00:42<03:37,  5.33it/s, avg=4.1, loss=4.25]Epoch 2 [train]:  18%|████                   | 251/1407 [00:42<03:52,  4.96it/s, avg=4.1, loss=4.25]Epoch 2 [train]:  18%|████                   | 251/1407 [00:42<03:52,  4.96it/s, avg=4.1, loss=4.09]Epoch 2 [train]:  18%|████                   | 252/1407 [00:42<03:41,  5.22it/s, avg=4.1, loss=4.09]Epoch 2 [train]:  18%|████                   | 252/1407 [00:42<03:41,  5.22it/s, avg=4.1, loss=4.06]Epoch 2 [train]:  18%|████▏                  | 253/1407 [00:42<03:37,  5.29it/s, avg=4.1, loss=4.06]Epoch 2 [train]:  18%|████▎                   | 253/1407 [00:42<03:37,  5.29it/s, avg=4.1, loss=3.8]Epoch 2 [train]:  18%|████▎                   | 254/1407 [00:42<03:27,  5.56it/s, avg=4.1, loss=3.8]Epoch 2 [train]:  18%|████▏                  | 254/1407 [00:43<03:27,  5.56it/s, avg=4.1, loss=4.22]Epoch 2 [train]:  18%|████▏                  | 255/1407 [00:43<03:29,  5.50it/s, avg=4.1, loss=4.22]Epoch 2 [train]:  18%|████▏                  | 255/1407 [00:43<03:29,  5.50it/s, avg=4.1, loss=4.27]Epoch 2 [train]:  18%|████▏                  | 256/1407 [00:43<03:14,  5.91it/s, avg=4.1, loss=4.27]Epoch 2 [train]:  18%|████▏                  | 256/1407 [00:43<03:14,  5.91it/s, avg=4.1, loss=4.02]Epoch 2 [train]:  18%|████▏                  | 257/1407 [00:43<03:06,  6.16it/s, avg=4.1, loss=4.02]Epoch 2 [train]:  18%|████▏                  | 257/1407 [00:43<03:06,  6.16it/s, avg=4.1, loss=4.21]Epoch 2 [train]:  18%|████▏                  | 258/1407 [00:43<03:04,  6.21it/s, avg=4.1, loss=4.21]Epoch 2 [train]:  18%|████▏                  | 258/1407 [00:43<03:04,  6.21it/s, avg=4.1, loss=4.14]Epoch 2 [train]:  18%|████▏                  | 259/1407 [00:43<03:29,  5.48it/s, avg=4.1, loss=4.14]Epoch 2 [train]:  18%|████▏                  | 259/1407 [00:43<03:29,  5.48it/s, avg=4.1, loss=4.05]Epoch 2 [train]:  18%|████▎                  | 260/1407 [00:43<03:15,  5.88it/s, avg=4.1, loss=4.05]Epoch 2 [train]:  18%|████▊                     | 260/1407 [00:44<03:15,  5.88it/s, avg=4.1, loss=4]Epoch 2 [train]:  19%|████▊                     | 261/1407 [00:44<03:00,  6.33it/s, avg=4.1, loss=4]Epoch 2 [train]:  19%|████▎                  | 261/1407 [00:44<03:00,  6.33it/s, avg=4.1, loss=4.04]Epoch 2 [train]:  19%|████▎                  | 262/1407 [00:44<03:04,  6.21it/s, avg=4.1, loss=4.04]Epoch 2 [train]:  19%|████▍                   | 262/1407 [00:44<03:04,  6.21it/s, avg=4.1, loss=4.1]Epoch 2 [train]:  19%|████▍                   | 263/1407 [00:44<03:13,  5.90it/s, avg=4.1, loss=4.1]Epoch 2 [train]:  19%|████▎                  | 263/1407 [00:44<03:13,  5.90it/s, avg=4.1, loss=4.12]Epoch 2 [train]:  19%|████▎                  | 264/1407 [00:44<03:10,  5.99it/s, avg=4.1, loss=4.12]Epoch 2 [train]:  19%|████▎                  | 264/1407 [00:44<03:10,  5.99it/s, avg=4.1, loss=3.97]Epoch 2 [train]:  19%|████▎                  | 265/1407 [00:44<03:19,  5.74it/s, avg=4.1, loss=3.97]Epoch 2 [train]:  19%|████▎                  | 265/1407 [00:44<03:19,  5.74it/s, avg=4.1, loss=4.02]Epoch 2 [train]:  19%|████▎                  | 266/1407 [00:44<03:24,  5.57it/s, avg=4.1, loss=4.02]Epoch 2 [train]:  19%|████▎                  | 266/1407 [00:45<03:24,  5.57it/s, avg=4.1, loss=4.02]Epoch 2 [train]:  19%|████▎                  | 267/1407 [00:45<03:14,  5.86it/s, avg=4.1, loss=4.02]Epoch 2 [train]:  19%|████▎                  | 267/1407 [00:45<03:14,  5.86it/s, avg=4.1, loss=4.11]Epoch 2 [train]:  19%|████▍                  | 268/1407 [00:45<03:12,  5.90it/s, avg=4.1, loss=4.11]Epoch 2 [train]:  19%|████▍                  | 268/1407 [00:45<03:12,  5.90it/s, avg=4.1, loss=4.29]Epoch 2 [train]:  19%|████▍                  | 269/1407 [00:45<03:16,  5.80it/s, avg=4.1, loss=4.29]Epoch 2 [train]:  19%|████▍                  | 269/1407 [00:45<03:16,  5.80it/s, avg=4.1, loss=4.19]Epoch 2 [train]:  19%|████▍                  | 270/1407 [00:45<03:21,  5.64it/s, avg=4.1, loss=4.19]Epoch 2 [train]:  19%|████▍                  | 270/1407 [00:45<03:21,  5.64it/s, avg=4.1, loss=4.03]Epoch 2 [train]:  19%|████▍                  | 271/1407 [00:45<03:14,  5.84it/s, avg=4.1, loss=4.03]Epoch 2 [train]:  19%|█████                     | 271/1407 [00:45<03:14,  5.84it/s, avg=4.1, loss=4]Epoch 2 [train]:  19%|█████                     | 272/1407 [00:45<03:02,  6.23it/s, avg=4.1, loss=4]Epoch 2 [train]:  19%|████▍                  | 272/1407 [00:46<03:02,  6.23it/s, avg=4.1, loss=4.05]Epoch 2 [train]:  19%|████▍                  | 273/1407 [00:46<02:58,  6.34it/s, avg=4.1, loss=4.05]Epoch 2 [train]:  19%|████▍                  | 273/1407 [00:46<02:58,  6.34it/s, avg=4.1, loss=3.87]Epoch 2 [train]:  19%|████▍                  | 274/1407 [00:46<03:01,  6.24it/s, avg=4.1, loss=3.87]Epoch 2 [train]:  19%|████▍                  | 274/1407 [00:46<03:01,  6.24it/s, avg=4.1, loss=4.13]Epoch 2 [train]:  20%|████▍                  | 275/1407 [00:46<03:14,  5.82it/s, avg=4.1, loss=4.13]Epoch 2 [train]:  20%|████▍                  | 275/1407 [00:46<03:14,  5.82it/s, avg=4.1, loss=4.08]Epoch 2 [train]:  20%|████▌                  | 276/1407 [00:46<03:08,  6.01it/s, avg=4.1, loss=4.08]Epoch 2 [train]:  20%|████▎                 | 276/1407 [00:46<03:08,  6.01it/s, avg=4.09, loss=3.99]Epoch 2 [train]:  20%|████▎                 | 277/1407 [00:46<03:03,  6.14it/s, avg=4.09, loss=3.99]Epoch 2 [train]:  20%|████▎                 | 277/1407 [00:46<03:03,  6.14it/s, avg=4.09, loss=3.92]Epoch 2 [train]:  20%|████▎                 | 278/1407 [00:46<03:07,  6.01it/s, avg=4.09, loss=3.92]Epoch 2 [train]:  20%|████▎                 | 278/1407 [00:47<03:07,  6.01it/s, avg=4.09, loss=4.28]Epoch 2 [train]:  20%|████▎                 | 279/1407 [00:47<03:12,  5.87it/s, avg=4.09, loss=4.28]Epoch 2 [train]:  20%|████▎                 | 279/1407 [00:47<03:12,  5.87it/s, avg=4.09, loss=4.07]Epoch 2 [train]:  20%|████▍                 | 280/1407 [00:47<02:55,  6.43it/s, avg=4.09, loss=4.07]Epoch 2 [train]:  20%|████▍                 | 280/1407 [00:47<02:55,  6.43it/s, avg=4.09, loss=4.06]Epoch 2 [train]:  20%|████▍                 | 281/1407 [00:47<02:52,  6.51it/s, avg=4.09, loss=4.06]Epoch 2 [train]:  20%|████▍                 | 281/1407 [00:47<02:52,  6.51it/s, avg=4.09, loss=4.15]Epoch 2 [train]:  20%|████▍                 | 282/1407 [00:47<02:53,  6.49it/s, avg=4.09, loss=4.15]Epoch 2 [train]:  20%|████▍                 | 282/1407 [00:47<02:53,  6.49it/s, avg=4.09, loss=3.97]Epoch 2 [train]:  20%|████▍                 | 283/1407 [00:47<02:47,  6.71it/s, avg=4.09, loss=3.97]Epoch 2 [train]:  20%|████▍                 | 283/1407 [00:47<02:47,  6.71it/s, avg=4.09, loss=4.26]Epoch 2 [train]:  20%|████▍                 | 284/1407 [00:47<02:59,  6.24it/s, avg=4.09, loss=4.26]Epoch 2 [train]:  20%|████▊                   | 284/1407 [00:48<02:59,  6.24it/s, avg=4.1, loss=4.2]Epoch 2 [train]:  20%|████▊                   | 285/1407 [00:48<03:23,  5.52it/s, avg=4.1, loss=4.2]Epoch 2 [train]:  20%|████▋                  | 285/1407 [00:48<03:23,  5.52it/s, avg=4.1, loss=4.12]Epoch 2 [train]:  20%|████▋                  | 286/1407 [00:48<03:18,  5.64it/s, avg=4.1, loss=4.12]Epoch 2 [train]:  20%|████▋                  | 286/1407 [00:48<03:18,  5.64it/s, avg=4.1, loss=4.06]Epoch 2 [train]:  20%|████▋                  | 287/1407 [00:48<03:06,  6.02it/s, avg=4.1, loss=4.06]Epoch 2 [train]:  20%|████▋                  | 287/1407 [00:48<03:06,  6.02it/s, avg=4.1, loss=4.13]Epoch 2 [train]:  20%|████▋                  | 288/1407 [00:48<02:59,  6.25it/s, avg=4.1, loss=4.13]Epoch 2 [train]:  20%|████▋                  | 288/1407 [00:48<02:59,  6.25it/s, avg=4.1, loss=4.19]Epoch 2 [train]:  21%|████▋                  | 289/1407 [00:48<03:09,  5.89it/s, avg=4.1, loss=4.19]Epoch 2 [train]:  21%|████▋                  | 289/1407 [00:48<03:09,  5.89it/s, avg=4.1, loss=4.02]Epoch 2 [train]:  21%|████▋                  | 290/1407 [00:48<03:14,  5.73it/s, avg=4.1, loss=4.02]Epoch 2 [train]:  21%|████▌                 | 290/1407 [00:49<03:14,  5.73it/s, avg=4.09, loss=3.95]Epoch 2 [train]:  21%|████▌                 | 291/1407 [00:49<03:04,  6.06it/s, avg=4.09, loss=3.95]Epoch 2 [train]:  21%|████▊                  | 291/1407 [00:49<03:04,  6.06it/s, avg=4.1, loss=4.18]Epoch 2 [train]:  21%|████▊                  | 292/1407 [00:49<03:27,  5.38it/s, avg=4.1, loss=4.18]Epoch 2 [train]:  21%|████▌                 | 292/1407 [00:49<03:27,  5.38it/s, avg=4.09, loss=4.03]Epoch 2 [train]:  21%|████▌                 | 293/1407 [00:49<03:12,  5.80it/s, avg=4.09, loss=4.03]Epoch 2 [train]:  21%|█████▏                   | 293/1407 [00:49<03:12,  5.80it/s, avg=4.09, loss=4]Epoch 2 [train]:  21%|█████▏                   | 294/1407 [00:49<03:12,  5.78it/s, avg=4.09, loss=4]Epoch 2 [train]:  21%|████▌                 | 294/1407 [00:49<03:12,  5.78it/s, avg=4.09, loss=4.06]Epoch 2 [train]:  21%|████▌                 | 295/1407 [00:49<03:09,  5.86it/s, avg=4.09, loss=4.06]Epoch 2 [train]:  21%|████▌                 | 295/1407 [00:49<03:09,  5.86it/s, avg=4.09, loss=4.02]Epoch 2 [train]:  21%|████▋                 | 296/1407 [00:49<03:09,  5.88it/s, avg=4.09, loss=4.02]Epoch 2 [train]:  21%|████▋                 | 296/1407 [00:50<03:09,  5.88it/s, avg=4.09, loss=4.05]Epoch 2 [train]:  21%|████▋                 | 297/1407 [00:50<03:14,  5.71it/s, avg=4.09, loss=4.05]Epoch 2 [train]:  21%|████▋                 | 297/1407 [00:50<03:14,  5.71it/s, avg=4.09, loss=4.06]Epoch 2 [train]:  21%|████▋                 | 298/1407 [00:50<03:13,  5.73it/s, avg=4.09, loss=4.06]Epoch 2 [train]:  21%|████▋                 | 298/1407 [00:50<03:13,  5.73it/s, avg=4.09, loss=4.26]Epoch 2 [train]:  21%|████▋                 | 299/1407 [00:50<03:08,  5.88it/s, avg=4.09, loss=4.26][train] epoch=2 batch=300/1407 loss=3.9826 avg=4.0942 gpu_mem=871MB
Epoch 2 [train]:  21%|████▋                 | 299/1407 [00:50<03:08,  5.88it/s, avg=4.09, loss=3.98]Epoch 2 [train]:  21%|████▋                 | 300/1407 [00:50<02:50,  6.51it/s, avg=4.09, loss=3.98]Epoch 2 [train]:  21%|████▋                 | 300/1407 [00:50<02:50,  6.51it/s, avg=4.09, loss=4.23]Epoch 2 [train]:  21%|████▋                 | 301/1407 [00:50<02:59,  6.15it/s, avg=4.09, loss=4.23]Epoch 2 [train]:  21%|████▋                 | 301/1407 [00:50<02:59,  6.15it/s, avg=4.09, loss=3.88]Epoch 2 [train]:  21%|████▋                 | 302/1407 [00:50<02:59,  6.16it/s, avg=4.09, loss=3.88]Epoch 2 [train]:  21%|████▋                 | 302/1407 [00:51<02:59,  6.16it/s, avg=4.09, loss=4.14]Epoch 2 [train]:  22%|████▋                 | 303/1407 [00:51<03:11,  5.78it/s, avg=4.09, loss=4.14]Epoch 2 [train]:  22%|████▉                  | 303/1407 [00:51<03:11,  5.78it/s, avg=4.09, loss=4.1]Epoch 2 [train]:  22%|████▉                  | 304/1407 [00:51<03:15,  5.65it/s, avg=4.09, loss=4.1]Epoch 2 [train]:  22%|████▊                 | 304/1407 [00:51<03:15,  5.65it/s, avg=4.09, loss=4.02]Epoch 2 [train]:  22%|████▊                 | 305/1407 [00:51<03:17,  5.57it/s, avg=4.09, loss=4.02]Epoch 2 [train]:  22%|████▊                 | 305/1407 [00:51<03:17,  5.57it/s, avg=4.09, loss=4.14]Epoch 2 [train]:  22%|████▊                 | 306/1407 [00:51<03:11,  5.74it/s, avg=4.09, loss=4.14]Epoch 2 [train]:  22%|████▊                 | 306/1407 [00:51<03:11,  5.74it/s, avg=4.09, loss=3.89]Epoch 2 [train]:  22%|████▊                 | 307/1407 [00:51<03:13,  5.68it/s, avg=4.09, loss=3.89]Epoch 2 [train]:  22%|████▊                 | 307/1407 [00:51<03:13,  5.68it/s, avg=4.09, loss=3.94]Epoch 2 [train]:  22%|████▊                 | 308/1407 [00:51<03:08,  5.83it/s, avg=4.09, loss=3.94]Epoch 2 [train]:  22%|████▊                 | 308/1407 [00:52<03:08,  5.83it/s, avg=4.09, loss=4.14]Epoch 2 [train]:  22%|████▊                 | 309/1407 [00:52<02:55,  6.24it/s, avg=4.09, loss=4.14]Epoch 2 [train]:  22%|████▊                 | 309/1407 [00:52<02:55,  6.24it/s, avg=4.09, loss=4.07]Epoch 2 [train]:  22%|████▊                 | 310/1407 [00:52<02:53,  6.34it/s, avg=4.09, loss=4.07]Epoch 2 [train]:  22%|████▊                 | 310/1407 [00:52<02:53,  6.34it/s, avg=4.09, loss=4.06]Epoch 2 [train]:  22%|████▊                 | 311/1407 [00:52<03:03,  5.97it/s, avg=4.09, loss=4.06]Epoch 2 [train]:  22%|████▊                 | 311/1407 [00:52<03:03,  5.97it/s, avg=4.09, loss=4.04]Epoch 2 [train]:  22%|████▉                 | 312/1407 [00:52<03:01,  6.04it/s, avg=4.09, loss=4.04]Epoch 2 [train]:  22%|████▉                 | 312/1407 [00:52<03:01,  6.04it/s, avg=4.09, loss=4.01]Epoch 2 [train]:  22%|████▉                 | 313/1407 [00:52<02:59,  6.08it/s, avg=4.09, loss=4.01]Epoch 2 [train]:  22%|████▉                 | 313/1407 [00:52<02:59,  6.08it/s, avg=4.09, loss=4.21]Epoch 2 [train]:  22%|████▉                 | 314/1407 [00:52<02:54,  6.26it/s, avg=4.09, loss=4.21]Epoch 2 [train]:  22%|████▉                 | 314/1407 [00:53<02:54,  6.26it/s, avg=4.09, loss=4.01]Epoch 2 [train]:  22%|████▉                 | 315/1407 [00:53<02:52,  6.34it/s, avg=4.09, loss=4.01]Epoch 2 [train]:  22%|█████▏                 | 315/1407 [00:53<02:52,  6.34it/s, avg=4.09, loss=4.1]Epoch 2 [train]:  22%|█████▏                 | 316/1407 [00:53<03:07,  5.81it/s, avg=4.09, loss=4.1]Epoch 2 [train]:  22%|████▉                 | 316/1407 [00:53<03:07,  5.81it/s, avg=4.09, loss=4.29]Epoch 2 [train]:  23%|████▉                 | 317/1407 [00:53<03:06,  5.84it/s, avg=4.09, loss=4.29]Epoch 2 [train]:  23%|████▉                 | 317/1407 [00:53<03:06,  5.84it/s, avg=4.09, loss=4.23]Epoch 2 [train]:  23%|████▉                 | 318/1407 [00:53<03:17,  5.50it/s, avg=4.09, loss=4.23]Epoch 2 [train]:  23%|█████▏                 | 318/1407 [00:53<03:17,  5.50it/s, avg=4.09, loss=4.1]Epoch 2 [train]:  23%|█████▏                 | 319/1407 [00:53<03:04,  5.90it/s, avg=4.09, loss=4.1]Epoch 2 [train]:  23%|█████▋                   | 319/1407 [00:53<03:04,  5.90it/s, avg=4.09, loss=4]Epoch 2 [train]:  23%|█████▋                   | 320/1407 [00:53<03:00,  6.02it/s, avg=4.09, loss=4]Epoch 2 [train]:  23%|█████                 | 320/1407 [00:54<03:00,  6.02it/s, avg=4.09, loss=4.05]Epoch 2 [train]:  23%|█████                 | 321/1407 [00:54<03:06,  5.81it/s, avg=4.09, loss=4.05]Epoch 2 [train]:  23%|█████                 | 321/1407 [00:54<03:06,  5.81it/s, avg=4.09, loss=4.05]Epoch 2 [train]:  23%|█████                 | 322/1407 [00:54<02:57,  6.12it/s, avg=4.09, loss=4.05]Epoch 2 [train]:  23%|█████                 | 322/1407 [00:54<02:57,  6.12it/s, avg=4.09, loss=4.01]Epoch 2 [train]:  23%|█████                 | 323/1407 [00:54<02:51,  6.33it/s, avg=4.09, loss=4.01]Epoch 2 [train]:  23%|█████                 | 323/1407 [00:54<02:51,  6.33it/s, avg=4.09, loss=4.03]Epoch 2 [train]:  23%|█████                 | 324/1407 [00:54<02:45,  6.54it/s, avg=4.09, loss=4.03]Epoch 2 [train]:  23%|█████                 | 324/1407 [00:54<02:45,  6.54it/s, avg=4.09, loss=3.81]Epoch 2 [train]:  23%|█████                 | 325/1407 [00:54<02:34,  6.99it/s, avg=4.09, loss=3.81]Epoch 2 [train]:  23%|█████                 | 325/1407 [00:54<02:34,  6.99it/s, avg=4.09, loss=4.09]Epoch 2 [train]:  23%|█████                 | 326/1407 [00:54<02:41,  6.70it/s, avg=4.09, loss=4.09]Epoch 2 [train]:  23%|█████                 | 326/1407 [00:55<02:41,  6.70it/s, avg=4.09, loss=4.22]Epoch 2 [train]:  23%|█████                 | 327/1407 [00:55<02:56,  6.11it/s, avg=4.09, loss=4.22]Epoch 2 [train]:  23%|█████                 | 327/1407 [00:55<02:56,  6.11it/s, avg=4.09, loss=4.12]Epoch 2 [train]:  23%|█████▏                | 328/1407 [00:55<02:59,  6.02it/s, avg=4.09, loss=4.12]Epoch 2 [train]:  23%|█████▏                | 328/1407 [00:55<02:59,  6.02it/s, avg=4.09, loss=3.99]Epoch 2 [train]:  23%|█████▏                | 329/1407 [00:55<02:51,  6.28it/s, avg=4.09, loss=3.99]Epoch 2 [train]:  23%|█████▏                | 329/1407 [00:55<02:51,  6.28it/s, avg=4.09, loss=3.96]Epoch 2 [train]:  23%|█████▏                | 330/1407 [00:55<02:46,  6.46it/s, avg=4.09, loss=3.96]Epoch 2 [train]:  23%|█████▏                | 330/1407 [00:55<02:46,  6.46it/s, avg=4.09, loss=4.02]Epoch 2 [train]:  24%|█████▏                | 331/1407 [00:55<02:40,  6.70it/s, avg=4.09, loss=4.02]Epoch 2 [train]:  24%|█████▏                | 331/1407 [00:55<02:40,  6.70it/s, avg=4.09, loss=4.04]Epoch 2 [train]:  24%|█████▏                | 332/1407 [00:55<02:48,  6.37it/s, avg=4.09, loss=4.04]Epoch 2 [train]:  24%|█████▏                | 332/1407 [00:55<02:48,  6.37it/s, avg=4.09, loss=4.25]Epoch 2 [train]:  24%|█████▏                | 333/1407 [00:55<02:45,  6.48it/s, avg=4.09, loss=4.25]Epoch 2 [train]:  24%|█████▏                | 333/1407 [00:56<02:45,  6.48it/s, avg=4.09, loss=4.05]Epoch 2 [train]:  24%|█████▏                | 334/1407 [00:56<02:51,  6.24it/s, avg=4.09, loss=4.05]Epoch 2 [train]:  24%|█████▏                | 334/1407 [00:56<02:51,  6.24it/s, avg=4.09, loss=4.03]Epoch 2 [train]:  24%|█████▏                | 335/1407 [00:56<03:05,  5.78it/s, avg=4.09, loss=4.03]Epoch 2 [train]:  24%|█████▏                | 335/1407 [00:56<03:05,  5.78it/s, avg=4.09, loss=3.93]Epoch 2 [train]:  24%|█████▎                | 336/1407 [00:56<02:56,  6.06it/s, avg=4.09, loss=3.93]Epoch 2 [train]:  24%|█████▎                | 336/1407 [00:56<02:56,  6.06it/s, avg=4.09, loss=4.02]Epoch 2 [train]:  24%|█████▎                | 337/1407 [00:56<03:18,  5.39it/s, avg=4.09, loss=4.02]Epoch 2 [train]:  24%|█████▎                | 337/1407 [00:56<03:18,  5.39it/s, avg=4.09, loss=4.17]Epoch 2 [train]:  24%|█████▎                | 338/1407 [00:56<03:11,  5.58it/s, avg=4.09, loss=4.17]Epoch 2 [train]:  24%|█████▎                | 338/1407 [00:57<03:11,  5.58it/s, avg=4.09, loss=4.06]Epoch 2 [train]:  24%|█████▎                | 339/1407 [00:57<02:59,  5.96it/s, avg=4.09, loss=4.06]Epoch 2 [train]:  24%|█████▎                | 339/1407 [00:57<02:59,  5.96it/s, avg=4.09, loss=4.03]Epoch 2 [train]:  24%|█████▎                | 340/1407 [00:57<02:53,  6.14it/s, avg=4.09, loss=4.03]Epoch 2 [train]:  24%|█████▎                | 340/1407 [00:57<02:53,  6.14it/s, avg=4.09, loss=4.13]Epoch 2 [train]:  24%|█████▎                | 341/1407 [00:57<03:16,  5.42it/s, avg=4.09, loss=4.13]Epoch 2 [train]:  24%|█████▎                | 341/1407 [00:57<03:16,  5.42it/s, avg=4.09, loss=3.97]Epoch 2 [train]:  24%|█████▎                | 342/1407 [00:57<03:09,  5.62it/s, avg=4.09, loss=3.97]Epoch 2 [train]:  24%|█████▎                | 342/1407 [00:57<03:09,  5.62it/s, avg=4.09, loss=4.15]Epoch 2 [train]:  24%|█████▎                | 343/1407 [00:57<03:12,  5.54it/s, avg=4.09, loss=4.15]Epoch 2 [train]:  24%|█████▎                | 343/1407 [00:57<03:12,  5.54it/s, avg=4.09, loss=3.91]Epoch 2 [train]:  24%|█████▍                | 344/1407 [00:57<03:11,  5.56it/s, avg=4.09, loss=3.91]Epoch 2 [train]:  24%|█████▍                | 344/1407 [00:58<03:11,  5.56it/s, avg=4.09, loss=4.05]Epoch 2 [train]:  25%|█████▍                | 345/1407 [00:58<03:16,  5.41it/s, avg=4.09, loss=4.05]Epoch 2 [train]:  25%|█████▍                | 345/1407 [00:58<03:16,  5.41it/s, avg=4.09, loss=4.13]Epoch 2 [train]:  25%|█████▍                | 346/1407 [00:58<02:56,  6.00it/s, avg=4.09, loss=4.13]Epoch 2 [train]:  25%|█████▍                | 346/1407 [00:58<02:56,  6.00it/s, avg=4.09, loss=4.11]Epoch 2 [train]:  25%|█████▍                | 347/1407 [00:58<02:57,  5.97it/s, avg=4.09, loss=4.11]Epoch 2 [train]:  25%|█████▍                | 347/1407 [00:58<02:57,  5.97it/s, avg=4.09, loss=4.13]Epoch 2 [train]:  25%|█████▍                | 348/1407 [00:58<02:43,  6.48it/s, avg=4.09, loss=4.13]Epoch 2 [train]:  25%|██████▏                  | 348/1407 [00:58<02:43,  6.48it/s, avg=4.09, loss=4]Epoch 2 [train]:  25%|██████▏                  | 349/1407 [00:58<02:50,  6.21it/s, avg=4.09, loss=4]Epoch 2 [train]:  25%|█████▍                | 349/1407 [00:58<02:50,  6.21it/s, avg=4.09, loss=4.05]Epoch 2 [train]:  25%|█████▍                | 350/1407 [00:58<02:52,  6.13it/s, avg=4.09, loss=4.05]Epoch 2 [train]:  25%|█████▍                | 350/1407 [00:59<02:52,  6.13it/s, avg=4.09, loss=3.95]Epoch 2 [train]:  25%|█████▍                | 351/1407 [00:59<02:48,  6.25it/s, avg=4.09, loss=3.95]Epoch 2 [train]:  25%|█████▍                | 351/1407 [00:59<02:48,  6.25it/s, avg=4.09, loss=4.03]Epoch 2 [train]:  25%|█████▌                | 352/1407 [00:59<02:53,  6.09it/s, avg=4.09, loss=4.03]Epoch 2 [train]:  25%|█████▌                | 352/1407 [00:59<02:53,  6.09it/s, avg=4.09, loss=4.09]Epoch 2 [train]:  25%|█████▌                | 353/1407 [00:59<02:55,  6.02it/s, avg=4.09, loss=4.09]Epoch 2 [train]:  25%|█████▌                | 353/1407 [00:59<02:55,  6.02it/s, avg=4.09, loss=3.95]Epoch 2 [train]:  25%|█████▌                | 354/1407 [00:59<03:12,  5.46it/s, avg=4.09, loss=3.95]Epoch 2 [train]:  25%|█████▌                | 354/1407 [00:59<03:12,  5.46it/s, avg=4.09, loss=4.17]Epoch 2 [train]:  25%|█████▌                | 355/1407 [00:59<03:18,  5.29it/s, avg=4.09, loss=4.17]Epoch 2 [train]:  25%|█████▌                | 355/1407 [01:00<03:18,  5.29it/s, avg=4.09, loss=4.22]Epoch 2 [train]:  25%|█████▌                | 356/1407 [01:00<03:32,  4.94it/s, avg=4.09, loss=4.22]Epoch 2 [train]:  25%|█████▌                | 356/1407 [01:00<03:32,  4.94it/s, avg=4.09, loss=4.09]Epoch 2 [train]:  25%|█████▌                | 357/1407 [01:00<03:27,  5.05it/s, avg=4.09, loss=4.09]Epoch 2 [train]:  25%|█████▌                | 357/1407 [01:00<03:27,  5.05it/s, avg=4.09, loss=3.97]Epoch 2 [train]:  25%|█████▌                | 358/1407 [01:00<03:28,  5.02it/s, avg=4.09, loss=3.97]Epoch 2 [train]:  25%|█████▌                | 358/1407 [01:00<03:28,  5.02it/s, avg=4.09, loss=3.98]Epoch 2 [train]:  26%|█████▌                | 359/1407 [01:00<03:19,  5.25it/s, avg=4.09, loss=3.98]Epoch 2 [train]:  26%|█████▌                | 359/1407 [01:00<03:19,  5.25it/s, avg=4.09, loss=4.06]Epoch 2 [train]:  26%|█████▋                | 360/1407 [01:00<03:06,  5.62it/s, avg=4.09, loss=4.06]Epoch 2 [train]:  26%|█████▋                | 360/1407 [01:00<03:06,  5.62it/s, avg=4.09, loss=4.15]Epoch 2 [train]:  26%|█████▋                | 361/1407 [01:00<02:53,  6.03it/s, avg=4.09, loss=4.15]Epoch 2 [train]:  26%|█████▉                 | 361/1407 [01:01<02:53,  6.03it/s, avg=4.09, loss=4.2]Epoch 2 [train]:  26%|█████▉                 | 362/1407 [01:01<02:49,  6.18it/s, avg=4.09, loss=4.2]Epoch 2 [train]:  26%|█████▋                | 362/1407 [01:01<02:49,  6.18it/s, avg=4.09, loss=4.22]Epoch 2 [train]:  26%|█████▋                | 363/1407 [01:01<02:53,  6.03it/s, avg=4.09, loss=4.22]Epoch 2 [train]:  26%|█████▋                | 363/1407 [01:01<02:53,  6.03it/s, avg=4.09, loss=4.11]Epoch 2 [train]:  26%|█████▋                | 364/1407 [01:01<02:54,  5.96it/s, avg=4.09, loss=4.11]Epoch 2 [train]:  26%|█████▋                | 364/1407 [01:01<02:54,  5.96it/s, avg=4.09, loss=4.13]Epoch 2 [train]:  26%|█████▋                | 365/1407 [01:01<02:49,  6.13it/s, avg=4.09, loss=4.13]Epoch 2 [train]:  26%|█████▋                | 365/1407 [01:01<02:49,  6.13it/s, avg=4.09, loss=4.05]Epoch 2 [train]:  26%|█████▋                | 366/1407 [01:01<02:46,  6.24it/s, avg=4.09, loss=4.05]Epoch 2 [train]:  26%|█████▉                 | 366/1407 [01:01<02:46,  6.24it/s, avg=4.09, loss=4.1]Epoch 2 [train]:  26%|█████▉                 | 367/1407 [01:01<02:47,  6.22it/s, avg=4.09, loss=4.1]Epoch 2 [train]:  26%|█████▋                | 367/1407 [01:02<02:47,  6.22it/s, avg=4.09, loss=3.84]Epoch 2 [train]:  26%|█████▊                | 368/1407 [01:02<02:49,  6.13it/s, avg=4.09, loss=3.84]Epoch 2 [train]:  26%|█████▊                | 368/1407 [01:02<02:49,  6.13it/s, avg=4.09, loss=3.96]Epoch 2 [train]:  26%|█████▊                | 369/1407 [01:02<03:11,  5.43it/s, avg=4.09, loss=3.96]Epoch 2 [train]:  26%|█████▊                | 369/1407 [01:02<03:11,  5.43it/s, avg=4.09, loss=3.96]Epoch 2 [train]:  26%|█████▊                | 370/1407 [01:02<03:12,  5.39it/s, avg=4.09, loss=3.96]Epoch 2 [train]:  26%|█████▊                | 370/1407 [01:02<03:12,  5.39it/s, avg=4.09, loss=4.23]Epoch 2 [train]:  26%|█████▊                | 371/1407 [01:02<03:09,  5.47it/s, avg=4.09, loss=4.23]Epoch 2 [train]:  26%|█████▊                | 371/1407 [01:02<03:09,  5.47it/s, avg=4.09, loss=3.98]Epoch 2 [train]:  26%|█████▊                | 372/1407 [01:02<03:13,  5.36it/s, avg=4.09, loss=3.98]Epoch 2 [train]:  26%|█████▊                | 372/1407 [01:03<03:13,  5.36it/s, avg=4.09, loss=4.09]Epoch 2 [train]:  27%|█████▊                | 373/1407 [01:03<03:00,  5.73it/s, avg=4.09, loss=4.09]Epoch 2 [train]:  27%|█████▊                | 373/1407 [01:03<03:00,  5.73it/s, avg=4.09, loss=3.95]Epoch 2 [train]:  27%|█████▊                | 374/1407 [01:03<03:14,  5.32it/s, avg=4.09, loss=3.95]Epoch 2 [train]:  27%|██████▋                  | 374/1407 [01:03<03:14,  5.32it/s, avg=4.09, loss=4]Epoch 2 [train]:  27%|██████▋                  | 375/1407 [01:03<03:12,  5.35it/s, avg=4.09, loss=4]Epoch 2 [train]:  27%|█████▊                | 375/1407 [01:03<03:12,  5.35it/s, avg=4.09, loss=4.33]Epoch 2 [train]:  27%|█████▉                | 376/1407 [01:03<03:23,  5.08it/s, avg=4.09, loss=4.33]Epoch 2 [train]:  27%|█████▉                | 376/1407 [01:03<03:23,  5.08it/s, avg=4.09, loss=4.16]Epoch 2 [train]:  27%|█████▉                | 377/1407 [01:03<03:08,  5.48it/s, avg=4.09, loss=4.16]Epoch 2 [train]:  27%|█████▉                | 377/1407 [01:03<03:08,  5.48it/s, avg=4.09, loss=3.99]Epoch 2 [train]:  27%|█████▉                | 378/1407 [01:03<03:01,  5.66it/s, avg=4.09, loss=3.99]Epoch 2 [train]:  27%|█████▉                | 378/1407 [01:04<03:01,  5.66it/s, avg=4.09, loss=3.98]Epoch 2 [train]:  27%|█████▉                | 379/1407 [01:04<03:09,  5.44it/s, avg=4.09, loss=3.98]Epoch 2 [train]:  27%|██████▏                | 379/1407 [01:04<03:09,  5.44it/s, avg=4.09, loss=4.1]Epoch 2 [train]:  27%|██████▏                | 380/1407 [01:04<03:23,  5.05it/s, avg=4.09, loss=4.1]Epoch 2 [train]:  27%|█████▉                | 380/1407 [01:04<03:23,  5.05it/s, avg=4.09, loss=4.15]Epoch 2 [train]:  27%|█████▉                | 381/1407 [01:04<03:19,  5.14it/s, avg=4.09, loss=4.15]Epoch 2 [train]:  27%|█████▉                | 381/1407 [01:04<03:19,  5.14it/s, avg=4.09, loss=4.03]Epoch 2 [train]:  27%|█████▉                | 382/1407 [01:04<03:08,  5.45it/s, avg=4.09, loss=4.03]Epoch 2 [train]:  27%|█████▉                | 382/1407 [01:04<03:08,  5.45it/s, avg=4.09, loss=4.06]Epoch 2 [train]:  27%|█████▉                | 383/1407 [01:04<03:06,  5.50it/s, avg=4.09, loss=4.06]Epoch 2 [train]:  27%|█████▉                | 383/1407 [01:05<03:06,  5.50it/s, avg=4.09, loss=4.21]Epoch 2 [train]:  27%|██████                | 384/1407 [01:05<03:03,  5.58it/s, avg=4.09, loss=4.21]Epoch 2 [train]:  27%|██████                | 384/1407 [01:05<03:03,  5.58it/s, avg=4.09, loss=4.06]Epoch 2 [train]:  27%|██████                | 385/1407 [01:05<02:49,  6.03it/s, avg=4.09, loss=4.06]Epoch 2 [train]:  27%|██████                | 385/1407 [01:05<02:49,  6.03it/s, avg=4.09, loss=4.27]Epoch 2 [train]:  27%|██████                | 386/1407 [01:05<02:43,  6.23it/s, avg=4.09, loss=4.27]Epoch 2 [train]:  27%|██████                | 386/1407 [01:05<02:43,  6.23it/s, avg=4.09, loss=3.85]Epoch 2 [train]:  28%|██████                | 387/1407 [01:05<02:43,  6.24it/s, avg=4.09, loss=3.85]Epoch 2 [train]:  28%|██████                | 387/1407 [01:05<02:43,  6.24it/s, avg=4.09, loss=4.03]Epoch 2 [train]:  28%|██████                | 388/1407 [01:05<02:38,  6.41it/s, avg=4.09, loss=4.03]Epoch 2 [train]:  28%|██████                | 388/1407 [01:05<02:38,  6.41it/s, avg=4.09, loss=4.26]Epoch 2 [train]:  28%|██████                | 389/1407 [01:05<02:42,  6.28it/s, avg=4.09, loss=4.26]Epoch 2 [train]:  28%|██████▎                | 389/1407 [01:05<02:42,  6.28it/s, avg=4.09, loss=4.1]Epoch 2 [train]:  28%|██████▍                | 390/1407 [01:05<02:37,  6.48it/s, avg=4.09, loss=4.1]Epoch 2 [train]:  28%|██████                | 390/1407 [01:06<02:37,  6.48it/s, avg=4.09, loss=4.08]Epoch 2 [train]:  28%|██████                | 391/1407 [01:06<02:36,  6.51it/s, avg=4.09, loss=4.08]Epoch 2 [train]:  28%|██████                | 391/1407 [01:06<02:36,  6.51it/s, avg=4.09, loss=4.11]Epoch 2 [train]:  28%|██████▏               | 392/1407 [01:06<02:50,  5.95it/s, avg=4.09, loss=4.11]Epoch 2 [train]:  28%|██████▏               | 392/1407 [01:06<02:50,  5.95it/s, avg=4.09, loss=4.05]Epoch 2 [train]:  28%|██████▏               | 393/1407 [01:06<02:48,  6.00it/s, avg=4.09, loss=4.05]Epoch 2 [train]:  28%|██████▏               | 393/1407 [01:06<02:48,  6.00it/s, avg=4.09, loss=4.07]Epoch 2 [train]:  28%|██████▏               | 394/1407 [01:06<02:44,  6.14it/s, avg=4.09, loss=4.07]Epoch 2 [train]:  28%|██████▍                | 394/1407 [01:06<02:44,  6.14it/s, avg=4.09, loss=4.2]Epoch 2 [train]:  28%|██████▍                | 395/1407 [01:06<02:54,  5.79it/s, avg=4.09, loss=4.2]Epoch 2 [train]:  28%|██████▏               | 395/1407 [01:06<02:54,  5.79it/s, avg=4.09, loss=4.04]Epoch 2 [train]:  28%|██████▏               | 396/1407 [01:06<02:51,  5.90it/s, avg=4.09, loss=4.04]Epoch 2 [train]:  28%|██████▏               | 396/1407 [01:07<02:51,  5.90it/s, avg=4.09, loss=4.05]Epoch 2 [train]:  28%|██████▏               | 397/1407 [01:07<02:37,  6.42it/s, avg=4.09, loss=4.05]Epoch 2 [train]:  28%|██████▏               | 397/1407 [01:07<02:37,  6.42it/s, avg=4.09, loss=3.97]Epoch 2 [train]:  28%|██████▏               | 398/1407 [01:07<02:38,  6.37it/s, avg=4.09, loss=3.97]Epoch 2 [train]:  28%|██████▏               | 398/1407 [01:07<02:38,  6.37it/s, avg=4.09, loss=4.07]Epoch 2 [train]:  28%|██████▏               | 399/1407 [01:07<02:41,  6.23it/s, avg=4.09, loss=4.07][train] epoch=2 batch=400/1407 loss=4.1729 avg=4.0883 gpu_mem=1031MB
Epoch 2 [train]:  28%|██████▏               | 399/1407 [01:07<02:41,  6.23it/s, avg=4.09, loss=4.17]Epoch 2 [train]:  28%|██████▎               | 400/1407 [01:07<03:03,  5.48it/s, avg=4.09, loss=4.17]Epoch 2 [train]:  28%|██████▎               | 400/1407 [01:07<03:03,  5.48it/s, avg=4.09, loss=3.94]Epoch 2 [train]:  29%|██████▎               | 401/1407 [01:07<03:02,  5.53it/s, avg=4.09, loss=3.94]Epoch 2 [train]:  29%|██████▎               | 401/1407 [01:08<03:02,  5.53it/s, avg=4.09, loss=4.17]Epoch 2 [train]:  29%|██████▎               | 402/1407 [01:08<03:01,  5.55it/s, avg=4.09, loss=4.17]Epoch 2 [train]:  29%|██████▎               | 402/1407 [01:08<03:01,  5.55it/s, avg=4.09, loss=4.14]Epoch 2 [train]:  29%|██████▎               | 403/1407 [01:08<02:51,  5.84it/s, avg=4.09, loss=4.14]Epoch 2 [train]:  29%|██████▎               | 403/1407 [01:08<02:51,  5.84it/s, avg=4.09, loss=4.14]Epoch 2 [train]:  29%|██████▎               | 404/1407 [01:08<02:55,  5.72it/s, avg=4.09, loss=4.14]Epoch 2 [train]:  29%|██████▎               | 404/1407 [01:08<02:55,  5.72it/s, avg=4.09, loss=4.03]Epoch 2 [train]:  29%|██████▎               | 405/1407 [01:08<02:40,  6.24it/s, avg=4.09, loss=4.03]Epoch 2 [train]:  29%|██████▎               | 405/1407 [01:08<02:40,  6.24it/s, avg=4.09, loss=4.15]Epoch 2 [train]:  29%|██████▎               | 406/1407 [01:08<02:45,  6.05it/s, avg=4.09, loss=4.15]Epoch 2 [train]:  29%|██████▋                | 406/1407 [01:08<02:45,  6.05it/s, avg=4.09, loss=3.8]Epoch 2 [train]:  29%|██████▋                | 407/1407 [01:08<02:32,  6.54it/s, avg=4.09, loss=3.8]Epoch 2 [train]:  29%|██████▎               | 407/1407 [01:08<02:32,  6.54it/s, avg=4.09, loss=4.18]Epoch 2 [train]:  29%|██████▍               | 408/1407 [01:08<02:32,  6.54it/s, avg=4.09, loss=4.18]Epoch 2 [train]:  29%|██████▍               | 408/1407 [01:09<02:32,  6.54it/s, avg=4.09, loss=4.16]Epoch 2 [train]:  29%|██████▍               | 409/1407 [01:09<02:29,  6.69it/s, avg=4.09, loss=4.16]Epoch 2 [train]:  29%|██████▍               | 409/1407 [01:09<02:29,  6.69it/s, avg=4.09, loss=3.97]Epoch 2 [train]:  29%|██████▍               | 410/1407 [01:09<02:32,  6.55it/s, avg=4.09, loss=3.97]Epoch 2 [train]:  29%|██████▍               | 410/1407 [01:09<02:32,  6.55it/s, avg=4.09, loss=3.97]Epoch 2 [train]:  29%|██████▍               | 411/1407 [01:09<02:21,  7.02it/s, avg=4.09, loss=3.97]Epoch 2 [train]:  29%|██████▍               | 411/1407 [01:09<02:21,  7.02it/s, avg=4.09, loss=4.08]Epoch 2 [train]:  29%|██████▍               | 412/1407 [01:09<02:19,  7.14it/s, avg=4.09, loss=4.08]Epoch 2 [train]:  29%|██████▋                | 412/1407 [01:09<02:19,  7.14it/s, avg=4.09, loss=4.1]Epoch 2 [train]:  29%|██████▊                | 413/1407 [01:09<02:29,  6.65it/s, avg=4.09, loss=4.1]Epoch 2 [train]:  29%|██████▍               | 413/1407 [01:09<02:29,  6.65it/s, avg=4.09, loss=4.23]Epoch 2 [train]:  29%|██████▍               | 414/1407 [01:09<02:47,  5.94it/s, avg=4.09, loss=4.23]Epoch 2 [train]:  29%|██████▍               | 414/1407 [01:10<02:47,  5.94it/s, avg=4.09, loss=4.14]Epoch 2 [train]:  29%|██████▍               | 415/1407 [01:10<02:45,  5.99it/s, avg=4.09, loss=4.14]Epoch 2 [train]:  29%|██████▍               | 415/1407 [01:10<02:45,  5.99it/s, avg=4.09, loss=4.04]Epoch 2 [train]:  30%|██████▌               | 416/1407 [01:10<02:44,  6.03it/s, avg=4.09, loss=4.04]Epoch 2 [train]:  30%|██████▊                | 416/1407 [01:10<02:44,  6.03it/s, avg=4.09, loss=3.8]Epoch 2 [train]:  30%|██████▊                | 417/1407 [01:10<03:02,  5.42it/s, avg=4.09, loss=3.8]Epoch 2 [train]:  30%|███████▍                 | 417/1407 [01:10<03:02,  5.42it/s, avg=4.09, loss=4]Epoch 2 [train]:  30%|███████▍                 | 418/1407 [01:10<03:14,  5.09it/s, avg=4.09, loss=4]Epoch 2 [train]:  30%|██████▌               | 418/1407 [01:10<03:14,  5.09it/s, avg=4.09, loss=4.06]Epoch 2 [train]:  30%|██████▌               | 419/1407 [01:10<03:23,  4.85it/s, avg=4.09, loss=4.06]Epoch 2 [train]:  30%|██████▌               | 419/1407 [01:11<03:23,  4.85it/s, avg=4.09, loss=4.05]Epoch 2 [train]:  30%|██████▌               | 420/1407 [01:11<03:06,  5.28it/s, avg=4.09, loss=4.05]Epoch 2 [train]:  30%|██████▌               | 420/1407 [01:11<03:06,  5.28it/s, avg=4.09, loss=4.28]Epoch 2 [train]:  30%|██████▌               | 421/1407 [01:11<03:11,  5.14it/s, avg=4.09, loss=4.28]Epoch 2 [train]:  30%|██████▌               | 421/1407 [01:11<03:11,  5.14it/s, avg=4.09, loss=4.05]Epoch 2 [train]:  30%|██████▌               | 422/1407 [01:11<03:08,  5.23it/s, avg=4.09, loss=4.05]Epoch 2 [train]:  30%|██████▌               | 422/1407 [01:11<03:08,  5.23it/s, avg=4.09, loss=4.12]Epoch 2 [train]:  30%|██████▌               | 423/1407 [01:11<02:58,  5.50it/s, avg=4.09, loss=4.12]Epoch 2 [train]:  30%|██████▌               | 423/1407 [01:11<02:58,  5.50it/s, avg=4.09, loss=3.99]Epoch 2 [train]:  30%|██████▋               | 424/1407 [01:11<02:42,  6.04it/s, avg=4.09, loss=3.99]Epoch 2 [train]:  30%|██████▋               | 424/1407 [01:11<02:42,  6.04it/s, avg=4.09, loss=4.01]Epoch 2 [train]:  30%|██████▋               | 425/1407 [01:11<02:31,  6.47it/s, avg=4.09, loss=4.01]Epoch 2 [train]:  30%|██████▋               | 425/1407 [01:11<02:31,  6.47it/s, avg=4.09, loss=4.06]Epoch 2 [train]:  30%|██████▋               | 426/1407 [01:11<02:26,  6.69it/s, avg=4.09, loss=4.06]Epoch 2 [train]:  30%|██████▋               | 426/1407 [01:12<02:26,  6.69it/s, avg=4.09, loss=4.16]Epoch 2 [train]:  30%|██████▋               | 427/1407 [01:12<02:26,  6.67it/s, avg=4.09, loss=4.16]Epoch 2 [train]:  30%|██████▋               | 427/1407 [01:12<02:26,  6.67it/s, avg=4.09, loss=3.94]Epoch 2 [train]:  30%|██████▋               | 428/1407 [01:12<02:18,  7.08it/s, avg=4.09, loss=3.94]Epoch 2 [train]:  30%|██████▋               | 428/1407 [01:12<02:18,  7.08it/s, avg=4.09, loss=4.09]Epoch 2 [train]:  30%|██████▋               | 429/1407 [01:12<02:29,  6.53it/s, avg=4.09, loss=4.09]Epoch 2 [train]:  30%|██████▋               | 429/1407 [01:12<02:29,  6.53it/s, avg=4.09, loss=4.13]Epoch 2 [train]:  31%|██████▋               | 430/1407 [01:12<02:24,  6.74it/s, avg=4.09, loss=4.13]Epoch 2 [train]:  31%|██████▋               | 430/1407 [01:12<02:24,  6.74it/s, avg=4.09, loss=3.93]Epoch 2 [train]:  31%|██████▋               | 431/1407 [01:12<02:27,  6.60it/s, avg=4.09, loss=3.93]Epoch 2 [train]:  31%|██████▋               | 431/1407 [01:12<02:27,  6.60it/s, avg=4.09, loss=4.31]Epoch 2 [train]:  31%|██████▊               | 432/1407 [01:12<02:23,  6.81it/s, avg=4.09, loss=4.31]Epoch 2 [train]:  31%|██████▊               | 432/1407 [01:12<02:23,  6.81it/s, avg=4.09, loss=3.98]Epoch 2 [train]:  31%|██████▊               | 433/1407 [01:12<02:14,  7.23it/s, avg=4.09, loss=3.98]Epoch 2 [train]:  31%|██████▊               | 433/1407 [01:13<02:14,  7.23it/s, avg=4.09, loss=4.17]Epoch 2 [train]:  31%|██████▊               | 434/1407 [01:13<02:35,  6.27it/s, avg=4.09, loss=4.17]Epoch 2 [train]:  31%|██████▊               | 434/1407 [01:13<02:35,  6.27it/s, avg=4.09, loss=4.05]Epoch 2 [train]:  31%|██████▊               | 435/1407 [01:13<02:42,  5.99it/s, avg=4.09, loss=4.05]Epoch 2 [train]:  31%|██████▊               | 435/1407 [01:13<02:42,  5.99it/s, avg=4.09, loss=4.28]Epoch 2 [train]:  31%|██████▊               | 436/1407 [01:13<02:34,  6.27it/s, avg=4.09, loss=4.28]Epoch 2 [train]:  31%|██████▊               | 436/1407 [01:13<02:34,  6.27it/s, avg=4.09, loss=4.14]Epoch 2 [train]:  31%|██████▊               | 437/1407 [01:13<02:44,  5.91it/s, avg=4.09, loss=4.14]Epoch 2 [train]:  31%|██████▊               | 437/1407 [01:13<02:44,  5.91it/s, avg=4.09, loss=3.99]Epoch 2 [train]:  31%|██████▊               | 438/1407 [01:13<02:50,  5.70it/s, avg=4.09, loss=3.99]Epoch 2 [train]:  31%|███████▊                 | 438/1407 [01:14<02:50,  5.70it/s, avg=4.09, loss=4]Epoch 2 [train]:  31%|███████▊                 | 439/1407 [01:14<02:43,  5.93it/s, avg=4.09, loss=4]Epoch 2 [train]:  31%|██████▊               | 439/1407 [01:14<02:43,  5.93it/s, avg=4.09, loss=3.97]Epoch 2 [train]:  31%|██████▉               | 440/1407 [01:14<02:37,  6.14it/s, avg=4.09, loss=3.97]Epoch 2 [train]:  31%|███████▊                 | 440/1407 [01:14<02:37,  6.14it/s, avg=4.09, loss=4]Epoch 2 [train]:  31%|███████▊                 | 441/1407 [01:14<02:38,  6.09it/s, avg=4.09, loss=4]Epoch 2 [train]:  31%|██████▉               | 441/1407 [01:14<02:38,  6.09it/s, avg=4.09, loss=4.02]Epoch 2 [train]:  31%|██████▉               | 442/1407 [01:14<02:31,  6.35it/s, avg=4.09, loss=4.02]Epoch 2 [train]:  31%|██████▉               | 442/1407 [01:14<02:31,  6.35it/s, avg=4.09, loss=4.14]Epoch 2 [train]:  31%|██████▉               | 443/1407 [01:14<02:32,  6.31it/s, avg=4.09, loss=4.14]Epoch 2 [train]:  31%|███████▏               | 443/1407 [01:14<02:32,  6.31it/s, avg=4.09, loss=4.2]Epoch 2 [train]:  32%|███████▎               | 444/1407 [01:14<02:54,  5.53it/s, avg=4.09, loss=4.2]Epoch 2 [train]:  32%|██████▉               | 444/1407 [01:15<02:54,  5.53it/s, avg=4.09, loss=4.11]Epoch 2 [train]:  32%|██████▉               | 445/1407 [01:15<02:43,  5.89it/s, avg=4.09, loss=4.11]Epoch 2 [train]:  32%|██████▉               | 445/1407 [01:15<02:43,  5.89it/s, avg=4.09, loss=3.98]Epoch 2 [train]:  32%|██████▉               | 446/1407 [01:15<02:34,  6.20it/s, avg=4.09, loss=3.98]Epoch 2 [train]:  32%|██████▉               | 446/1407 [01:15<02:34,  6.20it/s, avg=4.09, loss=3.82]Epoch 2 [train]:  32%|██████▉               | 447/1407 [01:15<02:32,  6.31it/s, avg=4.09, loss=3.82]Epoch 2 [train]:  32%|██████▉               | 447/1407 [01:15<02:32,  6.31it/s, avg=4.09, loss=3.99]Epoch 2 [train]:  32%|███████               | 448/1407 [01:15<02:42,  5.91it/s, avg=4.09, loss=3.99]Epoch 2 [train]:  32%|███████               | 448/1407 [01:15<02:42,  5.91it/s, avg=4.09, loss=4.03]Epoch 2 [train]:  32%|███████               | 449/1407 [01:15<02:49,  5.64it/s, avg=4.09, loss=4.03]Epoch 2 [train]:  32%|███████               | 449/1407 [01:15<02:49,  5.64it/s, avg=4.09, loss=4.12]Epoch 2 [train]:  32%|███████               | 450/1407 [01:15<02:41,  5.94it/s, avg=4.09, loss=4.12]Epoch 2 [train]:  32%|███████               | 450/1407 [01:16<02:41,  5.94it/s, avg=4.09, loss=3.93]Epoch 2 [train]:  32%|███████               | 451/1407 [01:16<02:36,  6.13it/s, avg=4.09, loss=3.93]Epoch 2 [train]:  32%|███████               | 451/1407 [01:16<02:36,  6.13it/s, avg=4.09, loss=4.14]Epoch 2 [train]:  32%|███████               | 452/1407 [01:16<02:22,  6.71it/s, avg=4.09, loss=4.14]Epoch 2 [train]:  32%|███████▍               | 452/1407 [01:16<02:22,  6.71it/s, avg=4.09, loss=4.2]Epoch 2 [train]:  32%|███████▍               | 453/1407 [01:16<02:18,  6.87it/s, avg=4.09, loss=4.2]Epoch 2 [train]:  32%|███████               | 453/1407 [01:16<02:18,  6.87it/s, avg=4.09, loss=3.96]Epoch 2 [train]:  32%|███████               | 454/1407 [01:16<02:16,  6.97it/s, avg=4.09, loss=3.96]Epoch 2 [train]:  32%|███████               | 454/1407 [01:16<02:16,  6.97it/s, avg=4.09, loss=4.04]Epoch 2 [train]:  32%|███████               | 455/1407 [01:16<02:27,  6.46it/s, avg=4.09, loss=4.04]Epoch 2 [train]:  32%|███████               | 455/1407 [01:16<02:27,  6.46it/s, avg=4.08, loss=3.93]Epoch 2 [train]:  32%|███████▏              | 456/1407 [01:16<02:26,  6.51it/s, avg=4.08, loss=3.93]Epoch 2 [train]:  32%|███████▏              | 456/1407 [01:16<02:26,  6.51it/s, avg=4.09, loss=4.18]Epoch 2 [train]:  32%|███████▏              | 457/1407 [01:16<02:35,  6.11it/s, avg=4.09, loss=4.18]Epoch 2 [train]:  32%|███████▏              | 457/1407 [01:17<02:35,  6.11it/s, avg=4.08, loss=3.94]Epoch 2 [train]:  33%|███████▏              | 458/1407 [01:17<02:42,  5.86it/s, avg=4.08, loss=3.94]Epoch 2 [train]:  33%|███████▏              | 458/1407 [01:17<02:42,  5.86it/s, avg=4.08, loss=3.85]Epoch 2 [train]:  33%|███████▏              | 459/1407 [01:17<02:41,  5.88it/s, avg=4.08, loss=3.85]Epoch 2 [train]:  33%|███████▏              | 459/1407 [01:17<02:41,  5.88it/s, avg=4.08, loss=4.03]Epoch 2 [train]:  33%|███████▏              | 460/1407 [01:17<02:32,  6.20it/s, avg=4.08, loss=4.03]Epoch 2 [train]:  33%|███████▏              | 460/1407 [01:17<02:32,  6.20it/s, avg=4.08, loss=3.91]Epoch 2 [train]:  33%|███████▏              | 461/1407 [01:17<02:35,  6.08it/s, avg=4.08, loss=3.91]Epoch 2 [train]:  33%|███████▏              | 461/1407 [01:17<02:35,  6.08it/s, avg=4.08, loss=4.17]Epoch 2 [train]:  33%|███████▏              | 462/1407 [01:17<02:35,  6.06it/s, avg=4.08, loss=4.17]Epoch 2 [train]:  33%|███████▏              | 462/1407 [01:17<02:35,  6.06it/s, avg=4.08, loss=4.06]Epoch 2 [train]:  33%|███████▏              | 463/1407 [01:17<02:39,  5.94it/s, avg=4.08, loss=4.06]Epoch 2 [train]:  33%|███████▏              | 463/1407 [01:18<02:39,  5.94it/s, avg=4.08, loss=4.18]Epoch 2 [train]:  33%|███████▎              | 464/1407 [01:18<02:35,  6.07it/s, avg=4.08, loss=4.18]Epoch 2 [train]:  33%|████████▏                | 464/1407 [01:18<02:35,  6.07it/s, avg=4.08, loss=4]Epoch 2 [train]:  33%|████████▎                | 465/1407 [01:18<02:37,  5.98it/s, avg=4.08, loss=4]Epoch 2 [train]:  33%|███████▎              | 465/1407 [01:18<02:37,  5.98it/s, avg=4.08, loss=4.12]Epoch 2 [train]:  33%|███████▎              | 466/1407 [01:18<02:43,  5.77it/s, avg=4.08, loss=4.12]Epoch 2 [train]:  33%|███████▎              | 466/1407 [01:18<02:43,  5.77it/s, avg=4.08, loss=4.09]Epoch 2 [train]:  33%|███████▎              | 467/1407 [01:18<02:43,  5.76it/s, avg=4.08, loss=4.09]Epoch 2 [train]:  33%|███████▎              | 467/1407 [01:18<02:43,  5.76it/s, avg=4.08, loss=3.92]Epoch 2 [train]:  33%|███████▎              | 468/1407 [01:18<02:27,  6.37it/s, avg=4.08, loss=3.92]Epoch 2 [train]:  33%|███████▎              | 468/1407 [01:18<02:27,  6.37it/s, avg=4.08, loss=4.05]Epoch 2 [train]:  33%|███████▎              | 469/1407 [01:18<02:36,  6.00it/s, avg=4.08, loss=4.05]Epoch 2 [train]:  33%|███████▎              | 469/1407 [01:19<02:36,  6.00it/s, avg=4.08, loss=4.11]Epoch 2 [train]:  33%|███████▎              | 470/1407 [01:19<02:33,  6.10it/s, avg=4.08, loss=4.11]Epoch 2 [train]:  33%|███████▎              | 470/1407 [01:19<02:33,  6.10it/s, avg=4.08, loss=4.09]Epoch 2 [train]:  33%|███████▎              | 471/1407 [01:19<02:28,  6.32it/s, avg=4.08, loss=4.09]Epoch 2 [train]:  33%|███████▎              | 471/1407 [01:19<02:28,  6.32it/s, avg=4.08, loss=3.92]Epoch 2 [train]:  34%|███████▍              | 472/1407 [01:19<02:24,  6.46it/s, avg=4.08, loss=3.92]Epoch 2 [train]:  34%|███████▍              | 472/1407 [01:19<02:24,  6.46it/s, avg=4.08, loss=4.08]Epoch 2 [train]:  34%|███████▍              | 473/1407 [01:19<02:32,  6.12it/s, avg=4.08, loss=4.08]Epoch 2 [train]:  34%|███████▍              | 473/1407 [01:19<02:32,  6.12it/s, avg=4.08, loss=3.92]Epoch 2 [train]:  34%|███████▍              | 474/1407 [01:19<02:42,  5.76it/s, avg=4.08, loss=3.92]Epoch 2 [train]:  34%|███████▍              | 474/1407 [01:19<02:42,  5.76it/s, avg=4.08, loss=3.99]Epoch 2 [train]:  34%|███████▍              | 475/1407 [01:19<02:38,  5.90it/s, avg=4.08, loss=3.99]Epoch 2 [train]:  34%|███████▍              | 475/1407 [01:20<02:38,  5.90it/s, avg=4.08, loss=3.94]Epoch 2 [train]:  34%|███████▍              | 476/1407 [01:20<02:37,  5.93it/s, avg=4.08, loss=3.94]Epoch 2 [train]:  34%|███████▍              | 476/1407 [01:20<02:37,  5.93it/s, avg=4.08, loss=4.11]Epoch 2 [train]:  34%|███████▍              | 477/1407 [01:20<02:36,  5.94it/s, avg=4.08, loss=4.11]Epoch 2 [train]:  34%|███████▍              | 477/1407 [01:20<02:36,  5.94it/s, avg=4.08, loss=4.12]Epoch 2 [train]:  34%|███████▍              | 478/1407 [01:20<02:35,  5.98it/s, avg=4.08, loss=4.12]Epoch 2 [train]:  34%|███████▍              | 478/1407 [01:20<02:35,  5.98it/s, avg=4.08, loss=3.95]Epoch 2 [train]:  34%|███████▍              | 479/1407 [01:20<02:34,  6.02it/s, avg=4.08, loss=3.95]Epoch 2 [train]:  34%|███████▍              | 479/1407 [01:20<02:34,  6.02it/s, avg=4.08, loss=4.11]Epoch 2 [train]:  34%|███████▌              | 480/1407 [01:20<02:37,  5.89it/s, avg=4.08, loss=4.11]Epoch 2 [train]:  34%|███████▊               | 480/1407 [01:20<02:37,  5.89it/s, avg=4.08, loss=4.1]Epoch 2 [train]:  34%|███████▊               | 481/1407 [01:20<02:33,  6.05it/s, avg=4.08, loss=4.1]Epoch 2 [train]:  34%|███████▌              | 481/1407 [01:21<02:33,  6.05it/s, avg=4.08, loss=4.14]Epoch 2 [train]:  34%|███████▌              | 482/1407 [01:21<02:39,  5.80it/s, avg=4.08, loss=4.14]Epoch 2 [train]:  34%|███████▌              | 482/1407 [01:21<02:39,  5.80it/s, avg=4.08, loss=4.24]Epoch 2 [train]:  34%|███████▌              | 483/1407 [01:21<02:39,  5.78it/s, avg=4.08, loss=4.24]Epoch 2 [train]:  34%|███████▌              | 483/1407 [01:21<02:39,  5.78it/s, avg=4.08, loss=4.19]Epoch 2 [train]:  34%|███████▌              | 484/1407 [01:21<02:38,  5.83it/s, avg=4.08, loss=4.19]Epoch 2 [train]:  34%|███████▌              | 484/1407 [01:21<02:38,  5.83it/s, avg=4.08, loss=4.07]Epoch 2 [train]:  34%|███████▌              | 485/1407 [01:21<02:31,  6.09it/s, avg=4.08, loss=4.07]Epoch 2 [train]:  34%|███████▌              | 485/1407 [01:21<02:31,  6.09it/s, avg=4.08, loss=4.21]Epoch 2 [train]:  35%|███████▌              | 486/1407 [01:21<02:39,  5.77it/s, avg=4.08, loss=4.21]Epoch 2 [train]:  35%|███████▌              | 486/1407 [01:22<02:39,  5.77it/s, avg=4.08, loss=4.08]Epoch 2 [train]:  35%|███████▌              | 487/1407 [01:22<02:41,  5.69it/s, avg=4.08, loss=4.08]Epoch 2 [train]:  35%|███████▌              | 487/1407 [01:22<02:41,  5.69it/s, avg=4.08, loss=4.14]Epoch 2 [train]:  35%|███████▋              | 488/1407 [01:22<02:40,  5.72it/s, avg=4.08, loss=4.14]Epoch 2 [train]:  35%|███████▋              | 488/1407 [01:22<02:40,  5.72it/s, avg=4.08, loss=3.94]Epoch 2 [train]:  35%|███████▋              | 489/1407 [01:22<02:28,  6.17it/s, avg=4.08, loss=3.94]Epoch 2 [train]:  35%|████████▋                | 489/1407 [01:22<02:28,  6.17it/s, avg=4.08, loss=4]Epoch 2 [train]:  35%|████████▋                | 490/1407 [01:22<02:37,  5.84it/s, avg=4.08, loss=4]Epoch 2 [train]:  35%|███████▋              | 490/1407 [01:22<02:37,  5.84it/s, avg=4.08, loss=3.92]Epoch 2 [train]:  35%|███████▋              | 491/1407 [01:22<02:28,  6.15it/s, avg=4.08, loss=3.92]Epoch 2 [train]:  35%|███████▋              | 491/1407 [01:22<02:28,  6.15it/s, avg=4.08, loss=3.84]Epoch 2 [train]:  35%|███████▋              | 492/1407 [01:22<02:23,  6.39it/s, avg=4.08, loss=3.84]Epoch 2 [train]:  35%|███████▋              | 492/1407 [01:22<02:23,  6.39it/s, avg=4.08, loss=3.91]Epoch 2 [train]:  35%|███████▋              | 493/1407 [01:22<02:24,  6.33it/s, avg=4.08, loss=3.91]Epoch 2 [train]:  35%|███████▋              | 493/1407 [01:23<02:24,  6.33it/s, avg=4.08, loss=4.15]Epoch 2 [train]:  35%|███████▋              | 494/1407 [01:23<02:21,  6.45it/s, avg=4.08, loss=4.15]Epoch 2 [train]:  35%|███████▋              | 494/1407 [01:23<02:21,  6.45it/s, avg=4.08, loss=4.14]Epoch 2 [train]:  35%|███████▋              | 495/1407 [01:23<02:24,  6.31it/s, avg=4.08, loss=4.14]Epoch 2 [train]:  35%|███████▋              | 495/1407 [01:23<02:24,  6.31it/s, avg=4.08, loss=4.18]Epoch 2 [train]:  35%|███████▊              | 496/1407 [01:23<02:29,  6.10it/s, avg=4.08, loss=4.18]Epoch 2 [train]:  35%|███████▊              | 496/1407 [01:23<02:29,  6.10it/s, avg=4.08, loss=3.89]Epoch 2 [train]:  35%|███████▊              | 497/1407 [01:23<02:36,  5.81it/s, avg=4.08, loss=3.89]Epoch 2 [train]:  35%|███████▊              | 497/1407 [01:23<02:36,  5.81it/s, avg=4.08, loss=4.04]Epoch 2 [train]:  35%|███████▊              | 498/1407 [01:23<02:31,  6.00it/s, avg=4.08, loss=4.04]Epoch 2 [train]:  35%|███████▊              | 498/1407 [01:23<02:31,  6.00it/s, avg=4.08, loss=4.22]Epoch 2 [train]:  35%|███████▊              | 499/1407 [01:23<02:32,  5.97it/s, avg=4.08, loss=4.22][train] epoch=2 batch=500/1407 loss=4.1140 avg=4.0822 gpu_mem=880MB
Epoch 2 [train]:  35%|███████▊              | 499/1407 [01:24<02:32,  5.97it/s, avg=4.08, loss=4.11]Epoch 2 [train]:  36%|███████▊              | 500/1407 [01:24<02:26,  6.21it/s, avg=4.08, loss=4.11]Epoch 2 [train]:  36%|███████▊              | 500/1407 [01:24<02:26,  6.21it/s, avg=4.08, loss=4.09]Epoch 2 [train]:  36%|███████▊              | 501/1407 [01:24<02:33,  5.90it/s, avg=4.08, loss=4.09]Epoch 2 [train]:  36%|███████▊              | 501/1407 [01:24<02:33,  5.90it/s, avg=4.08, loss=4.15]Epoch 2 [train]:  36%|███████▊              | 502/1407 [01:24<02:43,  5.55it/s, avg=4.08, loss=4.15]Epoch 2 [train]:  36%|███████▊              | 502/1407 [01:24<02:43,  5.55it/s, avg=4.08, loss=3.85]Epoch 2 [train]:  36%|███████▊              | 503/1407 [01:24<02:32,  5.94it/s, avg=4.08, loss=3.85]Epoch 2 [train]:  36%|███████▊              | 503/1407 [01:24<02:32,  5.94it/s, avg=4.08, loss=4.04]Epoch 2 [train]:  36%|███████▉              | 504/1407 [01:24<02:25,  6.19it/s, avg=4.08, loss=4.04]Epoch 2 [train]:  36%|███████▉              | 504/1407 [01:24<02:25,  6.19it/s, avg=4.08, loss=4.18]Epoch 2 [train]:  36%|███████▉              | 505/1407 [01:24<02:28,  6.09it/s, avg=4.08, loss=4.18]Epoch 2 [train]:  36%|███████▉              | 505/1407 [01:25<02:28,  6.09it/s, avg=4.08, loss=4.01]Epoch 2 [train]:  36%|███████▉              | 506/1407 [01:25<02:30,  5.97it/s, avg=4.08, loss=4.01]Epoch 2 [train]:  36%|███████▉              | 506/1407 [01:25<02:30,  5.97it/s, avg=4.08, loss=4.03]Epoch 2 [train]:  36%|███████▉              | 507/1407 [01:25<02:29,  6.03it/s, avg=4.08, loss=4.03]Epoch 2 [train]:  36%|███████▉              | 507/1407 [01:25<02:29,  6.03it/s, avg=4.08, loss=3.88]Epoch 2 [train]:  36%|███████▉              | 508/1407 [01:25<02:25,  6.16it/s, avg=4.08, loss=3.88]Epoch 2 [train]:  36%|███████▉              | 508/1407 [01:25<02:25,  6.16it/s, avg=4.08, loss=3.96]Epoch 2 [train]:  36%|███████▉              | 509/1407 [01:25<02:21,  6.37it/s, avg=4.08, loss=3.96]Epoch 2 [train]:  36%|███████▉              | 509/1407 [01:25<02:21,  6.37it/s, avg=4.08, loss=4.06]Epoch 2 [train]:  36%|███████▉              | 510/1407 [01:25<02:16,  6.58it/s, avg=4.08, loss=4.06]Epoch 2 [train]:  36%|███████▉              | 510/1407 [01:25<02:16,  6.58it/s, avg=4.08, loss=4.11]Epoch 2 [train]:  36%|███████▉              | 511/1407 [01:25<02:32,  5.89it/s, avg=4.08, loss=4.11]Epoch 2 [train]:  36%|███████▉              | 511/1407 [01:26<02:32,  5.89it/s, avg=4.08, loss=4.29]Epoch 2 [train]:  36%|████████              | 512/1407 [01:26<02:24,  6.20it/s, avg=4.08, loss=4.29]Epoch 2 [train]:  36%|█████████                | 512/1407 [01:26<02:24,  6.20it/s, avg=4.08, loss=4]Epoch 2 [train]:  36%|█████████                | 513/1407 [01:26<02:17,  6.52it/s, avg=4.08, loss=4]Epoch 2 [train]:  36%|████████              | 513/1407 [01:26<02:17,  6.52it/s, avg=4.08, loss=4.05]Epoch 2 [train]:  37%|████████              | 514/1407 [01:26<02:30,  5.92it/s, avg=4.08, loss=4.05]Epoch 2 [train]:  37%|████████▍              | 514/1407 [01:26<02:30,  5.92it/s, avg=4.08, loss=4.3]Epoch 2 [train]:  37%|████████▍              | 515/1407 [01:26<02:18,  6.45it/s, avg=4.08, loss=4.3]Epoch 2 [train]:  37%|████████              | 515/1407 [01:26<02:18,  6.45it/s, avg=4.08, loss=3.95]Epoch 2 [train]:  37%|████████              | 516/1407 [01:26<02:19,  6.37it/s, avg=4.08, loss=3.95]Epoch 2 [train]:  37%|████████              | 516/1407 [01:26<02:19,  6.37it/s, avg=4.08, loss=4.16]Epoch 2 [train]:  37%|████████              | 517/1407 [01:26<02:14,  6.64it/s, avg=4.08, loss=4.16]Epoch 2 [train]:  37%|████████              | 517/1407 [01:27<02:14,  6.64it/s, avg=4.08, loss=4.16]Epoch 2 [train]:  37%|████████              | 518/1407 [01:27<02:18,  6.41it/s, avg=4.08, loss=4.16]Epoch 2 [train]:  37%|████████              | 518/1407 [01:27<02:18,  6.41it/s, avg=4.08, loss=4.08]Epoch 2 [train]:  37%|████████              | 519/1407 [01:27<02:28,  5.97it/s, avg=4.08, loss=4.08]Epoch 2 [train]:  37%|████████              | 519/1407 [01:27<02:28,  5.97it/s, avg=4.08, loss=4.07]Epoch 2 [train]:  37%|████████▏             | 520/1407 [01:27<02:19,  6.36it/s, avg=4.08, loss=4.07]Epoch 2 [train]:  37%|████████▏             | 520/1407 [01:27<02:19,  6.36it/s, avg=4.08, loss=3.99]Epoch 2 [train]:  37%|████████▏             | 521/1407 [01:27<02:24,  6.11it/s, avg=4.08, loss=3.99]Epoch 2 [train]:  37%|████████▏             | 521/1407 [01:27<02:24,  6.11it/s, avg=4.08, loss=3.97]Epoch 2 [train]:  37%|████████▏             | 522/1407 [01:27<02:27,  6.00it/s, avg=4.08, loss=3.97]Epoch 2 [train]:  37%|████████▏             | 522/1407 [01:27<02:27,  6.00it/s, avg=4.08, loss=3.94]Epoch 2 [train]:  37%|████████▏             | 523/1407 [01:27<02:43,  5.40it/s, avg=4.08, loss=3.94]Epoch 2 [train]:  37%|████████▌              | 523/1407 [01:28<02:43,  5.40it/s, avg=4.08, loss=3.9]Epoch 2 [train]:  37%|████████▌              | 524/1407 [01:28<02:42,  5.43it/s, avg=4.08, loss=3.9]Epoch 2 [train]:  37%|████████▏             | 524/1407 [01:28<02:42,  5.43it/s, avg=4.08, loss=3.98]Epoch 2 [train]:  37%|████████▏             | 525/1407 [01:28<02:43,  5.40it/s, avg=4.08, loss=3.98]Epoch 2 [train]:  37%|████████▏             | 525/1407 [01:28<02:43,  5.40it/s, avg=4.08, loss=3.85]Epoch 2 [train]:  37%|████████▏             | 526/1407 [01:28<02:29,  5.90it/s, avg=4.08, loss=3.85]Epoch 2 [train]:  37%|████████▏             | 526/1407 [01:28<02:29,  5.90it/s, avg=4.08, loss=4.26]Epoch 2 [train]:  37%|████████▏             | 527/1407 [01:28<02:34,  5.69it/s, avg=4.08, loss=4.26]Epoch 2 [train]:  37%|████████▏             | 527/1407 [01:28<02:34,  5.69it/s, avg=4.08, loss=4.02]Epoch 2 [train]:  38%|████████▎             | 528/1407 [01:28<02:39,  5.51it/s, avg=4.08, loss=4.02]Epoch 2 [train]:  38%|████████▎             | 528/1407 [01:28<02:39,  5.51it/s, avg=4.08, loss=4.25]Epoch 2 [train]:  38%|████████▎             | 529/1407 [01:28<02:35,  5.64it/s, avg=4.08, loss=4.25]Epoch 2 [train]:  38%|████████▎             | 529/1407 [01:29<02:35,  5.64it/s, avg=4.08, loss=4.07]Epoch 2 [train]:  38%|████████▎             | 530/1407 [01:29<02:27,  5.95it/s, avg=4.08, loss=4.07]Epoch 2 [train]:  38%|████████▋              | 530/1407 [01:29<02:27,  5.95it/s, avg=4.08, loss=4.1]Epoch 2 [train]:  38%|████████▋              | 531/1407 [01:29<02:36,  5.59it/s, avg=4.08, loss=4.1]Epoch 2 [train]:  38%|████████▎             | 531/1407 [01:29<02:36,  5.59it/s, avg=4.08, loss=4.06]Epoch 2 [train]:  38%|████████▎             | 532/1407 [01:29<02:32,  5.75it/s, avg=4.08, loss=4.06]Epoch 2 [train]:  38%|█████████▍               | 532/1407 [01:29<02:32,  5.75it/s, avg=4.08, loss=4]Epoch 2 [train]:  38%|█████████▍               | 533/1407 [01:29<02:34,  5.64it/s, avg=4.08, loss=4]Epoch 2 [train]:  38%|████████▎             | 533/1407 [01:29<02:34,  5.64it/s, avg=4.08, loss=3.94]Epoch 2 [train]:  38%|████████▎             | 534/1407 [01:29<02:22,  6.13it/s, avg=4.08, loss=3.94]Epoch 2 [train]:  38%|████████▎             | 534/1407 [01:29<02:22,  6.13it/s, avg=4.08, loss=4.23]Epoch 2 [train]:  38%|████████▎             | 535/1407 [01:29<02:24,  6.05it/s, avg=4.08, loss=4.23]Epoch 2 [train]:  38%|████████▋              | 535/1407 [01:30<02:24,  6.05it/s, avg=4.08, loss=3.9]Epoch 2 [train]:  38%|████████▊              | 536/1407 [01:30<02:33,  5.69it/s, avg=4.08, loss=3.9]Epoch 2 [train]:  38%|████████▍             | 536/1407 [01:30<02:33,  5.69it/s, avg=4.08, loss=3.85]Epoch 2 [train]:  38%|████████▍             | 537/1407 [01:30<02:29,  5.83it/s, avg=4.08, loss=3.85]Epoch 2 [train]:  38%|████████▍             | 537/1407 [01:30<02:29,  5.83it/s, avg=4.08, loss=4.06]Epoch 2 [train]:  38%|████████▍             | 538/1407 [01:30<02:27,  5.90it/s, avg=4.08, loss=4.06]Epoch 2 [train]:  38%|████████▍             | 538/1407 [01:30<02:27,  5.90it/s, avg=4.08, loss=4.16]Epoch 2 [train]:  38%|████████▍             | 539/1407 [01:30<02:17,  6.30it/s, avg=4.08, loss=4.16]Epoch 2 [train]:  38%|████████▍             | 539/1407 [01:30<02:17,  6.30it/s, avg=4.08, loss=3.96]Epoch 2 [train]:  38%|████████▍             | 540/1407 [01:30<02:13,  6.50it/s, avg=4.08, loss=3.96]Epoch 2 [train]:  38%|████████▍             | 540/1407 [01:30<02:13,  6.50it/s, avg=4.08, loss=3.98]Epoch 2 [train]:  38%|████████▍             | 541/1407 [01:30<02:29,  5.81it/s, avg=4.08, loss=3.98]Epoch 2 [train]:  38%|█████████▌               | 541/1407 [01:31<02:29,  5.81it/s, avg=4.08, loss=4]Epoch 2 [train]:  39%|█████████▋               | 542/1407 [01:31<02:21,  6.12it/s, avg=4.08, loss=4]Epoch 2 [train]:  39%|█████████▋               | 542/1407 [01:31<02:21,  6.12it/s, avg=4.08, loss=4]Epoch 2 [train]:  39%|█████████▋               | 543/1407 [01:31<02:29,  5.77it/s, avg=4.08, loss=4]Epoch 2 [train]:  39%|████████▍             | 543/1407 [01:31<02:29,  5.77it/s, avg=4.08, loss=4.08]Epoch 2 [train]:  39%|████████▌             | 544/1407 [01:31<02:24,  5.98it/s, avg=4.08, loss=4.08]Epoch 2 [train]:  39%|████████▌             | 544/1407 [01:31<02:24,  5.98it/s, avg=4.08, loss=4.13]Epoch 2 [train]:  39%|████████▌             | 545/1407 [01:31<02:36,  5.49it/s, avg=4.08, loss=4.13]Epoch 2 [train]:  39%|████████▌             | 545/1407 [01:31<02:36,  5.49it/s, avg=4.08, loss=4.18]Epoch 2 [train]:  39%|████████▌             | 546/1407 [01:31<02:32,  5.64it/s, avg=4.08, loss=4.18]Epoch 2 [train]:  39%|█████████▋               | 546/1407 [01:31<02:32,  5.64it/s, avg=4.08, loss=4]Epoch 2 [train]:  39%|█████████▋               | 547/1407 [01:31<02:21,  6.09it/s, avg=4.08, loss=4]Epoch 2 [train]:  39%|████████▌             | 547/1407 [01:32<02:21,  6.09it/s, avg=4.08, loss=4.22]Epoch 2 [train]:  39%|████████▌             | 548/1407 [01:32<02:36,  5.49it/s, avg=4.08, loss=4.22]Epoch 2 [train]:  39%|████████▌             | 548/1407 [01:32<02:36,  5.49it/s, avg=4.08, loss=4.07]Epoch 2 [train]:  39%|████████▌             | 549/1407 [01:32<02:29,  5.72it/s, avg=4.08, loss=4.07]Epoch 2 [train]:  39%|████████▌             | 549/1407 [01:32<02:29,  5.72it/s, avg=4.08, loss=3.85]Epoch 2 [train]:  39%|████████▌             | 550/1407 [01:32<02:21,  6.07it/s, avg=4.08, loss=3.85]Epoch 2 [train]:  39%|████████▌             | 550/1407 [01:32<02:21,  6.07it/s, avg=4.08, loss=4.17]Epoch 2 [train]:  39%|████████▌             | 551/1407 [01:32<02:37,  5.42it/s, avg=4.08, loss=4.17]Epoch 2 [train]:  39%|████████▌             | 551/1407 [01:32<02:37,  5.42it/s, avg=4.08, loss=3.93]Epoch 2 [train]:  39%|████████▋             | 552/1407 [01:32<02:32,  5.61it/s, avg=4.08, loss=3.93]Epoch 2 [train]:  39%|████████▋             | 552/1407 [01:33<02:32,  5.61it/s, avg=4.08, loss=3.82]Epoch 2 [train]:  39%|████████▋             | 553/1407 [01:33<02:31,  5.64it/s, avg=4.08, loss=3.82]Epoch 2 [train]:  39%|█████████              | 553/1407 [01:33<02:31,  5.64it/s, avg=4.08, loss=4.2]Epoch 2 [train]:  39%|█████████              | 554/1407 [01:33<02:35,  5.50it/s, avg=4.08, loss=4.2]Epoch 2 [train]:  39%|████████▋             | 554/1407 [01:33<02:35,  5.50it/s, avg=4.08, loss=4.01]Epoch 2 [train]:  39%|████████▋             | 555/1407 [01:33<02:23,  5.94it/s, avg=4.08, loss=4.01]Epoch 2 [train]:  39%|████████▋             | 555/1407 [01:33<02:23,  5.94it/s, avg=4.08, loss=4.14]Epoch 2 [train]:  40%|████████▋             | 556/1407 [01:33<02:20,  6.04it/s, avg=4.08, loss=4.14]Epoch 2 [train]:  40%|████████▋             | 556/1407 [01:33<02:20,  6.04it/s, avg=4.08, loss=4.15]Epoch 2 [train]:  40%|████████▋             | 557/1407 [01:33<02:17,  6.18it/s, avg=4.08, loss=4.15]Epoch 2 [train]:  40%|████████▋             | 557/1407 [01:33<02:17,  6.18it/s, avg=4.08, loss=3.98]Epoch 2 [train]:  40%|████████▋             | 558/1407 [01:33<02:09,  6.56it/s, avg=4.08, loss=3.98]Epoch 2 [train]:  40%|████████▋             | 558/1407 [01:34<02:09,  6.56it/s, avg=4.08, loss=4.07]Epoch 2 [train]:  40%|████████▋             | 559/1407 [01:34<02:10,  6.52it/s, avg=4.08, loss=4.07]Epoch 2 [train]:  40%|████████▋             | 559/1407 [01:34<02:10,  6.52it/s, avg=4.08, loss=4.08]Epoch 2 [train]:  40%|████████▊             | 560/1407 [01:34<02:02,  6.91it/s, avg=4.08, loss=4.08]Epoch 2 [train]:  40%|████████▊             | 560/1407 [01:34<02:02,  6.91it/s, avg=4.08, loss=4.14]Epoch 2 [train]:  40%|████████▊             | 561/1407 [01:34<02:11,  6.42it/s, avg=4.08, loss=4.14]Epoch 2 [train]:  40%|████████▊             | 561/1407 [01:34<02:11,  6.42it/s, avg=4.08, loss=3.95]Epoch 2 [train]:  40%|████████▊             | 562/1407 [01:34<02:09,  6.53it/s, avg=4.08, loss=3.95]Epoch 2 [train]:  40%|████████▊             | 562/1407 [01:34<02:09,  6.53it/s, avg=4.08, loss=4.08]Epoch 2 [train]:  40%|████████▊             | 563/1407 [01:34<02:17,  6.13it/s, avg=4.08, loss=4.08]Epoch 2 [train]:  40%|████████▊             | 563/1407 [01:34<02:17,  6.13it/s, avg=4.08, loss=3.98]Epoch 2 [train]:  40%|████████▊             | 564/1407 [01:34<02:26,  5.74it/s, avg=4.08, loss=3.98]Epoch 2 [train]:  40%|████████▊             | 564/1407 [01:35<02:26,  5.74it/s, avg=4.08, loss=4.05]Epoch 2 [train]:  40%|████████▊             | 565/1407 [01:35<02:28,  5.67it/s, avg=4.08, loss=4.05]Epoch 2 [train]:  40%|████████▊             | 565/1407 [01:35<02:28,  5.67it/s, avg=4.08, loss=4.04]Epoch 2 [train]:  40%|████████▊             | 566/1407 [01:35<02:22,  5.90it/s, avg=4.08, loss=4.04]Epoch 2 [train]:  40%|████████▊             | 566/1407 [01:35<02:22,  5.90it/s, avg=4.08, loss=4.11]Epoch 2 [train]:  40%|████████▊             | 567/1407 [01:35<02:19,  6.03it/s, avg=4.08, loss=4.11]Epoch 2 [train]:  40%|████████▊             | 567/1407 [01:35<02:19,  6.03it/s, avg=4.08, loss=4.08]Epoch 2 [train]:  40%|████████▉             | 568/1407 [01:35<02:12,  6.35it/s, avg=4.08, loss=4.08]Epoch 2 [train]:  40%|████████▉             | 568/1407 [01:35<02:12,  6.35it/s, avg=4.08, loss=3.79]Epoch 2 [train]:  40%|████████▉             | 569/1407 [01:35<02:19,  6.03it/s, avg=4.08, loss=3.79]Epoch 2 [train]:  40%|█████████▎             | 569/1407 [01:35<02:19,  6.03it/s, avg=4.08, loss=4.2]Epoch 2 [train]:  41%|█████████▎             | 570/1407 [01:35<02:14,  6.24it/s, avg=4.08, loss=4.2]Epoch 2 [train]:  41%|████████▉             | 570/1407 [01:36<02:14,  6.24it/s, avg=4.08, loss=4.07]Epoch 2 [train]:  41%|████████▉             | 571/1407 [01:36<02:27,  5.69it/s, avg=4.08, loss=4.07]Epoch 2 [train]:  41%|████████▉             | 571/1407 [01:36<02:27,  5.69it/s, avg=4.08, loss=3.78]Epoch 2 [train]:  41%|████████▉             | 572/1407 [01:36<02:26,  5.70it/s, avg=4.08, loss=3.78]Epoch 2 [train]:  41%|████████▉             | 572/1407 [01:36<02:26,  5.70it/s, avg=4.08, loss=4.13]Epoch 2 [train]:  41%|████████▉             | 573/1407 [01:36<02:25,  5.72it/s, avg=4.08, loss=4.13]Epoch 2 [train]:  41%|██████████▏              | 573/1407 [01:36<02:25,  5.72it/s, avg=4.08, loss=4]Epoch 2 [train]:  41%|██████████▏              | 574/1407 [01:36<02:29,  5.58it/s, avg=4.08, loss=4]Epoch 2 [train]:  41%|████████▉             | 574/1407 [01:36<02:29,  5.58it/s, avg=4.08, loss=3.96]Epoch 2 [train]:  41%|████████▉             | 575/1407 [01:36<02:22,  5.83it/s, avg=4.08, loss=3.96]Epoch 2 [train]:  41%|████████▉             | 575/1407 [01:36<02:22,  5.83it/s, avg=4.08, loss=3.89]Epoch 2 [train]:  41%|█████████             | 576/1407 [01:36<02:25,  5.73it/s, avg=4.08, loss=3.89]Epoch 2 [train]:  41%|█████████▍             | 576/1407 [01:37<02:25,  5.73it/s, avg=4.08, loss=3.9]Epoch 2 [train]:  41%|█████████▍             | 577/1407 [01:37<02:18,  5.98it/s, avg=4.08, loss=3.9]Epoch 2 [train]:  41%|█████████             | 577/1407 [01:37<02:18,  5.98it/s, avg=4.08, loss=4.06]Epoch 2 [train]:  41%|█████████             | 578/1407 [01:37<02:20,  5.89it/s, avg=4.08, loss=4.06]Epoch 2 [train]:  41%|█████████             | 578/1407 [01:37<02:20,  5.89it/s, avg=4.08, loss=4.12]Epoch 2 [train]:  41%|█████████             | 579/1407 [01:37<02:08,  6.44it/s, avg=4.08, loss=4.12]Epoch 2 [train]:  41%|█████████             | 579/1407 [01:37<02:08,  6.44it/s, avg=4.08, loss=4.02]Epoch 2 [train]:  41%|█████████             | 580/1407 [01:37<02:08,  6.44it/s, avg=4.08, loss=4.02]Epoch 2 [train]:  41%|█████████             | 580/1407 [01:37<02:08,  6.44it/s, avg=4.08, loss=4.06]Epoch 2 [train]:  41%|█████████             | 581/1407 [01:37<02:27,  5.59it/s, avg=4.08, loss=4.06]Epoch 2 [train]:  41%|█████████             | 581/1407 [01:37<02:27,  5.59it/s, avg=4.08, loss=3.98]Epoch 2 [train]:  41%|█████████             | 582/1407 [01:37<02:20,  5.88it/s, avg=4.08, loss=3.98]Epoch 2 [train]:  41%|█████████             | 582/1407 [01:38<02:20,  5.88it/s, avg=4.08, loss=4.05]Epoch 2 [train]:  41%|█████████             | 583/1407 [01:38<02:22,  5.77it/s, avg=4.08, loss=4.05]Epoch 2 [train]:  41%|█████████             | 583/1407 [01:38<02:22,  5.77it/s, avg=4.08, loss=4.02]Epoch 2 [train]:  42%|█████████▏            | 584/1407 [01:38<02:23,  5.75it/s, avg=4.08, loss=4.02]Epoch 2 [train]:  42%|█████████▏            | 584/1407 [01:38<02:23,  5.75it/s, avg=4.08, loss=4.03]Epoch 2 [train]:  42%|█████████▏            | 585/1407 [01:38<02:18,  5.95it/s, avg=4.08, loss=4.03]Epoch 2 [train]:  42%|█████████▏            | 585/1407 [01:38<02:18,  5.95it/s, avg=4.08, loss=3.96]Epoch 2 [train]:  42%|█████████▏            | 586/1407 [01:38<02:27,  5.58it/s, avg=4.08, loss=3.96]Epoch 2 [train]:  42%|█████████▏            | 586/1407 [01:38<02:27,  5.58it/s, avg=4.08, loss=4.17]Epoch 2 [train]:  42%|█████████▏            | 587/1407 [01:38<02:27,  5.58it/s, avg=4.08, loss=4.17]Epoch 2 [train]:  42%|█████████▏            | 587/1407 [01:38<02:27,  5.58it/s, avg=4.08, loss=4.07]Epoch 2 [train]:  42%|█████████▏            | 588/1407 [01:38<02:22,  5.73it/s, avg=4.08, loss=4.07]Epoch 2 [train]:  42%|█████████▏            | 588/1407 [01:39<02:22,  5.73it/s, avg=4.08, loss=4.07]Epoch 2 [train]:  42%|█████████▏            | 589/1407 [01:39<02:17,  5.95it/s, avg=4.08, loss=4.07]Epoch 2 [train]:  42%|█████████▏            | 589/1407 [01:39<02:17,  5.95it/s, avg=4.08, loss=4.28]Epoch 2 [train]:  42%|█████████▏            | 590/1407 [01:39<02:13,  6.11it/s, avg=4.08, loss=4.28]Epoch 2 [train]:  42%|██████████▍              | 590/1407 [01:39<02:13,  6.11it/s, avg=4.08, loss=4]Epoch 2 [train]:  42%|██████████▌              | 591/1407 [01:39<02:20,  5.83it/s, avg=4.08, loss=4]Epoch 2 [train]:  42%|█████████▏            | 591/1407 [01:39<02:20,  5.83it/s, avg=4.08, loss=3.83]Epoch 2 [train]:  42%|█████████▎            | 592/1407 [01:39<02:23,  5.69it/s, avg=4.08, loss=3.83]Epoch 2 [train]:  42%|█████████▎            | 592/1407 [01:39<02:23,  5.69it/s, avg=4.08, loss=4.03]Epoch 2 [train]:  42%|█████████▎            | 593/1407 [01:39<02:12,  6.17it/s, avg=4.08, loss=4.03]Epoch 2 [train]:  42%|█████████▎            | 593/1407 [01:39<02:12,  6.17it/s, avg=4.08, loss=4.03]Epoch 2 [train]:  42%|█████████▎            | 594/1407 [01:39<02:10,  6.21it/s, avg=4.08, loss=4.03]Epoch 2 [train]:  42%|█████████▎            | 594/1407 [01:40<02:10,  6.21it/s, avg=4.08, loss=3.89]Epoch 2 [train]:  42%|█████████▎            | 595/1407 [01:40<02:12,  6.11it/s, avg=4.08, loss=3.89]Epoch 2 [train]:  42%|█████████▎            | 595/1407 [01:40<02:12,  6.11it/s, avg=4.08, loss=4.05]Epoch 2 [train]:  42%|█████████▎            | 596/1407 [01:40<02:25,  5.57it/s, avg=4.08, loss=4.05]Epoch 2 [train]:  42%|█████████▎            | 596/1407 [01:40<02:25,  5.57it/s, avg=4.08, loss=3.91]Epoch 2 [train]:  42%|█████████▎            | 597/1407 [01:40<02:14,  6.03it/s, avg=4.08, loss=3.91]Epoch 2 [train]:  42%|█████████▎            | 597/1407 [01:40<02:14,  6.03it/s, avg=4.07, loss=3.85]Epoch 2 [train]:  43%|█████████▎            | 598/1407 [01:40<02:09,  6.26it/s, avg=4.07, loss=3.85]Epoch 2 [train]:  43%|█████████▎            | 598/1407 [01:40<02:09,  6.26it/s, avg=4.07, loss=4.09]Epoch 2 [train]:  43%|█████████▎            | 599/1407 [01:40<02:10,  6.18it/s, avg=4.07, loss=4.09][train] epoch=2 batch=600/1407 loss=4.3191 avg=4.0752 gpu_mem=965MB
Epoch 2 [train]:  43%|█████████▎            | 599/1407 [01:40<02:10,  6.18it/s, avg=4.08, loss=4.32]Epoch 2 [train]:  43%|█████████▍            | 600/1407 [01:40<02:16,  5.93it/s, avg=4.08, loss=4.32]Epoch 2 [train]:  43%|█████████▍            | 600/1407 [01:41<02:16,  5.93it/s, avg=4.08, loss=3.98]Epoch 2 [train]:  43%|█████████▍            | 601/1407 [01:41<02:18,  5.83it/s, avg=4.08, loss=3.98]Epoch 2 [train]:  43%|█████████▍            | 601/1407 [01:41<02:18,  5.83it/s, avg=4.07, loss=4.04]Epoch 2 [train]:  43%|█████████▍            | 602/1407 [01:41<02:32,  5.28it/s, avg=4.07, loss=4.04]Epoch 2 [train]:  43%|█████████▊             | 602/1407 [01:41<02:32,  5.28it/s, avg=4.08, loss=4.1]Epoch 2 [train]:  43%|█████████▊             | 603/1407 [01:41<02:37,  5.12it/s, avg=4.08, loss=4.1]Epoch 2 [train]:  43%|█████████▍            | 603/1407 [01:41<02:37,  5.12it/s, avg=4.07, loss=3.92]Epoch 2 [train]:  43%|█████████▍            | 604/1407 [01:41<02:35,  5.18it/s, avg=4.07, loss=3.92]Epoch 2 [train]:  43%|█████████▍            | 604/1407 [01:41<02:35,  5.18it/s, avg=4.07, loss=4.17]Epoch 2 [train]:  43%|█████████▍            | 605/1407 [01:41<02:30,  5.33it/s, avg=4.07, loss=4.17]Epoch 2 [train]:  43%|█████████▍            | 605/1407 [01:42<02:30,  5.33it/s, avg=4.07, loss=3.99]Epoch 2 [train]:  43%|█████████▍            | 606/1407 [01:42<02:26,  5.45it/s, avg=4.07, loss=3.99]Epoch 2 [train]:  43%|█████████▍            | 606/1407 [01:42<02:26,  5.45it/s, avg=4.07, loss=3.98]Epoch 2 [train]:  43%|█████████▍            | 607/1407 [01:42<02:23,  5.57it/s, avg=4.07, loss=3.98]Epoch 2 [train]:  43%|█████████▍            | 607/1407 [01:42<02:23,  5.57it/s, avg=4.07, loss=3.97]Epoch 2 [train]:  43%|█████████▌            | 608/1407 [01:42<02:33,  5.21it/s, avg=4.07, loss=3.97]Epoch 2 [train]:  43%|█████████▌            | 608/1407 [01:42<02:33,  5.21it/s, avg=4.07, loss=4.17]Epoch 2 [train]:  43%|█████████▌            | 609/1407 [01:42<02:30,  5.32it/s, avg=4.07, loss=4.17]Epoch 2 [train]:  43%|█████████▌            | 609/1407 [01:42<02:30,  5.32it/s, avg=4.07, loss=3.97]Epoch 2 [train]:  43%|█████████▌            | 610/1407 [01:42<02:27,  5.41it/s, avg=4.07, loss=3.97]Epoch 2 [train]:  43%|█████████▉             | 610/1407 [01:43<02:27,  5.41it/s, avg=4.07, loss=4.1]Epoch 2 [train]:  43%|█████████▉             | 611/1407 [01:43<02:24,  5.49it/s, avg=4.07, loss=4.1]Epoch 2 [train]:  43%|█████████▌            | 611/1407 [01:43<02:24,  5.49it/s, avg=4.07, loss=3.89]Epoch 2 [train]:  43%|█████████▌            | 612/1407 [01:43<02:26,  5.41it/s, avg=4.07, loss=3.89]Epoch 2 [train]:  43%|█████████▌            | 612/1407 [01:43<02:26,  5.41it/s, avg=4.07, loss=4.03]Epoch 2 [train]:  44%|█████████▌            | 613/1407 [01:43<02:12,  5.98it/s, avg=4.07, loss=4.03]Epoch 2 [train]:  44%|█████████▌            | 613/1407 [01:43<02:12,  5.98it/s, avg=4.07, loss=4.15]Epoch 2 [train]:  44%|█████████▌            | 614/1407 [01:43<02:07,  6.20it/s, avg=4.07, loss=4.15]Epoch 2 [train]:  44%|█████████▌            | 614/1407 [01:43<02:07,  6.20it/s, avg=4.07, loss=3.94]Epoch 2 [train]:  44%|█████████▌            | 615/1407 [01:43<02:22,  5.56it/s, avg=4.07, loss=3.94]Epoch 2 [train]:  44%|█████████▌            | 615/1407 [01:43<02:22,  5.56it/s, avg=4.07, loss=4.08]Epoch 2 [train]:  44%|█████████▋            | 616/1407 [01:43<02:16,  5.79it/s, avg=4.07, loss=4.08]Epoch 2 [train]:  44%|█████████▋            | 616/1407 [01:43<02:16,  5.79it/s, avg=4.07, loss=4.07]Epoch 2 [train]:  44%|█████████▋            | 617/1407 [01:43<02:08,  6.15it/s, avg=4.07, loss=4.07]Epoch 2 [train]:  44%|█████████▋            | 617/1407 [01:44<02:08,  6.15it/s, avg=4.07, loss=4.22]Epoch 2 [train]:  44%|█████████▋            | 618/1407 [01:44<02:18,  5.69it/s, avg=4.07, loss=4.22]Epoch 2 [train]:  44%|█████████▋            | 618/1407 [01:44<02:18,  5.69it/s, avg=4.07, loss=4.06]Epoch 2 [train]:  44%|█████████▋            | 619/1407 [01:44<02:10,  6.02it/s, avg=4.07, loss=4.06]Epoch 2 [train]:  44%|█████████▋            | 619/1407 [01:44<02:10,  6.02it/s, avg=4.07, loss=4.07]Epoch 2 [train]:  44%|█████████▋            | 620/1407 [01:44<02:06,  6.22it/s, avg=4.07, loss=4.07]Epoch 2 [train]:  44%|█████████▋            | 620/1407 [01:44<02:06,  6.22it/s, avg=4.07, loss=4.01]Epoch 2 [train]:  44%|█████████▋            | 621/1407 [01:44<02:16,  5.77it/s, avg=4.07, loss=4.01]Epoch 2 [train]:  44%|█████████▋            | 621/1407 [01:44<02:16,  5.77it/s, avg=4.07, loss=4.02]Epoch 2 [train]:  44%|█████████▋            | 622/1407 [01:44<02:18,  5.65it/s, avg=4.07, loss=4.02]Epoch 2 [train]:  44%|█████████▋            | 622/1407 [01:45<02:18,  5.65it/s, avg=4.07, loss=4.13]Epoch 2 [train]:  44%|█████████▋            | 623/1407 [01:45<02:25,  5.38it/s, avg=4.07, loss=4.13]Epoch 2 [train]:  44%|███████████              | 623/1407 [01:45<02:25,  5.38it/s, avg=4.07, loss=4]Epoch 2 [train]:  44%|███████████              | 624/1407 [01:45<02:15,  5.79it/s, avg=4.07, loss=4]Epoch 2 [train]:  44%|█████████▊            | 624/1407 [01:45<02:15,  5.79it/s, avg=4.07, loss=4.14]Epoch 2 [train]:  44%|█████████▊            | 625/1407 [01:45<02:22,  5.50it/s, avg=4.07, loss=4.14]Epoch 2 [train]:  44%|█████████▊            | 625/1407 [01:45<02:22,  5.50it/s, avg=4.07, loss=4.25]Epoch 2 [train]:  44%|█████████▊            | 626/1407 [01:45<02:16,  5.71it/s, avg=4.07, loss=4.25]Epoch 2 [train]:  44%|█████████▊            | 626/1407 [01:45<02:16,  5.71it/s, avg=4.07, loss=4.01]Epoch 2 [train]:  45%|█████████▊            | 627/1407 [01:45<02:07,  6.13it/s, avg=4.07, loss=4.01]Epoch 2 [train]:  45%|█████████▊            | 627/1407 [01:45<02:07,  6.13it/s, avg=4.07, loss=4.14]Epoch 2 [train]:  45%|█████████▊            | 628/1407 [01:45<02:11,  5.93it/s, avg=4.07, loss=4.14]Epoch 2 [train]:  45%|█████████▊            | 628/1407 [01:46<02:11,  5.93it/s, avg=4.07, loss=3.99]Epoch 2 [train]:  45%|█████████▊            | 629/1407 [01:46<02:26,  5.31it/s, avg=4.07, loss=3.99]Epoch 2 [train]:  45%|█████████▊            | 629/1407 [01:46<02:26,  5.31it/s, avg=4.07, loss=4.03]Epoch 2 [train]:  45%|█████████▊            | 630/1407 [01:46<02:23,  5.43it/s, avg=4.07, loss=4.03]Epoch 2 [train]:  45%|█████████▊            | 630/1407 [01:46<02:23,  5.43it/s, avg=4.07, loss=4.12]Epoch 2 [train]:  45%|█████████▊            | 631/1407 [01:46<02:15,  5.74it/s, avg=4.07, loss=4.12]Epoch 2 [train]:  45%|█████████▊            | 631/1407 [01:46<02:15,  5.74it/s, avg=4.07, loss=4.09]Epoch 2 [train]:  45%|█████████▉            | 632/1407 [01:46<02:13,  5.80it/s, avg=4.07, loss=4.09]Epoch 2 [train]:  45%|█████████▉            | 632/1407 [01:46<02:13,  5.80it/s, avg=4.07, loss=4.05]Epoch 2 [train]:  45%|█████████▉            | 633/1407 [01:46<02:19,  5.55it/s, avg=4.07, loss=4.05]Epoch 2 [train]:  45%|█████████▉            | 633/1407 [01:46<02:19,  5.55it/s, avg=4.07, loss=3.77]Epoch 2 [train]:  45%|█████████▉            | 634/1407 [01:46<02:07,  6.05it/s, avg=4.07, loss=3.77]Epoch 2 [train]:  45%|█████████▉            | 634/1407 [01:47<02:07,  6.05it/s, avg=4.07, loss=4.09]Epoch 2 [train]:  45%|█████████▉            | 635/1407 [01:47<02:03,  6.26it/s, avg=4.07, loss=4.09]Epoch 2 [train]:  45%|█████████▉            | 635/1407 [01:47<02:03,  6.26it/s, avg=4.07, loss=4.09]Epoch 2 [train]:  45%|█████████▉            | 636/1407 [01:47<02:05,  6.16it/s, avg=4.07, loss=4.09]Epoch 2 [train]:  45%|██████████▍            | 636/1407 [01:47<02:05,  6.16it/s, avg=4.07, loss=4.1]Epoch 2 [train]:  45%|██████████▍            | 637/1407 [01:47<02:11,  5.85it/s, avg=4.07, loss=4.1]Epoch 2 [train]:  45%|█████████▉            | 637/1407 [01:47<02:11,  5.85it/s, avg=4.07, loss=3.91]Epoch 2 [train]:  45%|█████████▉            | 638/1407 [01:47<02:12,  5.82it/s, avg=4.07, loss=3.91]Epoch 2 [train]:  45%|█████████▉            | 638/1407 [01:47<02:12,  5.82it/s, avg=4.07, loss=3.92]Epoch 2 [train]:  45%|█████████▉            | 639/1407 [01:47<02:26,  5.25it/s, avg=4.07, loss=3.92]Epoch 2 [train]:  45%|█████████▉            | 639/1407 [01:48<02:26,  5.25it/s, avg=4.07, loss=4.04]Epoch 2 [train]:  45%|██████████            | 640/1407 [01:48<02:31,  5.06it/s, avg=4.07, loss=4.04]Epoch 2 [train]:  45%|██████████            | 640/1407 [01:48<02:31,  5.06it/s, avg=4.07, loss=3.99]Epoch 2 [train]:  46%|██████████            | 641/1407 [01:48<02:28,  5.15it/s, avg=4.07, loss=3.99]Epoch 2 [train]:  46%|██████████            | 641/1407 [01:48<02:28,  5.15it/s, avg=4.07, loss=4.05]Epoch 2 [train]:  46%|██████████            | 642/1407 [01:48<02:29,  5.10it/s, avg=4.07, loss=4.05]Epoch 2 [train]:  46%|███████████▍             | 642/1407 [01:48<02:29,  5.10it/s, avg=4.07, loss=4]Epoch 2 [train]:  46%|███████████▍             | 643/1407 [01:48<02:25,  5.25it/s, avg=4.07, loss=4]Epoch 2 [train]:  46%|██████████            | 643/1407 [01:48<02:25,  5.25it/s, avg=4.07, loss=4.06]Epoch 2 [train]:  46%|██████████            | 644/1407 [01:48<02:17,  5.55it/s, avg=4.07, loss=4.06]Epoch 2 [train]:  46%|██████████            | 644/1407 [01:48<02:17,  5.55it/s, avg=4.07, loss=4.14]Epoch 2 [train]:  46%|██████████            | 645/1407 [01:48<02:16,  5.59it/s, avg=4.07, loss=4.14]Epoch 2 [train]:  46%|██████████            | 645/1407 [01:49<02:16,  5.59it/s, avg=4.07, loss=3.97]Epoch 2 [train]:  46%|██████████            | 646/1407 [01:49<02:07,  5.96it/s, avg=4.07, loss=3.97]Epoch 2 [train]:  46%|██████████▌            | 646/1407 [01:49<02:07,  5.96it/s, avg=4.07, loss=4.1]Epoch 2 [train]:  46%|██████████▌            | 647/1407 [01:49<02:18,  5.48it/s, avg=4.07, loss=4.1]Epoch 2 [train]:  46%|██████████            | 647/1407 [01:49<02:18,  5.48it/s, avg=4.07, loss=3.98]Epoch 2 [train]:  46%|██████████▏           | 648/1407 [01:49<02:12,  5.73it/s, avg=4.07, loss=3.98]Epoch 2 [train]:  46%|███████████▌             | 648/1407 [01:49<02:12,  5.73it/s, avg=4.07, loss=4]Epoch 2 [train]:  46%|███████████▌             | 649/1407 [01:49<02:03,  6.12it/s, avg=4.07, loss=4]Epoch 2 [train]:  46%|███████████▌             | 649/1407 [01:49<02:03,  6.12it/s, avg=4.07, loss=4]Epoch 2 [train]:  46%|███████████▌             | 650/1407 [01:49<02:07,  5.92it/s, avg=4.07, loss=4]Epoch 2 [train]:  46%|██████████▏           | 650/1407 [01:49<02:07,  5.92it/s, avg=4.07, loss=3.86]Epoch 2 [train]:  46%|██████████▏           | 651/1407 [01:49<02:03,  6.11it/s, avg=4.07, loss=3.86]Epoch 2 [train]:  46%|██████████▏           | 651/1407 [01:50<02:03,  6.11it/s, avg=4.07, loss=4.12]Epoch 2 [train]:  46%|██████████▏           | 652/1407 [01:50<02:02,  6.17it/s, avg=4.07, loss=4.12]Epoch 2 [train]:  46%|██████████▏           | 652/1407 [01:50<02:02,  6.17it/s, avg=4.07, loss=4.18]Epoch 2 [train]:  46%|██████████▏           | 653/1407 [01:50<01:58,  6.38it/s, avg=4.07, loss=4.18]Epoch 2 [train]:  46%|██████████▏           | 653/1407 [01:50<01:58,  6.38it/s, avg=4.07, loss=4.14]Epoch 2 [train]:  46%|██████████▏           | 654/1407 [01:50<01:56,  6.45it/s, avg=4.07, loss=4.14]Epoch 2 [train]:  46%|██████████▏           | 654/1407 [01:50<01:56,  6.45it/s, avg=4.07, loss=4.18]Epoch 2 [train]:  47%|██████████▏           | 655/1407 [01:50<02:11,  5.71it/s, avg=4.07, loss=4.18]Epoch 2 [train]:  47%|██████████▏           | 655/1407 [01:50<02:11,  5.71it/s, avg=4.07, loss=4.15]Epoch 2 [train]:  47%|██████████▎           | 656/1407 [01:50<02:04,  6.03it/s, avg=4.07, loss=4.15]Epoch 2 [train]:  47%|██████████▎           | 656/1407 [01:50<02:04,  6.03it/s, avg=4.07, loss=3.98]Epoch 2 [train]:  47%|██████████▎           | 657/1407 [01:50<01:57,  6.39it/s, avg=4.07, loss=3.98]Epoch 2 [train]:  47%|██████████▎           | 657/1407 [01:51<01:57,  6.39it/s, avg=4.07, loss=3.81]Epoch 2 [train]:  47%|██████████▎           | 658/1407 [01:51<01:56,  6.43it/s, avg=4.07, loss=3.81]Epoch 2 [train]:  47%|██████████▎           | 658/1407 [01:51<01:56,  6.43it/s, avg=4.07, loss=3.76]Epoch 2 [train]:  47%|██████████▎           | 659/1407 [01:51<01:57,  6.34it/s, avg=4.07, loss=3.76]Epoch 2 [train]:  47%|██████████▎           | 659/1407 [01:51<01:57,  6.34it/s, avg=4.07, loss=4.14]Epoch 2 [train]:  47%|██████████▎           | 660/1407 [01:51<01:58,  6.31it/s, avg=4.07, loss=4.14]Epoch 2 [train]:  47%|██████████▎           | 660/1407 [01:51<01:58,  6.31it/s, avg=4.07, loss=4.05]Epoch 2 [train]:  47%|██████████▎           | 661/1407 [01:51<01:53,  6.58it/s, avg=4.07, loss=4.05]Epoch 2 [train]:  47%|██████████▎           | 661/1407 [01:51<01:53,  6.58it/s, avg=4.07, loss=3.98]Epoch 2 [train]:  47%|██████████▎           | 662/1407 [01:51<01:49,  6.80it/s, avg=4.07, loss=3.98]Epoch 2 [train]:  47%|██████████▎           | 662/1407 [01:51<01:49,  6.80it/s, avg=4.07, loss=3.74]Epoch 2 [train]:  47%|██████████▎           | 663/1407 [01:51<02:08,  5.78it/s, avg=4.07, loss=3.74]Epoch 2 [train]:  47%|██████████▎           | 663/1407 [01:52<02:08,  5.78it/s, avg=4.07, loss=3.98]Epoch 2 [train]:  47%|██████████▍           | 664/1407 [01:52<02:02,  6.05it/s, avg=4.07, loss=3.98]Epoch 2 [train]:  47%|██████████▍           | 664/1407 [01:52<02:02,  6.05it/s, avg=4.07, loss=3.67]Epoch 2 [train]:  47%|██████████▍           | 665/1407 [01:52<02:00,  6.15it/s, avg=4.07, loss=3.67]Epoch 2 [train]:  47%|██████████▍           | 665/1407 [01:52<02:00,  6.15it/s, avg=4.07, loss=4.16]Epoch 2 [train]:  47%|██████████▍           | 666/1407 [01:52<02:02,  6.05it/s, avg=4.07, loss=4.16]Epoch 2 [train]:  47%|██████████▍           | 666/1407 [01:52<02:02,  6.05it/s, avg=4.07, loss=4.14]Epoch 2 [train]:  47%|██████████▍           | 667/1407 [01:52<02:16,  5.41it/s, avg=4.07, loss=4.14]Epoch 2 [train]:  47%|██████████▍           | 667/1407 [01:52<02:16,  5.41it/s, avg=4.07, loss=4.26]Epoch 2 [train]:  47%|██████████▍           | 668/1407 [01:52<02:07,  5.80it/s, avg=4.07, loss=4.26]Epoch 2 [train]:  47%|██████████▍           | 668/1407 [01:52<02:07,  5.80it/s, avg=4.07, loss=3.97]Epoch 2 [train]:  48%|██████████▍           | 669/1407 [01:52<02:02,  6.02it/s, avg=4.07, loss=3.97]Epoch 2 [train]:  48%|██████████▍           | 669/1407 [01:53<02:02,  6.02it/s, avg=4.07, loss=3.95]Epoch 2 [train]:  48%|██████████▍           | 670/1407 [01:53<01:56,  6.32it/s, avg=4.07, loss=3.95]Epoch 2 [train]:  48%|██████████▍           | 670/1407 [01:53<01:56,  6.32it/s, avg=4.07, loss=4.13]Epoch 2 [train]:  48%|██████████▍           | 671/1407 [01:53<02:03,  5.98it/s, avg=4.07, loss=4.13]Epoch 2 [train]:  48%|██████████▍           | 671/1407 [01:53<02:03,  5.98it/s, avg=4.07, loss=4.08]Epoch 2 [train]:  48%|██████████▌           | 672/1407 [01:53<02:06,  5.82it/s, avg=4.07, loss=4.08]Epoch 2 [train]:  48%|███████████▉             | 672/1407 [01:53<02:06,  5.82it/s, avg=4.07, loss=4]Epoch 2 [train]:  48%|███████████▉             | 673/1407 [01:53<02:10,  5.64it/s, avg=4.07, loss=4]Epoch 2 [train]:  48%|██████████▌           | 673/1407 [01:53<02:10,  5.64it/s, avg=4.07, loss=3.97]Epoch 2 [train]:  48%|██████████▌           | 674/1407 [01:53<02:09,  5.66it/s, avg=4.07, loss=3.97]Epoch 2 [train]:  48%|██████████▌           | 674/1407 [01:53<02:09,  5.66it/s, avg=4.07, loss=4.16]Epoch 2 [train]:  48%|██████████▌           | 675/1407 [01:53<02:03,  5.93it/s, avg=4.07, loss=4.16]Epoch 2 [train]:  48%|██████████▌           | 675/1407 [01:54<02:03,  5.93it/s, avg=4.07, loss=3.93]Epoch 2 [train]:  48%|██████████▌           | 676/1407 [01:54<01:59,  6.10it/s, avg=4.07, loss=3.93]Epoch 2 [train]:  48%|██████████▌           | 676/1407 [01:54<01:59,  6.10it/s, avg=4.07, loss=4.08]Epoch 2 [train]:  48%|██████████▌           | 677/1407 [01:54<01:56,  6.28it/s, avg=4.07, loss=4.08]Epoch 2 [train]:  48%|██████████▌           | 677/1407 [01:54<01:56,  6.28it/s, avg=4.07, loss=4.21]Epoch 2 [train]:  48%|██████████▌           | 678/1407 [01:54<02:09,  5.65it/s, avg=4.07, loss=4.21]Epoch 2 [train]:  48%|███████████            | 678/1407 [01:54<02:09,  5.65it/s, avg=4.07, loss=4.1]Epoch 2 [train]:  48%|███████████            | 679/1407 [01:54<02:03,  5.88it/s, avg=4.07, loss=4.1]Epoch 2 [train]:  48%|████████████             | 679/1407 [01:54<02:03,  5.88it/s, avg=4.07, loss=4]Epoch 2 [train]:  48%|████████████             | 680/1407 [01:54<02:11,  5.52it/s, avg=4.07, loss=4]Epoch 2 [train]:  48%|███████████            | 680/1407 [01:55<02:11,  5.52it/s, avg=4.07, loss=4.2]Epoch 2 [train]:  48%|███████████▏           | 681/1407 [01:55<02:11,  5.53it/s, avg=4.07, loss=4.2]Epoch 2 [train]:  48%|██████████▋           | 681/1407 [01:55<02:11,  5.53it/s, avg=4.07, loss=3.95]Epoch 2 [train]:  48%|██████████▋           | 682/1407 [01:55<02:11,  5.50it/s, avg=4.07, loss=3.95]Epoch 2 [train]:  48%|██████████▋           | 682/1407 [01:55<02:11,  5.50it/s, avg=4.07, loss=3.89]Epoch 2 [train]:  49%|██████████▋           | 683/1407 [01:55<02:16,  5.29it/s, avg=4.07, loss=3.89]Epoch 2 [train]:  49%|██████████▋           | 683/1407 [01:55<02:16,  5.29it/s, avg=4.07, loss=3.99]Epoch 2 [train]:  49%|██████████▋           | 684/1407 [01:55<02:11,  5.49it/s, avg=4.07, loss=3.99]Epoch 2 [train]:  49%|██████████▋           | 684/1407 [01:55<02:11,  5.49it/s, avg=4.07, loss=3.91]Epoch 2 [train]:  49%|██████████▋           | 685/1407 [01:55<02:04,  5.81it/s, avg=4.07, loss=3.91]Epoch 2 [train]:  49%|██████████▋           | 685/1407 [01:55<02:04,  5.81it/s, avg=4.07, loss=3.96]Epoch 2 [train]:  49%|██████████▋           | 686/1407 [01:55<02:11,  5.48it/s, avg=4.07, loss=3.96]Epoch 2 [train]:  49%|██████████▋           | 686/1407 [01:56<02:11,  5.48it/s, avg=4.07, loss=3.81]Epoch 2 [train]:  49%|██████████▋           | 687/1407 [01:56<02:11,  5.48it/s, avg=4.07, loss=3.81]Epoch 2 [train]:  49%|██████████▋           | 687/1407 [01:56<02:11,  5.48it/s, avg=4.07, loss=4.02]Epoch 2 [train]:  49%|██████████▊           | 688/1407 [01:56<01:56,  6.16it/s, avg=4.07, loss=4.02]Epoch 2 [train]:  49%|██████████▊           | 688/1407 [01:56<01:56,  6.16it/s, avg=4.07, loss=3.97]Epoch 2 [train]:  49%|██████████▊           | 689/1407 [01:56<02:03,  5.84it/s, avg=4.07, loss=3.97]Epoch 2 [train]:  49%|██████████▊           | 689/1407 [01:56<02:03,  5.84it/s, avg=4.07, loss=4.05]Epoch 2 [train]:  49%|██████████▊           | 690/1407 [01:56<02:02,  5.86it/s, avg=4.07, loss=4.05]Epoch 2 [train]:  49%|██████████▊           | 690/1407 [01:56<02:02,  5.86it/s, avg=4.07, loss=3.92]Epoch 2 [train]:  49%|██████████▊           | 691/1407 [01:56<01:55,  6.19it/s, avg=4.07, loss=3.92]Epoch 2 [train]:  49%|██████████▊           | 691/1407 [01:56<01:55,  6.19it/s, avg=4.07, loss=3.98]Epoch 2 [train]:  49%|██████████▊           | 692/1407 [01:56<01:57,  6.09it/s, avg=4.07, loss=3.98]Epoch 2 [train]:  49%|██████████▊           | 692/1407 [01:57<01:57,  6.09it/s, avg=4.07, loss=4.18]Epoch 2 [train]:  49%|██████████▊           | 693/1407 [01:57<01:58,  6.05it/s, avg=4.07, loss=4.18]Epoch 2 [train]:  49%|██████████▊           | 693/1407 [01:57<01:58,  6.05it/s, avg=4.07, loss=4.02]Epoch 2 [train]:  49%|██████████▊           | 694/1407 [01:57<02:04,  5.74it/s, avg=4.07, loss=4.02]Epoch 2 [train]:  49%|██████████▊           | 694/1407 [01:57<02:04,  5.74it/s, avg=4.07, loss=4.06]Epoch 2 [train]:  49%|██████████▊           | 695/1407 [01:57<02:03,  5.74it/s, avg=4.07, loss=4.06]Epoch 2 [train]:  49%|██████████▊           | 695/1407 [01:57<02:03,  5.74it/s, avg=4.07, loss=3.89]Epoch 2 [train]:  49%|██████████▉           | 696/1407 [01:57<02:00,  5.90it/s, avg=4.07, loss=3.89]Epoch 2 [train]:  49%|██████████▉           | 696/1407 [01:57<02:00,  5.90it/s, avg=4.07, loss=3.96]Epoch 2 [train]:  50%|██████████▉           | 697/1407 [01:57<02:01,  5.86it/s, avg=4.07, loss=3.96]Epoch 2 [train]:  50%|██████████▉           | 697/1407 [01:57<02:01,  5.86it/s, avg=4.07, loss=4.05]Epoch 2 [train]:  50%|██████████▉           | 698/1407 [01:57<02:06,  5.59it/s, avg=4.07, loss=4.05]Epoch 2 [train]:  50%|██████████▉           | 698/1407 [01:58<02:06,  5.59it/s, avg=4.07, loss=4.27]Epoch 2 [train]:  50%|██████████▉           | 699/1407 [01:58<02:07,  5.55it/s, avg=4.07, loss=4.27][train] epoch=2 batch=700/1407 loss=3.7778 avg=4.0685 gpu_mem=953MB
Epoch 2 [train]:  50%|██████████▉           | 699/1407 [01:58<02:07,  5.55it/s, avg=4.07, loss=3.78]Epoch 2 [train]:  50%|██████████▉           | 700/1407 [01:58<02:05,  5.65it/s, avg=4.07, loss=3.78]Epoch 2 [train]:  50%|██████████▉           | 700/1407 [01:58<02:05,  5.65it/s, avg=4.07, loss=4.03]Epoch 2 [train]:  50%|██████████▉           | 701/1407 [01:58<02:03,  5.70it/s, avg=4.07, loss=4.03]Epoch 2 [train]:  50%|██████████▉           | 701/1407 [01:58<02:03,  5.70it/s, avg=4.07, loss=3.86]Epoch 2 [train]:  50%|██████████▉           | 702/1407 [01:58<01:58,  5.93it/s, avg=4.07, loss=3.86]Epoch 2 [train]:  50%|██████████▉           | 702/1407 [01:58<01:58,  5.93it/s, avg=4.07, loss=4.11]Epoch 2 [train]:  50%|██████████▉           | 703/1407 [01:58<02:02,  5.73it/s, avg=4.07, loss=4.11]Epoch 2 [train]:  50%|██████████▉           | 703/1407 [01:59<02:02,  5.73it/s, avg=4.07, loss=4.17]Epoch 2 [train]:  50%|███████████           | 704/1407 [01:59<02:11,  5.35it/s, avg=4.07, loss=4.17]Epoch 2 [train]:  50%|███████████           | 704/1407 [01:59<02:11,  5.35it/s, avg=4.07, loss=3.93]Epoch 2 [train]:  50%|███████████           | 705/1407 [01:59<02:02,  5.75it/s, avg=4.07, loss=3.93]Epoch 2 [train]:  50%|███████████           | 705/1407 [01:59<02:02,  5.75it/s, avg=4.07, loss=4.21]Epoch 2 [train]:  50%|███████████           | 706/1407 [01:59<02:07,  5.49it/s, avg=4.07, loss=4.21]Epoch 2 [train]:  50%|███████████           | 706/1407 [01:59<02:07,  5.49it/s, avg=4.07, loss=4.04]Epoch 2 [train]:  50%|███████████           | 707/1407 [01:59<02:12,  5.28it/s, avg=4.07, loss=4.04]Epoch 2 [train]:  50%|███████████           | 707/1407 [01:59<02:12,  5.28it/s, avg=4.07, loss=3.87]Epoch 2 [train]:  50%|███████████           | 708/1407 [01:59<02:08,  5.44it/s, avg=4.07, loss=3.87]Epoch 2 [train]:  50%|███████████           | 708/1407 [01:59<02:08,  5.44it/s, avg=4.07, loss=4.07]Epoch 2 [train]:  50%|███████████           | 709/1407 [01:59<02:18,  5.04it/s, avg=4.07, loss=4.07]Epoch 2 [train]:  50%|███████████           | 709/1407 [02:00<02:18,  5.04it/s, avg=4.07, loss=3.95]Epoch 2 [train]:  50%|███████████           | 710/1407 [02:00<02:10,  5.35it/s, avg=4.07, loss=3.95]Epoch 2 [train]:  50%|███████████           | 710/1407 [02:00<02:10,  5.35it/s, avg=4.07, loss=4.05]Epoch 2 [train]:  51%|███████████           | 711/1407 [02:00<02:07,  5.46it/s, avg=4.07, loss=4.05]Epoch 2 [train]:  51%|███████████           | 711/1407 [02:00<02:07,  5.46it/s, avg=4.07, loss=4.01]Epoch 2 [train]:  51%|███████████▏          | 712/1407 [02:00<02:07,  5.43it/s, avg=4.07, loss=4.01]Epoch 2 [train]:  51%|███████████▏          | 712/1407 [02:00<02:07,  5.43it/s, avg=4.07, loss=4.09]Epoch 2 [train]:  51%|███████████▏          | 713/1407 [02:00<02:17,  5.03it/s, avg=4.07, loss=4.09]Epoch 2 [train]:  51%|███████████▏          | 713/1407 [02:00<02:17,  5.03it/s, avg=4.07, loss=4.18]Epoch 2 [train]:  51%|███████████▏          | 714/1407 [02:00<02:09,  5.37it/s, avg=4.07, loss=4.18]Epoch 2 [train]:  51%|███████████▏          | 714/1407 [02:01<02:09,  5.37it/s, avg=4.07, loss=4.05]Epoch 2 [train]:  51%|███████████▏          | 715/1407 [02:01<01:59,  5.77it/s, avg=4.07, loss=4.05]Epoch 2 [train]:  51%|███████████▏          | 715/1407 [02:01<01:59,  5.77it/s, avg=4.07, loss=3.89]Epoch 2 [train]:  51%|███████████▏          | 716/1407 [02:01<01:54,  6.05it/s, avg=4.07, loss=3.89]Epoch 2 [train]:  51%|███████████▏          | 716/1407 [02:01<01:54,  6.05it/s, avg=4.07, loss=3.87]Epoch 2 [train]:  51%|███████████▏          | 717/1407 [02:01<01:49,  6.31it/s, avg=4.07, loss=3.87]Epoch 2 [train]:  51%|███████████▏          | 717/1407 [02:01<01:49,  6.31it/s, avg=4.07, loss=4.04]Epoch 2 [train]:  51%|███████████▏          | 718/1407 [02:01<01:43,  6.65it/s, avg=4.07, loss=4.04]Epoch 2 [train]:  51%|███████████▏          | 718/1407 [02:01<01:43,  6.65it/s, avg=4.07, loss=4.17]Epoch 2 [train]:  51%|███████████▏          | 719/1407 [02:01<01:51,  6.16it/s, avg=4.07, loss=4.17]Epoch 2 [train]:  51%|███████████▏          | 719/1407 [02:01<01:51,  6.16it/s, avg=4.07, loss=3.94]Epoch 2 [train]:  51%|███████████▎          | 720/1407 [02:01<01:51,  6.14it/s, avg=4.07, loss=3.94]Epoch 2 [train]:  51%|███████████▎          | 720/1407 [02:01<01:51,  6.14it/s, avg=4.07, loss=4.11]Epoch 2 [train]:  51%|███████████▎          | 721/1407 [02:01<01:49,  6.24it/s, avg=4.07, loss=4.11]Epoch 2 [train]:  51%|███████████▎          | 721/1407 [02:02<01:49,  6.24it/s, avg=4.07, loss=4.01]Epoch 2 [train]:  51%|███████████▎          | 722/1407 [02:02<01:50,  6.20it/s, avg=4.07, loss=4.01]Epoch 2 [train]:  51%|███████████▎          | 722/1407 [02:02<01:50,  6.20it/s, avg=4.07, loss=3.99]Epoch 2 [train]:  51%|███████████▎          | 723/1407 [02:02<01:52,  6.08it/s, avg=4.07, loss=3.99]Epoch 2 [train]:  51%|███████████▎          | 723/1407 [02:02<01:52,  6.08it/s, avg=4.07, loss=4.06]Epoch 2 [train]:  51%|███████████▎          | 724/1407 [02:02<01:45,  6.45it/s, avg=4.07, loss=4.06]Epoch 2 [train]:  51%|███████████▎          | 724/1407 [02:02<01:45,  6.45it/s, avg=4.07, loss=4.13]Epoch 2 [train]:  52%|███████████▎          | 725/1407 [02:02<01:42,  6.65it/s, avg=4.07, loss=4.13]Epoch 2 [train]:  52%|███████████▎          | 725/1407 [02:02<01:42,  6.65it/s, avg=4.07, loss=4.02]Epoch 2 [train]:  52%|███████████▎          | 726/1407 [02:02<01:39,  6.88it/s, avg=4.07, loss=4.02]Epoch 2 [train]:  52%|███████████▎          | 726/1407 [02:02<01:39,  6.88it/s, avg=4.07, loss=4.05]Epoch 2 [train]:  52%|███████████▎          | 727/1407 [02:02<01:49,  6.20it/s, avg=4.07, loss=4.05]Epoch 2 [train]:  52%|███████████▎          | 727/1407 [02:03<01:49,  6.20it/s, avg=4.07, loss=4.27]Epoch 2 [train]:  52%|███████████▍          | 728/1407 [02:03<01:50,  6.15it/s, avg=4.07, loss=4.27]Epoch 2 [train]:  52%|███████████▍          | 728/1407 [02:03<01:50,  6.15it/s, avg=4.07, loss=4.26]Epoch 2 [train]:  52%|███████████▍          | 729/1407 [02:03<02:04,  5.44it/s, avg=4.07, loss=4.26]Epoch 2 [train]:  52%|███████████▍          | 729/1407 [02:03<02:04,  5.44it/s, avg=4.07, loss=4.07]Epoch 2 [train]:  52%|███████████▍          | 730/1407 [02:03<02:02,  5.55it/s, avg=4.07, loss=4.07]Epoch 2 [train]:  52%|███████████▍          | 730/1407 [02:03<02:02,  5.55it/s, avg=4.07, loss=4.07]Epoch 2 [train]:  52%|███████████▍          | 731/1407 [02:03<02:03,  5.48it/s, avg=4.07, loss=4.07]Epoch 2 [train]:  52%|███████████▍          | 731/1407 [02:03<02:03,  5.48it/s, avg=4.07, loss=3.67]Epoch 2 [train]:  52%|███████████▍          | 732/1407 [02:03<01:57,  5.72it/s, avg=4.07, loss=3.67]Epoch 2 [train]:  52%|█████████████            | 732/1407 [02:03<01:57,  5.72it/s, avg=4.07, loss=4]Epoch 2 [train]:  52%|█████████████            | 733/1407 [02:03<01:55,  5.85it/s, avg=4.07, loss=4]Epoch 2 [train]:  52%|███████████▍          | 733/1407 [02:04<01:55,  5.85it/s, avg=4.07, loss=3.82]Epoch 2 [train]:  52%|███████████▍          | 734/1407 [02:04<01:53,  5.95it/s, avg=4.07, loss=3.82]Epoch 2 [train]:  52%|███████████▍          | 734/1407 [02:04<01:53,  5.95it/s, avg=4.07, loss=4.09]Epoch 2 [train]:  52%|███████████▍          | 735/1407 [02:04<01:53,  5.92it/s, avg=4.07, loss=4.09]Epoch 2 [train]:  52%|████████████           | 735/1407 [02:04<01:53,  5.92it/s, avg=4.07, loss=4.1]Epoch 2 [train]:  52%|████████████           | 736/1407 [02:04<01:47,  6.23it/s, avg=4.07, loss=4.1]Epoch 2 [train]:  52%|███████████▌          | 736/1407 [02:04<01:47,  6.23it/s, avg=4.07, loss=3.84]Epoch 2 [train]:  52%|███████████▌          | 737/1407 [02:04<01:47,  6.23it/s, avg=4.07, loss=3.84]Epoch 2 [train]:  52%|███████████▌          | 737/1407 [02:04<01:47,  6.23it/s, avg=4.07, loss=4.09]Epoch 2 [train]:  52%|███████████▌          | 738/1407 [02:04<01:42,  6.55it/s, avg=4.07, loss=4.09]Epoch 2 [train]:  52%|███████████▌          | 738/1407 [02:04<01:42,  6.55it/s, avg=4.07, loss=4.03]Epoch 2 [train]:  53%|███████████▌          | 739/1407 [02:04<01:46,  6.30it/s, avg=4.07, loss=4.03]Epoch 2 [train]:  53%|███████████▌          | 739/1407 [02:05<01:46,  6.30it/s, avg=4.07, loss=4.09]Epoch 2 [train]:  53%|███████████▌          | 740/1407 [02:05<01:43,  6.43it/s, avg=4.07, loss=4.09]Epoch 2 [train]:  53%|███████████▌          | 740/1407 [02:05<01:43,  6.43it/s, avg=4.07, loss=4.03]Epoch 2 [train]:  53%|███████████▌          | 741/1407 [02:05<01:42,  6.52it/s, avg=4.07, loss=4.03]Epoch 2 [train]:  53%|███████████▌          | 741/1407 [02:05<01:42,  6.52it/s, avg=4.07, loss=3.89]Epoch 2 [train]:  53%|███████████▌          | 742/1407 [02:05<01:41,  6.55it/s, avg=4.07, loss=3.89]Epoch 2 [train]:  53%|███████████▌          | 742/1407 [02:05<01:41,  6.55it/s, avg=4.07, loss=3.94]Epoch 2 [train]:  53%|███████████▌          | 743/1407 [02:05<01:45,  6.32it/s, avg=4.07, loss=3.94]Epoch 2 [train]:  53%|███████████▌          | 743/1407 [02:05<01:45,  6.32it/s, avg=4.07, loss=3.88]Epoch 2 [train]:  53%|███████████▋          | 744/1407 [02:05<01:47,  6.17it/s, avg=4.07, loss=3.88]Epoch 2 [train]:  53%|███████████▋          | 744/1407 [02:05<01:47,  6.17it/s, avg=4.07, loss=4.01]Epoch 2 [train]:  53%|███████████▋          | 745/1407 [02:05<01:43,  6.40it/s, avg=4.07, loss=4.01]Epoch 2 [train]:  53%|███████████▋          | 745/1407 [02:06<01:43,  6.40it/s, avg=4.07, loss=4.03]Epoch 2 [train]:  53%|███████████▋          | 746/1407 [02:06<01:49,  6.05it/s, avg=4.07, loss=4.03]Epoch 2 [train]:  53%|███████████▋          | 746/1407 [02:06<01:49,  6.05it/s, avg=4.07, loss=4.09]Epoch 2 [train]:  53%|███████████▋          | 747/1407 [02:06<01:47,  6.15it/s, avg=4.07, loss=4.09]Epoch 2 [train]:  53%|███████████▋          | 747/1407 [02:06<01:47,  6.15it/s, avg=4.07, loss=3.96]Epoch 2 [train]:  53%|███████████▋          | 748/1407 [02:06<01:47,  6.12it/s, avg=4.07, loss=3.96]Epoch 2 [train]:  53%|███████████▋          | 748/1407 [02:06<01:47,  6.12it/s, avg=4.07, loss=3.99]Epoch 2 [train]:  53%|███████████▋          | 749/1407 [02:06<01:48,  6.04it/s, avg=4.07, loss=3.99]Epoch 2 [train]:  53%|███████████▋          | 749/1407 [02:06<01:48,  6.04it/s, avg=4.07, loss=3.91]Epoch 2 [train]:  53%|███████████▋          | 750/1407 [02:06<01:47,  6.09it/s, avg=4.07, loss=3.91]Epoch 2 [train]:  53%|███████████▋          | 750/1407 [02:06<01:47,  6.09it/s, avg=4.07, loss=3.96]Epoch 2 [train]:  53%|███████████▋          | 751/1407 [02:06<01:42,  6.38it/s, avg=4.07, loss=3.96]Epoch 2 [train]:  53%|███████████▋          | 751/1407 [02:06<01:42,  6.38it/s, avg=4.07, loss=4.07]Epoch 2 [train]:  53%|███████████▊          | 752/1407 [02:06<01:43,  6.34it/s, avg=4.07, loss=4.07]Epoch 2 [train]:  53%|███████████▊          | 752/1407 [02:07<01:43,  6.34it/s, avg=4.07, loss=4.12]Epoch 2 [train]:  54%|███████████▊          | 753/1407 [02:07<01:43,  6.30it/s, avg=4.07, loss=4.12]Epoch 2 [train]:  54%|███████████▊          | 753/1407 [02:07<01:43,  6.30it/s, avg=4.07, loss=3.88]Epoch 2 [train]:  54%|███████████▊          | 754/1407 [02:07<01:51,  5.86it/s, avg=4.07, loss=3.88]Epoch 2 [train]:  54%|███████████▊          | 754/1407 [02:07<01:51,  5.86it/s, avg=4.06, loss=3.97]Epoch 2 [train]:  54%|███████████▊          | 755/1407 [02:07<01:57,  5.56it/s, avg=4.06, loss=3.97]Epoch 2 [train]:  54%|███████████▊          | 755/1407 [02:07<01:57,  5.56it/s, avg=4.07, loss=4.15]Epoch 2 [train]:  54%|███████████▊          | 756/1407 [02:07<01:55,  5.62it/s, avg=4.07, loss=4.15]Epoch 2 [train]:  54%|███████████▊          | 756/1407 [02:07<01:55,  5.62it/s, avg=4.07, loss=4.13]Epoch 2 [train]:  54%|███████████▊          | 757/1407 [02:07<01:57,  5.55it/s, avg=4.07, loss=4.13]Epoch 2 [train]:  54%|███████████▊          | 757/1407 [02:08<01:57,  5.55it/s, avg=4.06, loss=3.77]Epoch 2 [train]:  54%|███████████▊          | 758/1407 [02:08<01:58,  5.48it/s, avg=4.06, loss=3.77]Epoch 2 [train]:  54%|███████████▊          | 758/1407 [02:08<01:58,  5.48it/s, avg=4.06, loss=4.07]Epoch 2 [train]:  54%|███████████▊          | 759/1407 [02:08<01:55,  5.62it/s, avg=4.06, loss=4.07]Epoch 2 [train]:  54%|███████████▊          | 759/1407 [02:08<01:55,  5.62it/s, avg=4.06, loss=4.08]Epoch 2 [train]:  54%|███████████▉          | 760/1407 [02:08<01:58,  5.48it/s, avg=4.06, loss=4.08]Epoch 2 [train]:  54%|█████████████▌           | 760/1407 [02:08<01:58,  5.48it/s, avg=4.06, loss=4]Epoch 2 [train]:  54%|█████████████▌           | 761/1407 [02:08<01:47,  6.02it/s, avg=4.06, loss=4]Epoch 2 [train]:  54%|███████████▉          | 761/1407 [02:08<01:47,  6.02it/s, avg=4.06, loss=4.11]Epoch 2 [train]:  54%|███████████▉          | 762/1407 [02:08<01:51,  5.78it/s, avg=4.06, loss=4.11]Epoch 2 [train]:  54%|███████████▉          | 762/1407 [02:08<01:51,  5.78it/s, avg=4.06, loss=3.89]Epoch 2 [train]:  54%|███████████▉          | 763/1407 [02:08<01:55,  5.56it/s, avg=4.06, loss=3.89]Epoch 2 [train]:  54%|███████████▉          | 763/1407 [02:09<01:55,  5.56it/s, avg=4.06, loss=4.01]Epoch 2 [train]:  54%|███████████▉          | 764/1407 [02:09<01:48,  5.90it/s, avg=4.06, loss=4.01]Epoch 2 [train]:  54%|███████████▉          | 764/1407 [02:09<01:48,  5.90it/s, avg=4.06, loss=3.93]Epoch 2 [train]:  54%|███████████▉          | 765/1407 [02:09<01:55,  5.54it/s, avg=4.06, loss=3.93]Epoch 2 [train]:  54%|███████████▉          | 765/1407 [02:09<01:55,  5.54it/s, avg=4.06, loss=4.03]Epoch 2 [train]:  54%|███████████▉          | 766/1407 [02:09<01:54,  5.59it/s, avg=4.06, loss=4.03]Epoch 2 [train]:  54%|███████████▉          | 766/1407 [02:09<01:54,  5.59it/s, avg=4.06, loss=3.87]Epoch 2 [train]:  55%|███████████▉          | 767/1407 [02:09<01:46,  6.03it/s, avg=4.06, loss=3.87]Epoch 2 [train]:  55%|███████████▉          | 767/1407 [02:09<01:46,  6.03it/s, avg=4.06, loss=3.85]Epoch 2 [train]:  55%|████████████          | 768/1407 [02:09<01:45,  6.07it/s, avg=4.06, loss=3.85]Epoch 2 [train]:  55%|████████████          | 768/1407 [02:09<01:45,  6.07it/s, avg=4.06, loss=3.79]Epoch 2 [train]:  55%|████████████          | 769/1407 [02:09<01:49,  5.85it/s, avg=4.06, loss=3.79]Epoch 2 [train]:  55%|████████████          | 769/1407 [02:10<01:49,  5.85it/s, avg=4.06, loss=4.18]Epoch 2 [train]:  55%|████████████          | 770/1407 [02:10<01:41,  6.28it/s, avg=4.06, loss=4.18]Epoch 2 [train]:  55%|████████████          | 770/1407 [02:10<01:41,  6.28it/s, avg=4.06, loss=4.08]Epoch 2 [train]:  55%|████████████          | 771/1407 [02:10<01:45,  6.01it/s, avg=4.06, loss=4.08]Epoch 2 [train]:  55%|████████████▌          | 771/1407 [02:10<01:45,  6.01it/s, avg=4.06, loss=4.1]Epoch 2 [train]:  55%|████████████▌          | 772/1407 [02:10<01:44,  6.06it/s, avg=4.06, loss=4.1]Epoch 2 [train]:  55%|████████████          | 772/1407 [02:10<01:44,  6.06it/s, avg=4.06, loss=3.97]Epoch 2 [train]:  55%|████████████          | 773/1407 [02:10<01:44,  6.07it/s, avg=4.06, loss=3.97]Epoch 2 [train]:  55%|████████████          | 773/1407 [02:10<01:44,  6.07it/s, avg=4.06, loss=4.05]Epoch 2 [train]:  55%|████████████          | 774/1407 [02:10<01:42,  6.15it/s, avg=4.06, loss=4.05]Epoch 2 [train]:  55%|████████████          | 774/1407 [02:10<01:42,  6.15it/s, avg=4.06, loss=4.02]Epoch 2 [train]:  55%|████████████          | 775/1407 [02:10<01:44,  6.04it/s, avg=4.06, loss=4.02]Epoch 2 [train]:  55%|████████████          | 775/1407 [02:11<01:44,  6.04it/s, avg=4.06, loss=4.15]Epoch 2 [train]:  55%|████████████▏         | 776/1407 [02:11<01:48,  5.79it/s, avg=4.06, loss=4.15]Epoch 2 [train]:  55%|████████████▏         | 776/1407 [02:11<01:48,  5.79it/s, avg=4.06, loss=3.75]Epoch 2 [train]:  55%|████████████▏         | 777/1407 [02:11<01:43,  6.07it/s, avg=4.06, loss=3.75]Epoch 2 [train]:  55%|████████████▏         | 777/1407 [02:11<01:43,  6.07it/s, avg=4.06, loss=3.94]Epoch 2 [train]:  55%|████████████▏         | 778/1407 [02:11<01:46,  5.90it/s, avg=4.06, loss=3.94]Epoch 2 [train]:  55%|████████████▋          | 778/1407 [02:11<01:46,  5.90it/s, avg=4.06, loss=3.9]Epoch 2 [train]:  55%|████████████▋          | 779/1407 [02:11<01:47,  5.86it/s, avg=4.06, loss=3.9]Epoch 2 [train]:  55%|████████████▏         | 779/1407 [02:11<01:47,  5.86it/s, avg=4.06, loss=4.36]Epoch 2 [train]:  55%|████████████▏         | 780/1407 [02:11<01:44,  6.01it/s, avg=4.06, loss=4.36]Epoch 2 [train]:  55%|████████████▏         | 780/1407 [02:11<01:44,  6.01it/s, avg=4.06, loss=4.11]Epoch 2 [train]:  56%|████████████▏         | 781/1407 [02:11<01:38,  6.37it/s, avg=4.06, loss=4.11]Epoch 2 [train]:  56%|████████████▏         | 781/1407 [02:12<01:38,  6.37it/s, avg=4.06, loss=4.16]Epoch 2 [train]:  56%|████████████▏         | 782/1407 [02:12<01:46,  5.89it/s, avg=4.06, loss=4.16]Epoch 2 [train]:  56%|████████████▏         | 782/1407 [02:12<01:46,  5.89it/s, avg=4.06, loss=4.16]Epoch 2 [train]:  56%|████████████▏         | 783/1407 [02:12<01:49,  5.71it/s, avg=4.06, loss=4.16]Epoch 2 [train]:  56%|████████████▏         | 783/1407 [02:12<01:49,  5.71it/s, avg=4.06, loss=4.02]Epoch 2 [train]:  56%|████████████▎         | 784/1407 [02:12<01:54,  5.44it/s, avg=4.06, loss=4.02]Epoch 2 [train]:  56%|████████████▎         | 784/1407 [02:12<01:54,  5.44it/s, avg=4.06, loss=3.91]Epoch 2 [train]:  56%|████████████▎         | 785/1407 [02:12<01:55,  5.37it/s, avg=4.06, loss=3.91]Epoch 2 [train]:  56%|████████████▎         | 785/1407 [02:12<01:55,  5.37it/s, avg=4.06, loss=3.95]Epoch 2 [train]:  56%|████████████▎         | 786/1407 [02:12<01:59,  5.20it/s, avg=4.06, loss=3.95]Epoch 2 [train]:  56%|████████████▎         | 786/1407 [02:13<01:59,  5.20it/s, avg=4.06, loss=3.97]Epoch 2 [train]:  56%|████████████▎         | 787/1407 [02:13<01:53,  5.48it/s, avg=4.06, loss=3.97]Epoch 2 [train]:  56%|████████████▎         | 787/1407 [02:13<01:53,  5.48it/s, avg=4.06, loss=3.96]Epoch 2 [train]:  56%|████████████▎         | 788/1407 [02:13<01:51,  5.54it/s, avg=4.06, loss=3.96]Epoch 2 [train]:  56%|████████████▎         | 788/1407 [02:13<01:51,  5.54it/s, avg=4.06, loss=4.08]Epoch 2 [train]:  56%|████████████▎         | 789/1407 [02:13<01:46,  5.82it/s, avg=4.06, loss=4.08]Epoch 2 [train]:  56%|████████████▎         | 789/1407 [02:13<01:46,  5.82it/s, avg=4.06, loss=4.19]Epoch 2 [train]:  56%|████████████▎         | 790/1407 [02:13<01:46,  5.77it/s, avg=4.06, loss=4.19]Epoch 2 [train]:  56%|████████████▎         | 790/1407 [02:13<01:46,  5.77it/s, avg=4.06, loss=4.25]Epoch 2 [train]:  56%|████████████▎         | 791/1407 [02:13<01:41,  6.10it/s, avg=4.06, loss=4.25]Epoch 2 [train]:  56%|████████████▎         | 791/1407 [02:13<01:41,  6.10it/s, avg=4.06, loss=4.31]Epoch 2 [train]:  56%|████████████▍         | 792/1407 [02:13<01:40,  6.09it/s, avg=4.06, loss=4.31]Epoch 2 [train]:  56%|██████████████           | 792/1407 [02:14<01:40,  6.09it/s, avg=4.06, loss=4]Epoch 2 [train]:  56%|██████████████           | 793/1407 [02:14<01:33,  6.56it/s, avg=4.06, loss=4]Epoch 2 [train]:  56%|████████████▍         | 793/1407 [02:14<01:33,  6.56it/s, avg=4.06, loss=3.78]Epoch 2 [train]:  56%|████████████▍         | 794/1407 [02:14<01:40,  6.10it/s, avg=4.06, loss=3.78]Epoch 2 [train]:  56%|████████████▍         | 794/1407 [02:14<01:40,  6.10it/s, avg=4.06, loss=4.08]Epoch 2 [train]:  57%|████████████▍         | 795/1407 [02:14<01:33,  6.53it/s, avg=4.06, loss=4.08]Epoch 2 [train]:  57%|████████████▍         | 795/1407 [02:14<01:33,  6.53it/s, avg=4.06, loss=4.07]Epoch 2 [train]:  57%|████████████▍         | 796/1407 [02:14<01:38,  6.22it/s, avg=4.06, loss=4.07]Epoch 2 [train]:  57%|████████████▍         | 796/1407 [02:14<01:38,  6.22it/s, avg=4.06, loss=4.11]Epoch 2 [train]:  57%|████████████▍         | 797/1407 [02:14<01:36,  6.32it/s, avg=4.06, loss=4.11]Epoch 2 [train]:  57%|████████████▍         | 797/1407 [02:14<01:36,  6.32it/s, avg=4.06, loss=3.91]Epoch 2 [train]:  57%|████████████▍         | 798/1407 [02:14<01:42,  5.95it/s, avg=4.06, loss=3.91]Epoch 2 [train]:  57%|████████████▍         | 798/1407 [02:15<01:42,  5.95it/s, avg=4.06, loss=4.18]Epoch 2 [train]:  57%|████████████▍         | 799/1407 [02:15<01:54,  5.33it/s, avg=4.06, loss=4.18][train] epoch=2 batch=800/1407 loss=4.0873 avg=4.0631 gpu_mem=945MB
Epoch 2 [train]:  57%|████████████▍         | 799/1407 [02:15<01:54,  5.33it/s, avg=4.06, loss=4.09]Epoch 2 [train]:  57%|████████████▌         | 800/1407 [02:15<01:46,  5.70it/s, avg=4.06, loss=4.09]Epoch 2 [train]:  57%|████████████▌         | 800/1407 [02:15<01:46,  5.70it/s, avg=4.06, loss=4.08]Epoch 2 [train]:  57%|████████████▌         | 801/1407 [02:15<01:43,  5.87it/s, avg=4.06, loss=4.08]Epoch 2 [train]:  57%|████████████▌         | 801/1407 [02:15<01:43,  5.87it/s, avg=4.06, loss=3.92]Epoch 2 [train]:  57%|████████████▌         | 802/1407 [02:15<01:43,  5.82it/s, avg=4.06, loss=3.92]Epoch 2 [train]:  57%|████████████▌         | 802/1407 [02:15<01:43,  5.82it/s, avg=4.06, loss=4.06]Epoch 2 [train]:  57%|████████████▌         | 803/1407 [02:15<01:38,  6.12it/s, avg=4.06, loss=4.06]Epoch 2 [train]:  57%|████████████▌         | 803/1407 [02:15<01:38,  6.12it/s, avg=4.06, loss=3.97]Epoch 2 [train]:  57%|████████████▌         | 804/1407 [02:15<01:33,  6.46it/s, avg=4.06, loss=3.97]Epoch 2 [train]:  57%|████████████▌         | 804/1407 [02:16<01:33,  6.46it/s, avg=4.06, loss=4.05]Epoch 2 [train]:  57%|████████████▌         | 805/1407 [02:16<01:36,  6.26it/s, avg=4.06, loss=4.05]Epoch 2 [train]:  57%|████████████▌         | 805/1407 [02:16<01:36,  6.26it/s, avg=4.06, loss=4.15]Epoch 2 [train]:  57%|████████████▌         | 806/1407 [02:16<01:38,  6.09it/s, avg=4.06, loss=4.15]Epoch 2 [train]:  57%|████████████▌         | 806/1407 [02:16<01:38,  6.09it/s, avg=4.06, loss=4.02]Epoch 2 [train]:  57%|████████████▌         | 807/1407 [02:16<01:38,  6.07it/s, avg=4.06, loss=4.02]Epoch 2 [train]:  57%|████████████▌         | 807/1407 [02:16<01:38,  6.07it/s, avg=4.06, loss=3.94]Epoch 2 [train]:  57%|████████████▋         | 808/1407 [02:16<01:45,  5.68it/s, avg=4.06, loss=3.94]Epoch 2 [train]:  57%|█████████████▏         | 808/1407 [02:16<01:45,  5.68it/s, avg=4.06, loss=3.9]Epoch 2 [train]:  57%|█████████████▏         | 809/1407 [02:16<01:51,  5.36it/s, avg=4.06, loss=3.9]Epoch 2 [train]:  57%|████████████▋         | 809/1407 [02:16<01:51,  5.36it/s, avg=4.06, loss=4.02]Epoch 2 [train]:  58%|████████████▋         | 810/1407 [02:16<01:47,  5.54it/s, avg=4.06, loss=4.02]Epoch 2 [train]:  58%|████████████▋         | 810/1407 [02:17<01:47,  5.54it/s, avg=4.06, loss=4.12]Epoch 2 [train]:  58%|████████████▋         | 811/1407 [02:17<01:45,  5.65it/s, avg=4.06, loss=4.12]Epoch 2 [train]:  58%|████████████▋         | 811/1407 [02:17<01:45,  5.65it/s, avg=4.06, loss=4.12]Epoch 2 [train]:  58%|████████████▋         | 812/1407 [02:17<01:52,  5.30it/s, avg=4.06, loss=4.12]Epoch 2 [train]:  58%|████████████▋         | 812/1407 [02:17<01:52,  5.30it/s, avg=4.06, loss=4.14]Epoch 2 [train]:  58%|████████████▋         | 813/1407 [02:17<01:58,  5.00it/s, avg=4.06, loss=4.14]Epoch 2 [train]:  58%|████████████▋         | 813/1407 [02:17<01:58,  5.00it/s, avg=4.06, loss=4.17]Epoch 2 [train]:  58%|████████████▋         | 814/1407 [02:17<01:56,  5.11it/s, avg=4.06, loss=4.17]Epoch 2 [train]:  58%|████████████▋         | 814/1407 [02:17<01:56,  5.11it/s, avg=4.06, loss=4.06]Epoch 2 [train]:  58%|████████████▋         | 815/1407 [02:17<01:49,  5.41it/s, avg=4.06, loss=4.06]Epoch 2 [train]:  58%|████████████▋         | 815/1407 [02:18<01:49,  5.41it/s, avg=4.06, loss=4.13]Epoch 2 [train]:  58%|████████████▊         | 816/1407 [02:18<01:42,  5.76it/s, avg=4.06, loss=4.13]Epoch 2 [train]:  58%|█████████████▎         | 816/1407 [02:18<01:42,  5.76it/s, avg=4.06, loss=3.9]Epoch 2 [train]:  58%|█████████████▎         | 817/1407 [02:18<01:53,  5.22it/s, avg=4.06, loss=3.9]Epoch 2 [train]:  58%|████████████▊         | 817/1407 [02:18<01:53,  5.22it/s, avg=4.06, loss=3.91]Epoch 2 [train]:  58%|████████████▊         | 818/1407 [02:18<01:44,  5.66it/s, avg=4.06, loss=3.91]Epoch 2 [train]:  58%|████████████▊         | 818/1407 [02:18<01:44,  5.66it/s, avg=4.06, loss=3.96]Epoch 2 [train]:  58%|████████████▊         | 819/1407 [02:18<01:43,  5.69it/s, avg=4.06, loss=3.96]Epoch 2 [train]:  58%|████████████▊         | 819/1407 [02:18<01:43,  5.69it/s, avg=4.06, loss=3.93]Epoch 2 [train]:  58%|████████████▊         | 820/1407 [02:18<01:46,  5.49it/s, avg=4.06, loss=3.93]Epoch 2 [train]:  58%|████████████▊         | 820/1407 [02:19<01:46,  5.49it/s, avg=4.06, loss=3.85]Epoch 2 [train]:  58%|████████████▊         | 821/1407 [02:19<01:55,  5.07it/s, avg=4.06, loss=3.85]Epoch 2 [train]:  58%|████████████▊         | 821/1407 [02:19<01:55,  5.07it/s, avg=4.06, loss=4.04]Epoch 2 [train]:  58%|████████████▊         | 822/1407 [02:19<01:52,  5.19it/s, avg=4.06, loss=4.04]Epoch 2 [train]:  58%|████████████▊         | 822/1407 [02:19<01:52,  5.19it/s, avg=4.06, loss=3.95]Epoch 2 [train]:  58%|████████████▊         | 823/1407 [02:19<01:59,  4.89it/s, avg=4.06, loss=3.95]Epoch 2 [train]:  58%|████████████▊         | 823/1407 [02:19<01:59,  4.89it/s, avg=4.06, loss=3.77]Epoch 2 [train]:  59%|████████████▉         | 824/1407 [02:19<01:58,  4.93it/s, avg=4.06, loss=3.77]Epoch 2 [train]:  59%|████████████▉         | 824/1407 [02:19<01:58,  4.93it/s, avg=4.06, loss=3.86]Epoch 2 [train]:  59%|████████████▉         | 825/1407 [02:19<01:50,  5.27it/s, avg=4.06, loss=3.86]Epoch 2 [train]:  59%|████████████▉         | 825/1407 [02:19<01:50,  5.27it/s, avg=4.06, loss=3.95]Epoch 2 [train]:  59%|████████████▉         | 826/1407 [02:19<01:47,  5.42it/s, avg=4.06, loss=3.95]Epoch 2 [train]:  59%|████████████▉         | 826/1407 [02:20<01:47,  5.42it/s, avg=4.06, loss=4.17]Epoch 2 [train]:  59%|████████████▉         | 827/1407 [02:20<01:48,  5.35it/s, avg=4.06, loss=4.17]Epoch 2 [train]:  59%|████████████▉         | 827/1407 [02:20<01:48,  5.35it/s, avg=4.06, loss=3.96]Epoch 2 [train]:  59%|████████████▉         | 828/1407 [02:20<01:50,  5.22it/s, avg=4.06, loss=3.96]Epoch 2 [train]:  59%|████████████▉         | 828/1407 [02:20<01:50,  5.22it/s, avg=4.06, loss=4.14]Epoch 2 [train]:  59%|████████████▉         | 829/1407 [02:20<01:37,  5.96it/s, avg=4.06, loss=4.14]Epoch 2 [train]:  59%|████████████▉         | 829/1407 [02:20<01:37,  5.96it/s, avg=4.06, loss=4.27]Epoch 2 [train]:  59%|████████████▉         | 830/1407 [02:20<01:30,  6.34it/s, avg=4.06, loss=4.27]Epoch 2 [train]:  59%|█████████████▌         | 830/1407 [02:20<01:30,  6.34it/s, avg=4.06, loss=4.2]Epoch 2 [train]:  59%|█████████████▌         | 831/1407 [02:20<01:35,  6.01it/s, avg=4.06, loss=4.2]Epoch 2 [train]:  59%|████████████▉         | 831/1407 [02:21<01:35,  6.01it/s, avg=4.06, loss=3.93]Epoch 2 [train]:  59%|█████████████         | 832/1407 [02:21<01:41,  5.67it/s, avg=4.06, loss=3.93]Epoch 2 [train]:  59%|█████████████         | 832/1407 [02:21<01:41,  5.67it/s, avg=4.06, loss=3.87]Epoch 2 [train]:  59%|█████████████         | 833/1407 [02:21<01:40,  5.72it/s, avg=4.06, loss=3.87]Epoch 2 [train]:  59%|██████████████▊          | 833/1407 [02:21<01:40,  5.72it/s, avg=4.06, loss=4]Epoch 2 [train]:  59%|██████████████▊          | 834/1407 [02:21<01:39,  5.77it/s, avg=4.06, loss=4]Epoch 2 [train]:  59%|█████████████         | 834/1407 [02:21<01:39,  5.77it/s, avg=4.06, loss=4.02]Epoch 2 [train]:  59%|█████████████         | 835/1407 [02:21<01:35,  6.01it/s, avg=4.06, loss=4.02]Epoch 2 [train]:  59%|█████████████         | 835/1407 [02:21<01:35,  6.01it/s, avg=4.06, loss=3.95]Epoch 2 [train]:  59%|█████████████         | 836/1407 [02:21<01:30,  6.30it/s, avg=4.06, loss=3.95]Epoch 2 [train]:  59%|█████████████         | 836/1407 [02:21<01:30,  6.30it/s, avg=4.06, loss=4.07]Epoch 2 [train]:  59%|█████████████         | 837/1407 [02:21<01:35,  5.94it/s, avg=4.06, loss=4.07]Epoch 2 [train]:  59%|██████████████▊          | 837/1407 [02:22<01:35,  5.94it/s, avg=4.06, loss=4]Epoch 2 [train]:  60%|██████████████▉          | 838/1407 [02:22<01:42,  5.53it/s, avg=4.06, loss=4]Epoch 2 [train]:  60%|█████████████         | 838/1407 [02:22<01:42,  5.53it/s, avg=4.06, loss=4.06]Epoch 2 [train]:  60%|█████████████         | 839/1407 [02:22<01:51,  5.10it/s, avg=4.06, loss=4.06]Epoch 2 [train]:  60%|█████████████         | 839/1407 [02:22<01:51,  5.10it/s, avg=4.06, loss=4.01]Epoch 2 [train]:  60%|█████████████▏        | 840/1407 [02:22<01:54,  4.97it/s, avg=4.06, loss=4.01]Epoch 2 [train]:  60%|█████████████▏        | 840/1407 [02:22<01:54,  4.97it/s, avg=4.06, loss=4.28]Epoch 2 [train]:  60%|█████████████▏        | 841/1407 [02:22<01:59,  4.74it/s, avg=4.06, loss=4.28]Epoch 2 [train]:  60%|█████████████▏        | 841/1407 [02:22<01:59,  4.74it/s, avg=4.06, loss=3.96]Epoch 2 [train]:  60%|█████████████▏        | 842/1407 [02:22<01:52,  5.03it/s, avg=4.06, loss=3.96]Epoch 2 [train]:  60%|█████████████▏        | 842/1407 [02:23<01:52,  5.03it/s, avg=4.06, loss=4.05]Epoch 2 [train]:  60%|█████████████▏        | 843/1407 [02:23<01:50,  5.11it/s, avg=4.06, loss=4.05]Epoch 2 [train]:  60%|█████████████▏        | 843/1407 [02:23<01:50,  5.11it/s, avg=4.06, loss=3.93]Epoch 2 [train]:  60%|█████████████▏        | 844/1407 [02:23<01:52,  4.99it/s, avg=4.06, loss=3.93]Epoch 2 [train]:  60%|█████████████▏        | 844/1407 [02:23<01:52,  4.99it/s, avg=4.06, loss=3.85]Epoch 2 [train]:  60%|█████████████▏        | 845/1407 [02:23<01:45,  5.33it/s, avg=4.06, loss=3.85]Epoch 2 [train]:  60%|█████████████▏        | 845/1407 [02:23<01:45,  5.33it/s, avg=4.06, loss=4.11]Epoch 2 [train]:  60%|█████████████▏        | 846/1407 [02:23<01:42,  5.49it/s, avg=4.06, loss=4.11]Epoch 2 [train]:  60%|█████████████▏        | 846/1407 [02:23<01:42,  5.49it/s, avg=4.06, loss=3.85]Epoch 2 [train]:  60%|█████████████▏        | 847/1407 [02:23<01:35,  5.89it/s, avg=4.06, loss=3.85]Epoch 2 [train]:  60%|█████████████▊         | 847/1407 [02:23<01:35,  5.89it/s, avg=4.06, loss=4.1]Epoch 2 [train]:  60%|█████████████▊         | 848/1407 [02:23<01:30,  6.19it/s, avg=4.06, loss=4.1]Epoch 2 [train]:  60%|█████████████▎        | 848/1407 [02:24<01:30,  6.19it/s, avg=4.06, loss=3.93]Epoch 2 [train]:  60%|█████████████▎        | 849/1407 [02:24<01:28,  6.30it/s, avg=4.06, loss=3.93]Epoch 2 [train]:  60%|█████████████▎        | 849/1407 [02:24<01:28,  6.30it/s, avg=4.06, loss=4.13]Epoch 2 [train]:  60%|█████████████▎        | 850/1407 [02:24<01:37,  5.72it/s, avg=4.06, loss=4.13]Epoch 2 [train]:  60%|█████████████▎        | 850/1407 [02:24<01:37,  5.72it/s, avg=4.06, loss=3.96]Epoch 2 [train]:  60%|█████████████▎        | 851/1407 [02:24<01:30,  6.16it/s, avg=4.06, loss=3.96]Epoch 2 [train]:  60%|█████████████▎        | 851/1407 [02:24<01:30,  6.16it/s, avg=4.06, loss=3.83]Epoch 2 [train]:  61%|█████████████▎        | 852/1407 [02:24<01:28,  6.25it/s, avg=4.06, loss=3.83]Epoch 2 [train]:  61%|█████████████▎        | 852/1407 [02:24<01:28,  6.25it/s, avg=4.06, loss=3.92]Epoch 2 [train]:  61%|█████████████▎        | 853/1407 [02:24<01:27,  6.34it/s, avg=4.06, loss=3.92]Epoch 2 [train]:  61%|█████████████▉         | 853/1407 [02:24<01:27,  6.34it/s, avg=4.06, loss=3.8]Epoch 2 [train]:  61%|█████████████▉         | 854/1407 [02:24<01:24,  6.51it/s, avg=4.06, loss=3.8]Epoch 2 [train]:  61%|█████████████▎        | 854/1407 [02:25<01:24,  6.51it/s, avg=4.06, loss=3.97]Epoch 2 [train]:  61%|█████████████▎        | 855/1407 [02:25<01:26,  6.41it/s, avg=4.06, loss=3.97]Epoch 2 [train]:  61%|█████████████▎        | 855/1407 [02:25<01:26,  6.41it/s, avg=4.06, loss=4.09]Epoch 2 [train]:  61%|█████████████▍        | 856/1407 [02:25<01:20,  6.88it/s, avg=4.06, loss=4.09]Epoch 2 [train]:  61%|█████████████▍        | 856/1407 [02:25<01:20,  6.88it/s, avg=4.06, loss=3.99]Epoch 2 [train]:  61%|█████████████▍        | 857/1407 [02:25<01:20,  6.81it/s, avg=4.06, loss=3.99]Epoch 2 [train]:  61%|█████████████▍        | 857/1407 [02:25<01:20,  6.81it/s, avg=4.06, loss=4.05]Epoch 2 [train]:  61%|█████████████▍        | 858/1407 [02:25<01:23,  6.58it/s, avg=4.06, loss=4.05]Epoch 2 [train]:  61%|█████████████▍        | 858/1407 [02:25<01:23,  6.58it/s, avg=4.06, loss=3.84]Epoch 2 [train]:  61%|█████████████▍        | 859/1407 [02:25<01:22,  6.66it/s, avg=4.06, loss=3.84]Epoch 2 [train]:  61%|█████████████▍        | 859/1407 [02:25<01:22,  6.66it/s, avg=4.06, loss=3.85]Epoch 2 [train]:  61%|█████████████▍        | 860/1407 [02:25<01:24,  6.47it/s, avg=4.06, loss=3.85]Epoch 2 [train]:  61%|█████████████▍        | 860/1407 [02:25<01:24,  6.47it/s, avg=4.06, loss=4.04]Epoch 2 [train]:  61%|█████████████▍        | 861/1407 [02:25<01:28,  6.14it/s, avg=4.06, loss=4.04]Epoch 2 [train]:  61%|█████████████▍        | 861/1407 [02:26<01:28,  6.14it/s, avg=4.06, loss=3.77]Epoch 2 [train]:  61%|█████████████▍        | 862/1407 [02:26<01:27,  6.21it/s, avg=4.06, loss=3.77]Epoch 2 [train]:  61%|█████████████▍        | 862/1407 [02:26<01:27,  6.21it/s, avg=4.06, loss=3.97]Epoch 2 [train]:  61%|█████████████▍        | 863/1407 [02:26<01:28,  6.12it/s, avg=4.06, loss=3.97]Epoch 2 [train]:  61%|█████████████▍        | 863/1407 [02:26<01:28,  6.12it/s, avg=4.06, loss=4.23]Epoch 2 [train]:  61%|█████████████▌        | 864/1407 [02:26<01:31,  5.96it/s, avg=4.06, loss=4.23]Epoch 2 [train]:  61%|█████████████▌        | 864/1407 [02:26<01:31,  5.96it/s, avg=4.06, loss=4.01]Epoch 2 [train]:  61%|█████████████▌        | 865/1407 [02:26<01:26,  6.26it/s, avg=4.06, loss=4.01]Epoch 2 [train]:  61%|██████████████▏        | 865/1407 [02:26<01:26,  6.26it/s, avg=4.06, loss=4.1]Epoch 2 [train]:  62%|██████████████▏        | 866/1407 [02:26<01:27,  6.18it/s, avg=4.06, loss=4.1]Epoch 2 [train]:  62%|█████████████▌        | 866/1407 [02:26<01:27,  6.18it/s, avg=4.06, loss=4.01]Epoch 2 [train]:  62%|█████████████▌        | 867/1407 [02:26<01:25,  6.33it/s, avg=4.06, loss=4.01]Epoch 2 [train]:  62%|██████████████▏        | 867/1407 [02:27<01:25,  6.33it/s, avg=4.06, loss=3.9]Epoch 2 [train]:  62%|██████████████▏        | 868/1407 [02:27<01:31,  5.88it/s, avg=4.06, loss=3.9]Epoch 2 [train]:  62%|███████████████▍         | 868/1407 [02:27<01:31,  5.88it/s, avg=4.06, loss=4]Epoch 2 [train]:  62%|███████████████▍         | 869/1407 [02:27<01:25,  6.31it/s, avg=4.06, loss=4]Epoch 2 [train]:  62%|█████████████▌        | 869/1407 [02:27<01:25,  6.31it/s, avg=4.06, loss=4.15]Epoch 2 [train]:  62%|█████████████▌        | 870/1407 [02:27<01:28,  6.10it/s, avg=4.06, loss=4.15]Epoch 2 [train]:  62%|█████████████▌        | 870/1407 [02:27<01:28,  6.10it/s, avg=4.06, loss=3.96]Epoch 2 [train]:  62%|█████████████▌        | 871/1407 [02:27<01:25,  6.27it/s, avg=4.06, loss=3.96]Epoch 2 [train]:  62%|█████████████▌        | 871/1407 [02:27<01:25,  6.27it/s, avg=4.06, loss=4.05]Epoch 2 [train]:  62%|█████████████▋        | 872/1407 [02:27<01:27,  6.10it/s, avg=4.06, loss=4.05]Epoch 2 [train]:  62%|█████████████▋        | 872/1407 [02:27<01:27,  6.10it/s, avg=4.06, loss=4.04]Epoch 2 [train]:  62%|█████████████▋        | 873/1407 [02:27<01:29,  5.95it/s, avg=4.06, loss=4.04]Epoch 2 [train]:  62%|█████████████▋        | 873/1407 [02:28<01:29,  5.95it/s, avg=4.06, loss=3.99]Epoch 2 [train]:  62%|█████████████▋        | 874/1407 [02:28<01:31,  5.83it/s, avg=4.06, loss=3.99]Epoch 2 [train]:  62%|█████████████▋        | 874/1407 [02:28<01:31,  5.83it/s, avg=4.06, loss=4.03]Epoch 2 [train]:  62%|█████████████▋        | 875/1407 [02:28<01:25,  6.19it/s, avg=4.06, loss=4.03]Epoch 2 [train]:  62%|█████████████▋        | 875/1407 [02:28<01:25,  6.19it/s, avg=4.06, loss=3.95]Epoch 2 [train]:  62%|█████████████▋        | 876/1407 [02:28<01:21,  6.51it/s, avg=4.06, loss=3.95]Epoch 2 [train]:  62%|█████████████▋        | 876/1407 [02:28<01:21,  6.51it/s, avg=4.06, loss=3.84]Epoch 2 [train]:  62%|█████████████▋        | 877/1407 [02:28<01:26,  6.12it/s, avg=4.06, loss=3.84]Epoch 2 [train]:  62%|█████████████▋        | 877/1407 [02:28<01:26,  6.12it/s, avg=4.06, loss=4.01]Epoch 2 [train]:  62%|█████████████▋        | 878/1407 [02:28<01:25,  6.19it/s, avg=4.06, loss=4.01]Epoch 2 [train]:  62%|█████████████▋        | 878/1407 [02:28<01:25,  6.19it/s, avg=4.06, loss=4.19]Epoch 2 [train]:  62%|█████████████▋        | 879/1407 [02:28<01:28,  5.98it/s, avg=4.06, loss=4.19]Epoch 2 [train]:  62%|█████████████▋        | 879/1407 [02:29<01:28,  5.98it/s, avg=4.06, loss=3.86]Epoch 2 [train]:  63%|█████████████▊        | 880/1407 [02:29<01:21,  6.44it/s, avg=4.06, loss=3.86]Epoch 2 [train]:  63%|█████████████▊        | 880/1407 [02:29<01:21,  6.44it/s, avg=4.06, loss=3.88]Epoch 2 [train]:  63%|█████████████▊        | 881/1407 [02:29<01:27,  5.99it/s, avg=4.06, loss=3.88]Epoch 2 [train]:  63%|█████████████▊        | 881/1407 [02:29<01:27,  5.99it/s, avg=4.06, loss=4.01]Epoch 2 [train]:  63%|█████████████▊        | 882/1407 [02:29<01:23,  6.31it/s, avg=4.06, loss=4.01]Epoch 2 [train]:  63%|█████████████▊        | 882/1407 [02:29<01:23,  6.31it/s, avg=4.06, loss=3.92]Epoch 2 [train]:  63%|█████████████▊        | 883/1407 [02:29<01:21,  6.41it/s, avg=4.06, loss=3.92]Epoch 2 [train]:  63%|█████████████▊        | 883/1407 [02:29<01:21,  6.41it/s, avg=4.06, loss=3.96]Epoch 2 [train]:  63%|█████████████▊        | 884/1407 [02:29<01:23,  6.26it/s, avg=4.06, loss=3.96]Epoch 2 [train]:  63%|█████████████▊        | 884/1407 [02:29<01:23,  6.26it/s, avg=4.06, loss=3.93]Epoch 2 [train]:  63%|█████████████▊        | 885/1407 [02:29<01:23,  6.22it/s, avg=4.06, loss=3.93]Epoch 2 [train]:  63%|█████████████▊        | 885/1407 [02:29<01:23,  6.22it/s, avg=4.06, loss=3.78]Epoch 2 [train]:  63%|█████████████▊        | 886/1407 [02:29<01:25,  6.13it/s, avg=4.06, loss=3.78]Epoch 2 [train]:  63%|█████████████▊        | 886/1407 [02:30<01:25,  6.13it/s, avg=4.06, loss=4.14]Epoch 2 [train]:  63%|█████████████▊        | 887/1407 [02:30<01:32,  5.60it/s, avg=4.06, loss=4.14]Epoch 2 [train]:  63%|██████████████▍        | 887/1407 [02:30<01:32,  5.60it/s, avg=4.06, loss=4.2]Epoch 2 [train]:  63%|██████████████▌        | 888/1407 [02:30<01:30,  5.73it/s, avg=4.06, loss=4.2]Epoch 2 [train]:  63%|█████████████▉        | 888/1407 [02:30<01:30,  5.73it/s, avg=4.06, loss=3.98]Epoch 2 [train]:  63%|█████████████▉        | 889/1407 [02:30<01:25,  6.06it/s, avg=4.06, loss=3.98]Epoch 2 [train]:  63%|█████████████▉        | 889/1407 [02:30<01:25,  6.06it/s, avg=4.06, loss=4.09]Epoch 2 [train]:  63%|█████████████▉        | 890/1407 [02:30<01:19,  6.52it/s, avg=4.06, loss=4.09]Epoch 2 [train]:  63%|█████████████▉        | 890/1407 [02:30<01:19,  6.52it/s, avg=4.06, loss=3.88]Epoch 2 [train]:  63%|█████████████▉        | 891/1407 [02:30<01:22,  6.28it/s, avg=4.06, loss=3.88]Epoch 2 [train]:  63%|█████████████▉        | 891/1407 [02:30<01:22,  6.28it/s, avg=4.06, loss=3.93]Epoch 2 [train]:  63%|█████████████▉        | 892/1407 [02:30<01:23,  6.19it/s, avg=4.06, loss=3.93]Epoch 2 [train]:  63%|█████████████▉        | 892/1407 [02:31<01:23,  6.19it/s, avg=4.06, loss=4.01]Epoch 2 [train]:  63%|█████████████▉        | 893/1407 [02:31<01:20,  6.39it/s, avg=4.06, loss=4.01]Epoch 2 [train]:  63%|█████████████▉        | 893/1407 [02:31<01:20,  6.39it/s, avg=4.06, loss=3.84]Epoch 2 [train]:  64%|█████████████▉        | 894/1407 [02:31<01:21,  6.31it/s, avg=4.06, loss=3.84]Epoch 2 [train]:  64%|█████████████▉        | 894/1407 [02:31<01:21,  6.31it/s, avg=4.06, loss=3.88]Epoch 2 [train]:  64%|█████████████▉        | 895/1407 [02:31<01:21,  6.31it/s, avg=4.06, loss=3.88]Epoch 2 [train]:  64%|█████████████▉        | 895/1407 [02:31<01:21,  6.31it/s, avg=4.06, loss=3.84]Epoch 2 [train]:  64%|██████████████        | 896/1407 [02:31<01:29,  5.69it/s, avg=4.06, loss=3.84]Epoch 2 [train]:  64%|██████████████        | 896/1407 [02:31<01:29,  5.69it/s, avg=4.06, loss=4.02]Epoch 2 [train]:  64%|██████████████        | 897/1407 [02:31<01:33,  5.44it/s, avg=4.06, loss=4.02]Epoch 2 [train]:  64%|██████████████        | 897/1407 [02:32<01:33,  5.44it/s, avg=4.06, loss=4.04]Epoch 2 [train]:  64%|██████████████        | 898/1407 [02:32<01:31,  5.55it/s, avg=4.06, loss=4.04]Epoch 2 [train]:  64%|██████████████        | 898/1407 [02:32<01:31,  5.55it/s, avg=4.06, loss=4.06]Epoch 2 [train]:  64%|██████████████        | 899/1407 [02:32<01:27,  5.79it/s, avg=4.06, loss=4.06][train] epoch=2 batch=900/1407 loss=4.1693 avg=4.0558 gpu_mem=907MB
Epoch 2 [train]:  64%|██████████████        | 899/1407 [02:32<01:27,  5.79it/s, avg=4.06, loss=4.17]Epoch 2 [train]:  64%|██████████████        | 900/1407 [02:32<01:22,  6.17it/s, avg=4.06, loss=4.17]Epoch 2 [train]:  64%|██████████████        | 900/1407 [02:32<01:22,  6.17it/s, avg=4.06, loss=4.07]Epoch 2 [train]:  64%|██████████████        | 901/1407 [02:32<01:28,  5.69it/s, avg=4.06, loss=4.07]Epoch 2 [train]:  64%|██████████████        | 901/1407 [02:32<01:28,  5.69it/s, avg=4.06, loss=3.96]Epoch 2 [train]:  64%|██████████████        | 902/1407 [02:32<01:29,  5.62it/s, avg=4.06, loss=3.96]Epoch 2 [train]:  64%|██████████████        | 902/1407 [02:32<01:29,  5.62it/s, avg=4.06, loss=3.89]Epoch 2 [train]:  64%|██████████████        | 903/1407 [02:32<01:30,  5.59it/s, avg=4.06, loss=3.89]Epoch 2 [train]:  64%|██████████████        | 903/1407 [02:33<01:30,  5.59it/s, avg=4.06, loss=3.94]Epoch 2 [train]:  64%|██████████████▏       | 904/1407 [02:33<01:28,  5.69it/s, avg=4.06, loss=3.94]Epoch 2 [train]:  64%|██████████████▏       | 904/1407 [02:33<01:28,  5.69it/s, avg=4.06, loss=3.87]Epoch 2 [train]:  64%|██████████████▏       | 905/1407 [02:33<01:25,  5.85it/s, avg=4.06, loss=3.87]Epoch 2 [train]:  64%|██████████████▏       | 905/1407 [02:33<01:25,  5.85it/s, avg=4.06, loss=4.14]Epoch 2 [train]:  64%|██████████████▏       | 906/1407 [02:33<01:23,  6.02it/s, avg=4.06, loss=4.14]Epoch 2 [train]:  64%|██████████████▏       | 906/1407 [02:33<01:23,  6.02it/s, avg=4.06, loss=4.12]Epoch 2 [train]:  64%|██████████████▏       | 907/1407 [02:33<01:33,  5.35it/s, avg=4.06, loss=4.12]Epoch 2 [train]:  64%|██████████████▏       | 907/1407 [02:33<01:33,  5.35it/s, avg=4.06, loss=3.98]Epoch 2 [train]:  65%|██████████████▏       | 908/1407 [02:33<01:36,  5.17it/s, avg=4.06, loss=3.98]Epoch 2 [train]:  65%|██████████████▏       | 908/1407 [02:33<01:36,  5.17it/s, avg=4.06, loss=4.07]Epoch 2 [train]:  65%|██████████████▏       | 909/1407 [02:33<01:30,  5.53it/s, avg=4.06, loss=4.07]Epoch 2 [train]:  65%|██████████████▏       | 909/1407 [02:34<01:30,  5.53it/s, avg=4.06, loss=3.99]Epoch 2 [train]:  65%|██████████████▏       | 910/1407 [02:34<01:28,  5.60it/s, avg=4.06, loss=3.99]Epoch 2 [train]:  65%|██████████████▏       | 910/1407 [02:34<01:28,  5.60it/s, avg=4.06, loss=4.08]Epoch 2 [train]:  65%|██████████████▏       | 911/1407 [02:34<01:30,  5.50it/s, avg=4.06, loss=4.08]Epoch 2 [train]:  65%|██████████████▏       | 911/1407 [02:34<01:30,  5.50it/s, avg=4.06, loss=3.97]Epoch 2 [train]:  65%|██████████████▎       | 912/1407 [02:34<01:26,  5.72it/s, avg=4.06, loss=3.97]Epoch 2 [train]:  65%|████████████████▏        | 912/1407 [02:34<01:26,  5.72it/s, avg=4.06, loss=4]Epoch 2 [train]:  65%|████████████████▏        | 913/1407 [02:34<01:30,  5.44it/s, avg=4.06, loss=4]Epoch 2 [train]:  65%|██████████████▎       | 913/1407 [02:34<01:30,  5.44it/s, avg=4.06, loss=3.97]Epoch 2 [train]:  65%|██████████████▎       | 914/1407 [02:34<01:24,  5.87it/s, avg=4.06, loss=3.97]Epoch 2 [train]:  65%|██████████████▎       | 914/1407 [02:35<01:24,  5.87it/s, avg=4.05, loss=3.89]Epoch 2 [train]:  65%|██████████████▎       | 915/1407 [02:35<01:25,  5.74it/s, avg=4.05, loss=3.89]Epoch 2 [train]:  65%|██████████████▎       | 915/1407 [02:35<01:25,  5.74it/s, avg=4.05, loss=4.09]Epoch 2 [train]:  65%|██████████████▎       | 916/1407 [02:35<01:22,  5.94it/s, avg=4.05, loss=4.09]Epoch 2 [train]:  65%|██████████████▎       | 916/1407 [02:35<01:22,  5.94it/s, avg=4.05, loss=4.13]Epoch 2 [train]:  65%|██████████████▎       | 917/1407 [02:35<01:19,  6.16it/s, avg=4.05, loss=4.13]Epoch 2 [train]:  65%|██████████████▎       | 917/1407 [02:35<01:19,  6.16it/s, avg=4.05, loss=4.05]Epoch 2 [train]:  65%|██████████████▎       | 918/1407 [02:35<01:21,  5.96it/s, avg=4.05, loss=4.05]Epoch 2 [train]:  65%|██████████████▎       | 918/1407 [02:35<01:21,  5.96it/s, avg=4.05, loss=3.82]Epoch 2 [train]:  65%|██████████████▎       | 919/1407 [02:35<01:21,  6.00it/s, avg=4.05, loss=3.82]Epoch 2 [train]:  65%|██████████████▎       | 919/1407 [02:35<01:21,  6.00it/s, avg=4.05, loss=3.82]Epoch 2 [train]:  65%|██████████████▍       | 920/1407 [02:35<01:16,  6.34it/s, avg=4.05, loss=3.82]Epoch 2 [train]:  65%|██████████████▍       | 920/1407 [02:35<01:16,  6.34it/s, avg=4.05, loss=3.99]Epoch 2 [train]:  65%|██████████████▍       | 921/1407 [02:35<01:13,  6.62it/s, avg=4.05, loss=3.99]Epoch 2 [train]:  65%|██████████████▍       | 921/1407 [02:36<01:13,  6.62it/s, avg=4.05, loss=3.87]Epoch 2 [train]:  66%|██████████████▍       | 922/1407 [02:36<01:16,  6.34it/s, avg=4.05, loss=3.87]Epoch 2 [train]:  66%|███████████████        | 922/1407 [02:36<01:16,  6.34it/s, avg=4.05, loss=4.1]Epoch 2 [train]:  66%|███████████████        | 923/1407 [02:36<01:19,  6.07it/s, avg=4.05, loss=4.1]Epoch 2 [train]:  66%|████████████████▍        | 923/1407 [02:36<01:19,  6.07it/s, avg=4.05, loss=4]Epoch 2 [train]:  66%|████████████████▍        | 924/1407 [02:36<01:15,  6.39it/s, avg=4.05, loss=4]Epoch 2 [train]:  66%|███████████████        | 924/1407 [02:36<01:15,  6.39it/s, avg=4.05, loss=4.2]Epoch 2 [train]:  66%|███████████████        | 925/1407 [02:36<01:18,  6.15it/s, avg=4.05, loss=4.2]Epoch 2 [train]:  66%|██████████████▍       | 925/1407 [02:36<01:18,  6.15it/s, avg=4.05, loss=4.06]Epoch 2 [train]:  66%|██████████████▍       | 926/1407 [02:36<01:16,  6.29it/s, avg=4.05, loss=4.06]Epoch 2 [train]:  66%|██████████████▍       | 926/1407 [02:36<01:16,  6.29it/s, avg=4.05, loss=3.91]Epoch 2 [train]:  66%|██████████████▍       | 927/1407 [02:36<01:20,  5.98it/s, avg=4.05, loss=3.91]Epoch 2 [train]:  66%|██████████████▍       | 927/1407 [02:37<01:20,  5.98it/s, avg=4.05, loss=4.01]Epoch 2 [train]:  66%|██████████████▌       | 928/1407 [02:37<01:17,  6.17it/s, avg=4.05, loss=4.01]Epoch 2 [train]:  66%|██████████████▌       | 928/1407 [02:37<01:17,  6.17it/s, avg=4.05, loss=4.03]Epoch 2 [train]:  66%|██████████████▌       | 929/1407 [02:37<01:18,  6.07it/s, avg=4.05, loss=4.03]Epoch 2 [train]:  66%|██████████████▌       | 929/1407 [02:37<01:18,  6.07it/s, avg=4.05, loss=4.01]Epoch 2 [train]:  66%|██████████████▌       | 930/1407 [02:37<01:19,  5.97it/s, avg=4.05, loss=4.01]Epoch 2 [train]:  66%|██████████████▌       | 930/1407 [02:37<01:19,  5.97it/s, avg=4.05, loss=3.94]Epoch 2 [train]:  66%|██████████████▌       | 931/1407 [02:37<01:17,  6.17it/s, avg=4.05, loss=3.94]Epoch 2 [train]:  66%|██████████████▌       | 931/1407 [02:37<01:17,  6.17it/s, avg=4.05, loss=4.09]Epoch 2 [train]:  66%|██████████████▌       | 932/1407 [02:37<01:11,  6.64it/s, avg=4.05, loss=4.09]Epoch 2 [train]:  66%|██████████████▌       | 932/1407 [02:37<01:11,  6.64it/s, avg=4.05, loss=4.07]Epoch 2 [train]:  66%|██████████████▌       | 933/1407 [02:37<01:20,  5.88it/s, avg=4.05, loss=4.07]Epoch 2 [train]:  66%|██████████████▌       | 933/1407 [02:38<01:20,  5.88it/s, avg=4.05, loss=3.97]Epoch 2 [train]:  66%|██████████████▌       | 934/1407 [02:38<01:19,  5.92it/s, avg=4.05, loss=3.97]Epoch 2 [train]:  66%|██████████████▌       | 934/1407 [02:38<01:19,  5.92it/s, avg=4.05, loss=3.81]Epoch 2 [train]:  66%|██████████████▌       | 935/1407 [02:38<01:21,  5.79it/s, avg=4.05, loss=3.81]Epoch 2 [train]:  66%|██████████████▌       | 935/1407 [02:38<01:21,  5.79it/s, avg=4.05, loss=3.83]Epoch 2 [train]:  67%|██████████████▋       | 936/1407 [02:38<01:22,  5.71it/s, avg=4.05, loss=3.83]Epoch 2 [train]:  67%|██████████████▋       | 936/1407 [02:38<01:22,  5.71it/s, avg=4.05, loss=3.99]Epoch 2 [train]:  67%|██████████████▋       | 937/1407 [02:38<01:17,  6.07it/s, avg=4.05, loss=3.99]Epoch 2 [train]:  67%|██████████████▋       | 937/1407 [02:38<01:17,  6.07it/s, avg=4.05, loss=4.15]Epoch 2 [train]:  67%|██████████████▋       | 938/1407 [02:38<01:14,  6.27it/s, avg=4.05, loss=4.15]Epoch 2 [train]:  67%|██████████████▋       | 938/1407 [02:38<01:14,  6.27it/s, avg=4.05, loss=4.21]Epoch 2 [train]:  67%|██████████████▋       | 939/1407 [02:38<01:13,  6.36it/s, avg=4.05, loss=4.21]Epoch 2 [train]:  67%|███████████████▎       | 939/1407 [02:39<01:13,  6.36it/s, avg=4.05, loss=3.8]Epoch 2 [train]:  67%|███████████████▎       | 940/1407 [02:39<01:11,  6.55it/s, avg=4.05, loss=3.8]Epoch 2 [train]:  67%|██████████████▋       | 940/1407 [02:39<01:11,  6.55it/s, avg=4.05, loss=4.01]Epoch 2 [train]:  67%|██████████████▋       | 941/1407 [02:39<01:12,  6.41it/s, avg=4.05, loss=4.01]Epoch 2 [train]:  67%|██████████████▋       | 941/1407 [02:39<01:12,  6.41it/s, avg=4.05, loss=3.95]Epoch 2 [train]:  67%|██████████████▋       | 942/1407 [02:39<01:09,  6.73it/s, avg=4.05, loss=3.95]Epoch 2 [train]:  67%|██████████████▋       | 942/1407 [02:39<01:09,  6.73it/s, avg=4.05, loss=4.03]Epoch 2 [train]:  67%|██████████████▋       | 943/1407 [02:39<01:20,  5.75it/s, avg=4.05, loss=4.03]Epoch 2 [train]:  67%|██████████████▋       | 943/1407 [02:39<01:20,  5.75it/s, avg=4.05, loss=4.11]Epoch 2 [train]:  67%|██████████████▊       | 944/1407 [02:39<01:28,  5.22it/s, avg=4.05, loss=4.11]Epoch 2 [train]:  67%|██████████████▊       | 944/1407 [02:40<01:28,  5.22it/s, avg=4.05, loss=3.81]Epoch 2 [train]:  67%|██████████████▊       | 945/1407 [02:40<01:33,  4.95it/s, avg=4.05, loss=3.81]Epoch 2 [train]:  67%|██████████████▊       | 945/1407 [02:40<01:33,  4.95it/s, avg=4.05, loss=3.79]Epoch 2 [train]:  67%|██████████████▊       | 946/1407 [02:40<01:31,  5.05it/s, avg=4.05, loss=3.79]Epoch 2 [train]:  67%|██████████████▊       | 946/1407 [02:40<01:31,  5.05it/s, avg=4.05, loss=3.96]Epoch 2 [train]:  67%|██████████████▊       | 947/1407 [02:40<01:24,  5.43it/s, avg=4.05, loss=3.96]Epoch 2 [train]:  67%|██████████████▊       | 947/1407 [02:40<01:24,  5.43it/s, avg=4.05, loss=3.92]Epoch 2 [train]:  67%|██████████████▊       | 948/1407 [02:40<01:27,  5.25it/s, avg=4.05, loss=3.92]Epoch 2 [train]:  67%|██████████████▊       | 948/1407 [02:40<01:27,  5.25it/s, avg=4.05, loss=3.86]Epoch 2 [train]:  67%|██████████████▊       | 949/1407 [02:40<01:22,  5.55it/s, avg=4.05, loss=3.86]Epoch 2 [train]:  67%|██████████████▊       | 949/1407 [02:40<01:22,  5.55it/s, avg=4.05, loss=3.99]Epoch 2 [train]:  68%|██████████████▊       | 950/1407 [02:40<01:19,  5.77it/s, avg=4.05, loss=3.99]Epoch 2 [train]:  68%|███████████████▌       | 950/1407 [02:41<01:19,  5.77it/s, avg=4.05, loss=3.8]Epoch 2 [train]:  68%|███████████████▌       | 951/1407 [02:41<01:22,  5.56it/s, avg=4.05, loss=3.8]Epoch 2 [train]:  68%|██████████████▊       | 951/1407 [02:41<01:22,  5.56it/s, avg=4.05, loss=3.87]Epoch 2 [train]:  68%|██████████████▉       | 952/1407 [02:41<01:18,  5.80it/s, avg=4.05, loss=3.87]Epoch 2 [train]:  68%|██████████████▉       | 952/1407 [02:41<01:18,  5.80it/s, avg=4.05, loss=3.77]Epoch 2 [train]:  68%|██████████████▉       | 953/1407 [02:41<01:15,  6.02it/s, avg=4.05, loss=3.77]Epoch 2 [train]:  68%|██████████████▉       | 953/1407 [02:41<01:15,  6.02it/s, avg=4.05, loss=3.95]Epoch 2 [train]:  68%|██████████████▉       | 954/1407 [02:41<01:16,  5.94it/s, avg=4.05, loss=3.95]Epoch 2 [train]:  68%|██████████████▉       | 954/1407 [02:41<01:16,  5.94it/s, avg=4.05, loss=3.48]Epoch 2 [train]:  68%|██████████████▉       | 955/1407 [02:41<01:13,  6.16it/s, avg=4.05, loss=3.48]Epoch 2 [train]:  68%|██████████████▉       | 955/1407 [02:41<01:13,  6.16it/s, avg=4.05, loss=4.09]Epoch 2 [train]:  68%|██████████████▉       | 956/1407 [02:41<01:11,  6.28it/s, avg=4.05, loss=4.09]Epoch 2 [train]:  68%|██████████████▉       | 956/1407 [02:42<01:11,  6.28it/s, avg=4.05, loss=4.03]Epoch 2 [train]:  68%|██████████████▉       | 957/1407 [02:42<01:09,  6.47it/s, avg=4.05, loss=4.03]Epoch 2 [train]:  68%|██████████████▉       | 957/1407 [02:42<01:09,  6.47it/s, avg=4.05, loss=3.94]Epoch 2 [train]:  68%|██████████████▉       | 958/1407 [02:42<01:08,  6.56it/s, avg=4.05, loss=3.94]Epoch 2 [train]:  68%|██████████████▉       | 958/1407 [02:42<01:08,  6.56it/s, avg=4.05, loss=4.04]Epoch 2 [train]:  68%|██████████████▉       | 959/1407 [02:42<01:07,  6.66it/s, avg=4.05, loss=4.04]Epoch 2 [train]:  68%|██████████████▉       | 959/1407 [02:42<01:07,  6.66it/s, avg=4.05, loss=3.89]Epoch 2 [train]:  68%|███████████████       | 960/1407 [02:42<01:17,  5.79it/s, avg=4.05, loss=3.89]Epoch 2 [train]:  68%|███████████████       | 960/1407 [02:42<01:17,  5.79it/s, avg=4.05, loss=4.06]Epoch 2 [train]:  68%|███████████████       | 961/1407 [02:42<01:15,  5.88it/s, avg=4.05, loss=4.06]Epoch 2 [train]:  68%|███████████████       | 961/1407 [02:42<01:15,  5.88it/s, avg=4.05, loss=4.04]Epoch 2 [train]:  68%|███████████████       | 962/1407 [02:42<01:07,  6.63it/s, avg=4.05, loss=4.04]Epoch 2 [train]:  68%|█████████████████        | 962/1407 [02:42<01:07,  6.63it/s, avg=4.05, loss=4]Epoch 2 [train]:  68%|█████████████████        | 963/1407 [02:42<01:03,  6.97it/s, avg=4.05, loss=4]Epoch 2 [train]:  68%|███████████████       | 963/1407 [02:43<01:03,  6.97it/s, avg=4.05, loss=3.93]Epoch 2 [train]:  69%|███████████████       | 964/1407 [02:43<01:06,  6.65it/s, avg=4.05, loss=3.93]Epoch 2 [train]:  69%|███████████████       | 964/1407 [02:43<01:06,  6.65it/s, avg=4.05, loss=3.87]Epoch 2 [train]:  69%|███████████████       | 965/1407 [02:43<01:07,  6.56it/s, avg=4.05, loss=3.87]Epoch 2 [train]:  69%|███████████████       | 965/1407 [02:43<01:07,  6.56it/s, avg=4.05, loss=3.94]Epoch 2 [train]:  69%|███████████████       | 966/1407 [02:43<01:07,  6.58it/s, avg=4.05, loss=3.94]Epoch 2 [train]:  69%|███████████████       | 966/1407 [02:43<01:07,  6.58it/s, avg=4.05, loss=3.79]Epoch 2 [train]:  69%|███████████████       | 967/1407 [02:43<01:13,  6.00it/s, avg=4.05, loss=3.79]Epoch 2 [train]:  69%|███████████████       | 967/1407 [02:43<01:13,  6.00it/s, avg=4.05, loss=3.96]Epoch 2 [train]:  69%|███████████████▏      | 968/1407 [02:43<01:15,  5.78it/s, avg=4.05, loss=3.96]Epoch 2 [train]:  69%|███████████████▏      | 968/1407 [02:43<01:15,  5.78it/s, avg=4.05, loss=4.15]Epoch 2 [train]:  69%|███████████████▏      | 969/1407 [02:43<01:16,  5.71it/s, avg=4.05, loss=4.15]Epoch 2 [train]:  69%|███████████████▏      | 969/1407 [02:44<01:16,  5.71it/s, avg=4.05, loss=3.83]Epoch 2 [train]:  69%|███████████████▏      | 970/1407 [02:44<01:12,  6.03it/s, avg=4.05, loss=3.83]Epoch 2 [train]:  69%|███████████████▏      | 970/1407 [02:44<01:12,  6.03it/s, avg=4.05, loss=3.98]Epoch 2 [train]:  69%|███████████████▏      | 971/1407 [02:44<01:14,  5.87it/s, avg=4.05, loss=3.98]Epoch 2 [train]:  69%|███████████████▏      | 971/1407 [02:44<01:14,  5.87it/s, avg=4.05, loss=3.95]Epoch 2 [train]:  69%|███████████████▏      | 972/1407 [02:44<01:12,  6.04it/s, avg=4.05, loss=3.95]Epoch 2 [train]:  69%|███████████████▏      | 972/1407 [02:44<01:12,  6.04it/s, avg=4.05, loss=4.01]Epoch 2 [train]:  69%|███████████████▏      | 973/1407 [02:44<01:08,  6.34it/s, avg=4.05, loss=4.01]Epoch 2 [train]:  69%|███████████████▏      | 973/1407 [02:44<01:08,  6.34it/s, avg=4.05, loss=3.92]Epoch 2 [train]:  69%|███████████████▏      | 974/1407 [02:44<01:11,  6.04it/s, avg=4.05, loss=3.92]Epoch 2 [train]:  69%|███████████████▏      | 974/1407 [02:44<01:11,  6.04it/s, avg=4.05, loss=4.06]Epoch 2 [train]:  69%|███████████████▏      | 975/1407 [02:44<01:12,  5.94it/s, avg=4.05, loss=4.06]Epoch 2 [train]:  69%|███████████████▏      | 975/1407 [02:45<01:12,  5.94it/s, avg=4.05, loss=3.93]Epoch 2 [train]:  69%|███████████████▎      | 976/1407 [02:45<01:10,  6.11it/s, avg=4.05, loss=3.93]Epoch 2 [train]:  69%|███████████████▎      | 976/1407 [02:45<01:10,  6.11it/s, avg=4.05, loss=3.97]Epoch 2 [train]:  69%|███████████████▎      | 977/1407 [02:45<01:12,  5.96it/s, avg=4.05, loss=3.97]Epoch 2 [train]:  69%|███████████████▎      | 977/1407 [02:45<01:12,  5.96it/s, avg=4.05, loss=3.87]Epoch 2 [train]:  70%|███████████████▎      | 978/1407 [02:45<01:13,  5.85it/s, avg=4.05, loss=3.87]Epoch 2 [train]:  70%|███████████████▎      | 978/1407 [02:45<01:13,  5.85it/s, avg=4.05, loss=3.87]Epoch 2 [train]:  70%|███████████████▎      | 979/1407 [02:45<01:11,  6.02it/s, avg=4.05, loss=3.87]Epoch 2 [train]:  70%|███████████████▎      | 979/1407 [02:45<01:11,  6.02it/s, avg=4.05, loss=3.96]Epoch 2 [train]:  70%|███████████████▎      | 980/1407 [02:45<01:11,  5.96it/s, avg=4.05, loss=3.96]Epoch 2 [train]:  70%|███████████████▎      | 980/1407 [02:45<01:11,  5.96it/s, avg=4.05, loss=4.03]Epoch 2 [train]:  70%|███████████████▎      | 981/1407 [02:45<01:13,  5.83it/s, avg=4.05, loss=4.03]Epoch 2 [train]:  70%|███████████████▎      | 981/1407 [02:46<01:13,  5.83it/s, avg=4.05, loss=4.06]Epoch 2 [train]:  70%|███████████████▎      | 982/1407 [02:46<01:09,  6.10it/s, avg=4.05, loss=4.06]Epoch 2 [train]:  70%|███████████████▎      | 982/1407 [02:46<01:09,  6.10it/s, avg=4.05, loss=4.02]Epoch 2 [train]:  70%|███████████████▎      | 983/1407 [02:46<01:08,  6.21it/s, avg=4.05, loss=4.02]Epoch 2 [train]:  70%|███████████████▎      | 983/1407 [02:46<01:08,  6.21it/s, avg=4.05, loss=3.92]Epoch 2 [train]:  70%|███████████████▍      | 984/1407 [02:46<01:12,  5.81it/s, avg=4.05, loss=3.92]Epoch 2 [train]:  70%|███████████████▍      | 984/1407 [02:46<01:12,  5.81it/s, avg=4.05, loss=4.04]Epoch 2 [train]:  70%|███████████████▍      | 985/1407 [02:46<01:10,  5.94it/s, avg=4.05, loss=4.04]Epoch 2 [train]:  70%|███████████████▍      | 985/1407 [02:46<01:10,  5.94it/s, avg=4.05, loss=3.88]Epoch 2 [train]:  70%|███████████████▍      | 986/1407 [02:46<01:14,  5.66it/s, avg=4.05, loss=3.88]Epoch 2 [train]:  70%|███████████████▍      | 986/1407 [02:47<01:14,  5.66it/s, avg=4.05, loss=4.06]Epoch 2 [train]:  70%|███████████████▍      | 987/1407 [02:47<01:15,  5.59it/s, avg=4.05, loss=4.06]Epoch 2 [train]:  70%|███████████████▍      | 987/1407 [02:47<01:15,  5.59it/s, avg=4.05, loss=3.87]Epoch 2 [train]:  70%|███████████████▍      | 988/1407 [02:47<01:10,  5.96it/s, avg=4.05, loss=3.87]Epoch 2 [train]:  70%|███████████████▍      | 988/1407 [02:47<01:10,  5.96it/s, avg=4.05, loss=4.02]Epoch 2 [train]:  70%|███████████████▍      | 989/1407 [02:47<01:07,  6.16it/s, avg=4.05, loss=4.02]Epoch 2 [train]:  70%|███████████████▍      | 989/1407 [02:47<01:07,  6.16it/s, avg=4.05, loss=3.87]Epoch 2 [train]:  70%|███████████████▍      | 990/1407 [02:47<01:14,  5.62it/s, avg=4.05, loss=3.87]Epoch 2 [train]:  70%|███████████████▍      | 990/1407 [02:47<01:14,  5.62it/s, avg=4.05, loss=3.95]Epoch 2 [train]:  70%|███████████████▍      | 991/1407 [02:47<01:12,  5.74it/s, avg=4.05, loss=3.95]Epoch 2 [train]:  70%|███████████████▍      | 991/1407 [02:47<01:12,  5.74it/s, avg=4.05, loss=3.71]Epoch 2 [train]:  71%|███████████████▌      | 992/1407 [02:47<01:07,  6.16it/s, avg=4.05, loss=3.71]Epoch 2 [train]:  71%|███████████████▌      | 992/1407 [02:47<01:07,  6.16it/s, avg=4.05, loss=3.77]Epoch 2 [train]:  71%|███████████████▌      | 993/1407 [02:47<01:10,  5.90it/s, avg=4.05, loss=3.77]Epoch 2 [train]:  71%|███████████████▌      | 993/1407 [02:48<01:10,  5.90it/s, avg=4.05, loss=3.93]Epoch 2 [train]:  71%|███████████████▌      | 994/1407 [02:48<01:10,  5.88it/s, avg=4.05, loss=3.93]Epoch 2 [train]:  71%|███████████████▌      | 994/1407 [02:48<01:10,  5.88it/s, avg=4.05, loss=3.94]Epoch 2 [train]:  71%|███████████████▌      | 995/1407 [02:48<01:08,  6.03it/s, avg=4.05, loss=3.94]Epoch 2 [train]:  71%|███████████████▌      | 995/1407 [02:48<01:08,  6.03it/s, avg=4.05, loss=4.04]Epoch 2 [train]:  71%|███████████████▌      | 996/1407 [02:48<01:10,  5.80it/s, avg=4.05, loss=4.04]Epoch 2 [train]:  71%|███████████████▌      | 996/1407 [02:48<01:10,  5.80it/s, avg=4.05, loss=3.95]Epoch 2 [train]:  71%|███████████████▌      | 997/1407 [02:48<01:09,  5.86it/s, avg=4.05, loss=3.95]Epoch 2 [train]:  71%|███████████████▌      | 997/1407 [02:48<01:09,  5.86it/s, avg=4.05, loss=4.08]Epoch 2 [train]:  71%|███████████████▌      | 998/1407 [02:48<01:11,  5.74it/s, avg=4.05, loss=4.08]Epoch 2 [train]:  71%|███████████████▌      | 998/1407 [02:49<01:11,  5.74it/s, avg=4.05, loss=3.99]Epoch 2 [train]:  71%|███████████████▌      | 999/1407 [02:49<01:07,  6.03it/s, avg=4.05, loss=3.99][train] epoch=2 batch=1000/1407 loss=4.0040 avg=4.0466 gpu_mem=938MB
Epoch 2 [train]:  71%|█████████████████▊       | 999/1407 [02:49<01:07,  6.03it/s, avg=4.05, loss=4]Epoch 2 [train]:  71%|█████████████████       | 1000/1407 [02:49<01:06,  6.11it/s, avg=4.05, loss=4]Epoch 2 [train]:  71%|██████████████▉      | 1000/1407 [02:49<01:06,  6.11it/s, avg=4.05, loss=4.07]Epoch 2 [train]:  71%|██████████████▉      | 1001/1407 [02:49<01:04,  6.31it/s, avg=4.05, loss=4.07]Epoch 2 [train]:  71%|██████████████▉      | 1001/1407 [02:49<01:04,  6.31it/s, avg=4.05, loss=3.92]Epoch 2 [train]:  71%|██████████████▉      | 1002/1407 [02:49<01:09,  5.85it/s, avg=4.05, loss=3.92]Epoch 2 [train]:  71%|██████████████▉      | 1002/1407 [02:49<01:09,  5.85it/s, avg=4.05, loss=3.95]Epoch 2 [train]:  71%|██████████████▉      | 1003/1407 [02:49<01:10,  5.75it/s, avg=4.05, loss=3.95]Epoch 2 [train]:  71%|██████████████▉      | 1003/1407 [02:49<01:10,  5.75it/s, avg=4.05, loss=4.04]Epoch 2 [train]:  71%|██████████████▉      | 1004/1407 [02:49<01:07,  5.95it/s, avg=4.05, loss=4.04]Epoch 2 [train]:  71%|█████████████████▏      | 1004/1407 [02:50<01:07,  5.95it/s, avg=4.05, loss=4]Epoch 2 [train]:  71%|█████████████████▏      | 1005/1407 [02:50<01:14,  5.42it/s, avg=4.05, loss=4]Epoch 2 [train]:  71%|███████████████      | 1005/1407 [02:50<01:14,  5.42it/s, avg=4.05, loss=3.94]Epoch 2 [train]:  71%|███████████████      | 1006/1407 [02:50<01:10,  5.67it/s, avg=4.05, loss=3.94]Epoch 2 [train]:  71%|███████████████      | 1006/1407 [02:50<01:10,  5.67it/s, avg=4.05, loss=3.76]Epoch 2 [train]:  72%|███████████████      | 1007/1407 [02:50<01:10,  5.69it/s, avg=4.05, loss=3.76]Epoch 2 [train]:  72%|███████████████      | 1007/1407 [02:50<01:10,  5.69it/s, avg=4.05, loss=3.95]Epoch 2 [train]:  72%|███████████████      | 1008/1407 [02:50<01:07,  5.91it/s, avg=4.05, loss=3.95]Epoch 2 [train]:  72%|███████████████      | 1008/1407 [02:50<01:07,  5.91it/s, avg=4.05, loss=3.85]Epoch 2 [train]:  72%|███████████████      | 1009/1407 [02:50<01:05,  6.05it/s, avg=4.05, loss=3.85]Epoch 2 [train]:  72%|███████████████      | 1009/1407 [02:50<01:05,  6.05it/s, avg=4.05, loss=3.95]Epoch 2 [train]:  72%|███████████████      | 1010/1407 [02:50<01:06,  5.93it/s, avg=4.05, loss=3.95]Epoch 2 [train]:  72%|███████████████      | 1010/1407 [02:51<01:06,  5.93it/s, avg=4.05, loss=3.77]Epoch 2 [train]:  72%|███████████████      | 1011/1407 [02:51<01:01,  6.41it/s, avg=4.05, loss=3.77]Epoch 2 [train]:  72%|███████████████      | 1011/1407 [02:51<01:01,  6.41it/s, avg=4.05, loss=4.16]Epoch 2 [train]:  72%|███████████████      | 1012/1407 [02:51<01:02,  6.32it/s, avg=4.05, loss=4.16]Epoch 2 [train]:  72%|███████████████      | 1012/1407 [02:51<01:02,  6.32it/s, avg=4.05, loss=3.92]Epoch 2 [train]:  72%|███████████████      | 1013/1407 [02:51<01:01,  6.45it/s, avg=4.05, loss=3.92]Epoch 2 [train]:  72%|███████████████      | 1013/1407 [02:51<01:01,  6.45it/s, avg=4.05, loss=4.06]Epoch 2 [train]:  72%|███████████████▏     | 1014/1407 [02:51<01:01,  6.34it/s, avg=4.05, loss=4.06]Epoch 2 [train]:  72%|███████████████▏     | 1014/1407 [02:51<01:01,  6.34it/s, avg=4.05, loss=3.91]Epoch 2 [train]:  72%|███████████████▏     | 1015/1407 [02:51<01:02,  6.29it/s, avg=4.05, loss=3.91]Epoch 2 [train]:  72%|███████████████▏     | 1015/1407 [02:51<01:02,  6.29it/s, avg=4.05, loss=3.99]Epoch 2 [train]:  72%|███████████████▏     | 1016/1407 [02:51<01:01,  6.38it/s, avg=4.05, loss=3.99]Epoch 2 [train]:  72%|███████████████▏     | 1016/1407 [02:51<01:01,  6.38it/s, avg=4.05, loss=3.94]Epoch 2 [train]:  72%|███████████████▏     | 1017/1407 [02:51<01:04,  6.02it/s, avg=4.05, loss=3.94]Epoch 2 [train]:  72%|███████████████▏     | 1017/1407 [02:52<01:04,  6.02it/s, avg=4.05, loss=4.03]Epoch 2 [train]:  72%|███████████████▏     | 1018/1407 [02:52<01:08,  5.67it/s, avg=4.05, loss=4.03]Epoch 2 [train]:  72%|███████████████▏     | 1018/1407 [02:52<01:08,  5.67it/s, avg=4.05, loss=4.16]Epoch 2 [train]:  72%|███████████████▏     | 1019/1407 [02:52<01:08,  5.70it/s, avg=4.05, loss=4.16]Epoch 2 [train]:  72%|███████████████▏     | 1019/1407 [02:52<01:08,  5.70it/s, avg=4.05, loss=3.96]Epoch 2 [train]:  72%|███████████████▏     | 1020/1407 [02:52<01:09,  5.56it/s, avg=4.05, loss=3.96]Epoch 2 [train]:  72%|███████████████▏     | 1020/1407 [02:52<01:09,  5.56it/s, avg=4.05, loss=4.13]Epoch 2 [train]:  73%|███████████████▏     | 1021/1407 [02:52<01:13,  5.23it/s, avg=4.05, loss=4.13]Epoch 2 [train]:  73%|███████████████▏     | 1021/1407 [02:52<01:13,  5.23it/s, avg=4.04, loss=3.85]Epoch 2 [train]:  73%|███████████████▎     | 1022/1407 [02:52<01:09,  5.58it/s, avg=4.04, loss=3.85]Epoch 2 [train]:  73%|███████████████▎     | 1022/1407 [02:53<01:09,  5.58it/s, avg=4.04, loss=3.77]Epoch 2 [train]:  73%|███████████████▎     | 1023/1407 [02:53<01:05,  5.87it/s, avg=4.04, loss=3.77]Epoch 2 [train]:  73%|███████████████▎     | 1023/1407 [02:53<01:05,  5.87it/s, avg=4.04, loss=3.85]Epoch 2 [train]:  73%|███████████████▎     | 1024/1407 [02:53<01:03,  6.04it/s, avg=4.04, loss=3.85]Epoch 2 [train]:  73%|███████████████▎     | 1024/1407 [02:53<01:03,  6.04it/s, avg=4.04, loss=4.04]Epoch 2 [train]:  73%|███████████████▎     | 1025/1407 [02:53<01:01,  6.17it/s, avg=4.04, loss=4.04]Epoch 2 [train]:  73%|███████████████▎     | 1025/1407 [02:53<01:01,  6.17it/s, avg=4.04, loss=3.93]Epoch 2 [train]:  73%|███████████████▎     | 1026/1407 [02:53<00:57,  6.62it/s, avg=4.04, loss=3.93]Epoch 2 [train]:  73%|███████████████▎     | 1026/1407 [02:53<00:57,  6.62it/s, avg=4.04, loss=3.83]Epoch 2 [train]:  73%|███████████████▎     | 1027/1407 [02:53<01:06,  5.69it/s, avg=4.04, loss=3.83]Epoch 2 [train]:  73%|███████████████▎     | 1027/1407 [02:53<01:06,  5.69it/s, avg=4.04, loss=3.73]Epoch 2 [train]:  73%|███████████████▎     | 1028/1407 [02:53<01:05,  5.83it/s, avg=4.04, loss=3.73]Epoch 2 [train]:  73%|███████████████▎     | 1028/1407 [02:54<01:05,  5.83it/s, avg=4.04, loss=3.99]Epoch 2 [train]:  73%|███████████████▎     | 1029/1407 [02:54<00:59,  6.34it/s, avg=4.04, loss=3.99]Epoch 2 [train]:  73%|███████████████▎     | 1029/1407 [02:54<00:59,  6.34it/s, avg=4.04, loss=4.01]Epoch 2 [train]:  73%|███████████████▎     | 1030/1407 [02:54<01:00,  6.20it/s, avg=4.04, loss=4.01]Epoch 2 [train]:  73%|███████████████▎     | 1030/1407 [02:54<01:00,  6.20it/s, avg=4.04, loss=3.83]Epoch 2 [train]:  73%|███████████████▍     | 1031/1407 [02:54<00:59,  6.36it/s, avg=4.04, loss=3.83]Epoch 2 [train]:  73%|███████████████▍     | 1031/1407 [02:54<00:59,  6.36it/s, avg=4.04, loss=3.88]Epoch 2 [train]:  73%|███████████████▍     | 1032/1407 [02:54<00:56,  6.67it/s, avg=4.04, loss=3.88]Epoch 2 [train]:  73%|███████████████▍     | 1032/1407 [02:54<00:56,  6.67it/s, avg=4.04, loss=3.95]Epoch 2 [train]:  73%|███████████████▍     | 1033/1407 [02:54<00:57,  6.47it/s, avg=4.04, loss=3.95]Epoch 2 [train]:  73%|███████████████▍     | 1033/1407 [02:54<00:57,  6.47it/s, avg=4.04, loss=3.87]Epoch 2 [train]:  73%|███████████████▍     | 1034/1407 [02:54<00:59,  6.23it/s, avg=4.04, loss=3.87]Epoch 2 [train]:  73%|███████████████▍     | 1034/1407 [02:54<00:59,  6.23it/s, avg=4.04, loss=3.97]Epoch 2 [train]:  74%|███████████████▍     | 1035/1407 [02:54<00:56,  6.56it/s, avg=4.04, loss=3.97]Epoch 2 [train]:  74%|███████████████▍     | 1035/1407 [02:55<00:56,  6.56it/s, avg=4.04, loss=3.92]Epoch 2 [train]:  74%|███████████████▍     | 1036/1407 [02:55<01:01,  6.06it/s, avg=4.04, loss=3.92]Epoch 2 [train]:  74%|███████████████▍     | 1036/1407 [02:55<01:01,  6.06it/s, avg=4.04, loss=3.85]Epoch 2 [train]:  74%|███████████████▍     | 1037/1407 [02:55<01:02,  5.92it/s, avg=4.04, loss=3.85]Epoch 2 [train]:  74%|███████████████▍     | 1037/1407 [02:55<01:02,  5.92it/s, avg=4.04, loss=3.93]Epoch 2 [train]:  74%|███████████████▍     | 1038/1407 [02:55<01:00,  6.11it/s, avg=4.04, loss=3.93]Epoch 2 [train]:  74%|███████████████▍     | 1038/1407 [02:55<01:00,  6.11it/s, avg=4.04, loss=3.93]Epoch 2 [train]:  74%|███████████████▌     | 1039/1407 [02:55<00:59,  6.21it/s, avg=4.04, loss=3.93]Epoch 2 [train]:  74%|███████████████▌     | 1039/1407 [02:55<00:59,  6.21it/s, avg=4.04, loss=3.72]Epoch 2 [train]:  74%|███████████████▌     | 1040/1407 [02:55<00:59,  6.15it/s, avg=4.04, loss=3.72]Epoch 2 [train]:  74%|███████████████▌     | 1040/1407 [02:55<00:59,  6.15it/s, avg=4.04, loss=3.95]Epoch 2 [train]:  74%|███████████████▌     | 1041/1407 [02:55<00:58,  6.23it/s, avg=4.04, loss=3.95]Epoch 2 [train]:  74%|███████████████▌     | 1041/1407 [02:56<00:58,  6.23it/s, avg=4.04, loss=4.06]Epoch 2 [train]:  74%|███████████████▌     | 1042/1407 [02:56<01:06,  5.48it/s, avg=4.04, loss=4.06]Epoch 2 [train]:  74%|███████████████▌     | 1042/1407 [02:56<01:06,  5.48it/s, avg=4.04, loss=3.84]Epoch 2 [train]:  74%|███████████████▌     | 1043/1407 [02:56<01:02,  5.83it/s, avg=4.04, loss=3.84]Epoch 2 [train]:  74%|███████████████▌     | 1043/1407 [02:56<01:02,  5.83it/s, avg=4.04, loss=4.15]Epoch 2 [train]:  74%|███████████████▌     | 1044/1407 [02:56<00:59,  6.13it/s, avg=4.04, loss=4.15]Epoch 2 [train]:  74%|███████████████▌     | 1044/1407 [02:56<00:59,  6.13it/s, avg=4.04, loss=3.94]Epoch 2 [train]:  74%|███████████████▌     | 1045/1407 [02:56<00:58,  6.21it/s, avg=4.04, loss=3.94]Epoch 2 [train]:  74%|███████████████▌     | 1045/1407 [02:56<00:58,  6.21it/s, avg=4.04, loss=3.97]Epoch 2 [train]:  74%|███████████████▌     | 1046/1407 [02:56<00:53,  6.70it/s, avg=4.04, loss=3.97]Epoch 2 [train]:  74%|███████████████▌     | 1046/1407 [02:56<00:53,  6.70it/s, avg=4.04, loss=3.98]Epoch 2 [train]:  74%|███████████████▋     | 1047/1407 [02:56<00:53,  6.72it/s, avg=4.04, loss=3.98]Epoch 2 [train]:  74%|█████████████████▊      | 1047/1407 [02:57<00:53,  6.72it/s, avg=4.04, loss=4]Epoch 2 [train]:  74%|█████████████████▉      | 1048/1407 [02:57<00:54,  6.59it/s, avg=4.04, loss=4]Epoch 2 [train]:  74%|███████████████▋     | 1048/1407 [02:57<00:54,  6.59it/s, avg=4.04, loss=3.85]Epoch 2 [train]:  75%|███████████████▋     | 1049/1407 [02:57<00:54,  6.61it/s, avg=4.04, loss=3.85]Epoch 2 [train]:  75%|███████████████▋     | 1049/1407 [02:57<00:54,  6.61it/s, avg=4.04, loss=3.96]Epoch 2 [train]:  75%|███████████████▋     | 1050/1407 [02:57<00:53,  6.69it/s, avg=4.04, loss=3.96]Epoch 2 [train]:  75%|███████████████▋     | 1050/1407 [02:57<00:53,  6.69it/s, avg=4.04, loss=3.93]Epoch 2 [train]:  75%|███████████████▋     | 1051/1407 [02:57<01:00,  5.86it/s, avg=4.04, loss=3.93]Epoch 2 [train]:  75%|████████████████▍     | 1051/1407 [02:57<01:00,  5.86it/s, avg=4.04, loss=3.9]Epoch 2 [train]:  75%|████████████████▍     | 1052/1407 [02:57<00:59,  5.93it/s, avg=4.04, loss=3.9]Epoch 2 [train]:  75%|███████████████▋     | 1052/1407 [02:57<00:59,  5.93it/s, avg=4.04, loss=4.12]Epoch 2 [train]:  75%|███████████████▋     | 1053/1407 [02:57<01:04,  5.53it/s, avg=4.04, loss=4.12]Epoch 2 [train]:  75%|███████████████▋     | 1053/1407 [02:58<01:04,  5.53it/s, avg=4.04, loss=4.01]Epoch 2 [train]:  75%|███████████████▋     | 1054/1407 [02:58<01:03,  5.54it/s, avg=4.04, loss=4.01]Epoch 2 [train]:  75%|███████████████▋     | 1054/1407 [02:58<01:03,  5.54it/s, avg=4.04, loss=4.09]Epoch 2 [train]:  75%|███████████████▋     | 1055/1407 [02:58<01:04,  5.46it/s, avg=4.04, loss=4.09]Epoch 2 [train]:  75%|███████████████▋     | 1055/1407 [02:58<01:04,  5.46it/s, avg=4.04, loss=3.98]Epoch 2 [train]:  75%|███████████████▊     | 1056/1407 [02:58<01:03,  5.55it/s, avg=4.04, loss=3.98]Epoch 2 [train]:  75%|███████████████▊     | 1056/1407 [02:58<01:03,  5.55it/s, avg=4.04, loss=3.97]Epoch 2 [train]:  75%|███████████████▊     | 1057/1407 [02:58<00:58,  6.00it/s, avg=4.04, loss=3.97]Epoch 2 [train]:  75%|███████████████▊     | 1057/1407 [02:58<00:58,  6.00it/s, avg=4.04, loss=3.86]Epoch 2 [train]:  75%|███████████████▊     | 1058/1407 [02:58<00:56,  6.13it/s, avg=4.04, loss=3.86]Epoch 2 [train]:  75%|██████████████████      | 1058/1407 [02:58<00:56,  6.13it/s, avg=4.04, loss=4]Epoch 2 [train]:  75%|██████████████████      | 1059/1407 [02:58<00:56,  6.12it/s, avg=4.04, loss=4]Epoch 2 [train]:  75%|████████████████▌     | 1059/1407 [02:59<00:56,  6.12it/s, avg=4.04, loss=3.9]Epoch 2 [train]:  75%|████████████████▌     | 1060/1407 [02:59<00:58,  5.92it/s, avg=4.04, loss=3.9]Epoch 2 [train]:  75%|███████████████▊     | 1060/1407 [02:59<00:58,  5.92it/s, avg=4.04, loss=4.04]Epoch 2 [train]:  75%|███████████████▊     | 1061/1407 [02:59<00:54,  6.31it/s, avg=4.04, loss=4.04]Epoch 2 [train]:  75%|███████████████▊     | 1061/1407 [02:59<00:54,  6.31it/s, avg=4.04, loss=4.03]Epoch 2 [train]:  75%|███████████████▊     | 1062/1407 [02:59<00:52,  6.55it/s, avg=4.04, loss=4.03]Epoch 2 [train]:  75%|███████████████▊     | 1062/1407 [02:59<00:52,  6.55it/s, avg=4.04, loss=3.88]Epoch 2 [train]:  76%|███████████████▊     | 1063/1407 [02:59<00:53,  6.47it/s, avg=4.04, loss=3.88]Epoch 2 [train]:  76%|███████████████▊     | 1063/1407 [02:59<00:53,  6.47it/s, avg=4.04, loss=3.95]Epoch 2 [train]:  76%|███████████████▉     | 1064/1407 [02:59<00:52,  6.52it/s, avg=4.04, loss=3.95]Epoch 2 [train]:  76%|███████████████▉     | 1064/1407 [02:59<00:52,  6.52it/s, avg=4.04, loss=3.79]Epoch 2 [train]:  76%|███████████████▉     | 1065/1407 [02:59<00:53,  6.45it/s, avg=4.04, loss=3.79]Epoch 2 [train]:  76%|███████████████▉     | 1065/1407 [03:00<00:53,  6.45it/s, avg=4.04, loss=3.79]Epoch 2 [train]:  76%|███████████████▉     | 1066/1407 [03:00<00:52,  6.55it/s, avg=4.04, loss=3.79]Epoch 2 [train]:  76%|███████████████▉     | 1066/1407 [03:00<00:52,  6.55it/s, avg=4.04, loss=3.92]Epoch 2 [train]:  76%|███████████████▉     | 1067/1407 [03:00<00:54,  6.26it/s, avg=4.04, loss=3.92]Epoch 2 [train]:  76%|███████████████▉     | 1067/1407 [03:00<00:54,  6.26it/s, avg=4.04, loss=3.87]Epoch 2 [train]:  76%|███████████████▉     | 1068/1407 [03:00<00:58,  5.80it/s, avg=4.04, loss=3.87]Epoch 2 [train]:  76%|███████████████▉     | 1068/1407 [03:00<00:58,  5.80it/s, avg=4.04, loss=4.04]Epoch 2 [train]:  76%|███████████████▉     | 1069/1407 [03:00<00:58,  5.78it/s, avg=4.04, loss=4.04]Epoch 2 [train]:  76%|███████████████▉     | 1069/1407 [03:00<00:58,  5.78it/s, avg=4.04, loss=4.08]Epoch 2 [train]:  76%|███████████████▉     | 1070/1407 [03:00<00:56,  5.99it/s, avg=4.04, loss=4.08]Epoch 2 [train]:  76%|███████████████▉     | 1070/1407 [03:00<00:56,  5.99it/s, avg=4.04, loss=3.91]Epoch 2 [train]:  76%|███████████████▉     | 1071/1407 [03:00<00:55,  6.06it/s, avg=4.04, loss=3.91]Epoch 2 [train]:  76%|███████████████▉     | 1071/1407 [03:01<00:55,  6.06it/s, avg=4.04, loss=3.81]Epoch 2 [train]:  76%|████████████████     | 1072/1407 [03:01<00:51,  6.54it/s, avg=4.04, loss=3.81]Epoch 2 [train]:  76%|████████████████     | 1072/1407 [03:01<00:51,  6.54it/s, avg=4.04, loss=3.96]Epoch 2 [train]:  76%|████████████████     | 1073/1407 [03:01<00:50,  6.60it/s, avg=4.04, loss=3.96]Epoch 2 [train]:  76%|████████████████     | 1073/1407 [03:01<00:50,  6.60it/s, avg=4.04, loss=4.03]Epoch 2 [train]:  76%|████████████████     | 1074/1407 [03:01<00:49,  6.66it/s, avg=4.04, loss=4.03]Epoch 2 [train]:  76%|████████████████     | 1074/1407 [03:01<00:49,  6.66it/s, avg=4.04, loss=3.85]Epoch 2 [train]:  76%|████████████████     | 1075/1407 [03:01<00:46,  7.15it/s, avg=4.04, loss=3.85]Epoch 2 [train]:  76%|████████████████     | 1075/1407 [03:01<00:46,  7.15it/s, avg=4.04, loss=4.06]Epoch 2 [train]:  76%|████████████████     | 1076/1407 [03:01<00:47,  7.00it/s, avg=4.04, loss=4.06]Epoch 2 [train]:  76%|████████████████     | 1076/1407 [03:01<00:47,  7.00it/s, avg=4.04, loss=3.95]Epoch 2 [train]:  77%|████████████████     | 1077/1407 [03:01<00:47,  6.90it/s, avg=4.04, loss=3.95]Epoch 2 [train]:  77%|████████████████▊     | 1077/1407 [03:01<00:47,  6.90it/s, avg=4.04, loss=4.1]Epoch 2 [train]:  77%|████████████████▊     | 1078/1407 [03:01<00:52,  6.24it/s, avg=4.04, loss=4.1]Epoch 2 [train]:  77%|████████████████     | 1078/1407 [03:02<00:52,  6.24it/s, avg=4.04, loss=3.96]Epoch 2 [train]:  77%|████████████████     | 1079/1407 [03:02<00:51,  6.40it/s, avg=4.04, loss=3.96]Epoch 2 [train]:  77%|████████████████     | 1079/1407 [03:02<00:51,  6.40it/s, avg=4.04, loss=3.81]Epoch 2 [train]:  77%|████████████████     | 1080/1407 [03:02<00:50,  6.52it/s, avg=4.04, loss=3.81]Epoch 2 [train]:  77%|████████████████     | 1080/1407 [03:02<00:50,  6.52it/s, avg=4.04, loss=3.99]Epoch 2 [train]:  77%|████████████████▏    | 1081/1407 [03:02<00:53,  6.04it/s, avg=4.04, loss=3.99]Epoch 2 [train]:  77%|████████████████▏    | 1081/1407 [03:02<00:53,  6.04it/s, avg=4.04, loss=4.15]Epoch 2 [train]:  77%|████████████████▏    | 1082/1407 [03:02<00:52,  6.14it/s, avg=4.04, loss=4.15]Epoch 2 [train]:  77%|████████████████▉     | 1082/1407 [03:02<00:52,  6.14it/s, avg=4.04, loss=3.8]Epoch 2 [train]:  77%|████████████████▉     | 1083/1407 [03:02<00:49,  6.51it/s, avg=4.04, loss=3.8]Epoch 2 [train]:  77%|████████████████▏    | 1083/1407 [03:02<00:49,  6.51it/s, avg=4.04, loss=3.96]Epoch 2 [train]:  77%|████████████████▏    | 1084/1407 [03:02<00:55,  5.87it/s, avg=4.04, loss=3.96]Epoch 2 [train]:  77%|████████████████▏    | 1084/1407 [03:03<00:55,  5.87it/s, avg=4.04, loss=4.02]Epoch 2 [train]:  77%|████████████████▏    | 1085/1407 [03:03<00:53,  6.06it/s, avg=4.04, loss=4.02]Epoch 2 [train]:  77%|████████████████▏    | 1085/1407 [03:03<00:53,  6.06it/s, avg=4.04, loss=4.11]Epoch 2 [train]:  77%|████████████████▏    | 1086/1407 [03:03<00:53,  6.04it/s, avg=4.04, loss=4.11]Epoch 2 [train]:  77%|████████████████▏    | 1086/1407 [03:03<00:53,  6.04it/s, avg=4.04, loss=4.08]Epoch 2 [train]:  77%|████████████████▏    | 1087/1407 [03:03<00:56,  5.71it/s, avg=4.04, loss=4.08]Epoch 2 [train]:  77%|████████████████▏    | 1087/1407 [03:03<00:56,  5.71it/s, avg=4.04, loss=4.27]Epoch 2 [train]:  77%|████████████████▏    | 1088/1407 [03:03<00:58,  5.49it/s, avg=4.04, loss=4.27]Epoch 2 [train]:  77%|████████████████▏    | 1088/1407 [03:03<00:58,  5.49it/s, avg=4.04, loss=3.97]Epoch 2 [train]:  77%|████████████████▎    | 1089/1407 [03:03<00:56,  5.65it/s, avg=4.04, loss=3.97]Epoch 2 [train]:  77%|████████████████▎    | 1089/1407 [03:03<00:56,  5.65it/s, avg=4.04, loss=4.11]Epoch 2 [train]:  77%|████████████████▎    | 1090/1407 [03:03<00:55,  5.68it/s, avg=4.04, loss=4.11]Epoch 2 [train]:  77%|████████████████▎    | 1090/1407 [03:04<00:55,  5.68it/s, avg=4.04, loss=3.87]Epoch 2 [train]:  78%|████████████████▎    | 1091/1407 [03:04<01:01,  5.17it/s, avg=4.04, loss=3.87]Epoch 2 [train]:  78%|████████████████▎    | 1091/1407 [03:04<01:01,  5.17it/s, avg=4.04, loss=3.87]Epoch 2 [train]:  78%|████████████████▎    | 1092/1407 [03:04<00:58,  5.40it/s, avg=4.04, loss=3.87]Epoch 2 [train]:  78%|████████████████▎    | 1092/1407 [03:04<00:58,  5.40it/s, avg=4.04, loss=4.09]Epoch 2 [train]:  78%|████████████████▎    | 1093/1407 [03:04<00:54,  5.75it/s, avg=4.04, loss=4.09]Epoch 2 [train]:  78%|████████████████▎    | 1093/1407 [03:04<00:54,  5.75it/s, avg=4.04, loss=3.99]Epoch 2 [train]:  78%|████████████████▎    | 1094/1407 [03:04<00:50,  6.24it/s, avg=4.04, loss=3.99]Epoch 2 [train]:  78%|████████████████▎    | 1094/1407 [03:04<00:50,  6.24it/s, avg=4.04, loss=3.89]Epoch 2 [train]:  78%|████████████████▎    | 1095/1407 [03:04<00:48,  6.41it/s, avg=4.04, loss=3.89]Epoch 2 [train]:  78%|████████████████▎    | 1095/1407 [03:04<00:48,  6.41it/s, avg=4.04, loss=3.96]Epoch 2 [train]:  78%|████████████████▎    | 1096/1407 [03:04<00:51,  5.99it/s, avg=4.04, loss=3.96]Epoch 2 [train]:  78%|████████████████▎    | 1096/1407 [03:05<00:51,  5.99it/s, avg=4.04, loss=3.88]Epoch 2 [train]:  78%|████████████████▎    | 1097/1407 [03:05<00:54,  5.65it/s, avg=4.04, loss=3.88]Epoch 2 [train]:  78%|████████████████▎    | 1097/1407 [03:05<00:54,  5.65it/s, avg=4.04, loss=3.81]Epoch 2 [train]:  78%|████████████████▍    | 1098/1407 [03:05<00:53,  5.81it/s, avg=4.04, loss=3.81]Epoch 2 [train]:  78%|████████████████▍    | 1098/1407 [03:05<00:53,  5.81it/s, avg=4.04, loss=4.08]Epoch 2 [train]:  78%|████████████████▍    | 1099/1407 [03:05<00:53,  5.81it/s, avg=4.04, loss=4.08][train] epoch=2 batch=1100/1407 loss=4.1005 avg=4.0384 gpu_mem=983MB
Epoch 2 [train]:  78%|█████████████████▏    | 1099/1407 [03:05<00:53,  5.81it/s, avg=4.04, loss=4.1]Epoch 2 [train]:  78%|█████████████████▏    | 1100/1407 [03:05<00:53,  5.77it/s, avg=4.04, loss=4.1]Epoch 2 [train]:  78%|████████████████▍    | 1100/1407 [03:05<00:53,  5.77it/s, avg=4.04, loss=4.05]Epoch 2 [train]:  78%|████████████████▍    | 1101/1407 [03:05<00:54,  5.59it/s, avg=4.04, loss=4.05]Epoch 2 [train]:  78%|████████████████▍    | 1101/1407 [03:06<00:54,  5.59it/s, avg=4.04, loss=3.93]Epoch 2 [train]:  78%|████████████████▍    | 1102/1407 [03:06<00:55,  5.46it/s, avg=4.04, loss=3.93]Epoch 2 [train]:  78%|████████████████▍    | 1102/1407 [03:06<00:55,  5.46it/s, avg=4.04, loss=4.03]Epoch 2 [train]:  78%|████████████████▍    | 1103/1407 [03:06<00:53,  5.68it/s, avg=4.04, loss=4.03]Epoch 2 [train]:  78%|████████████████▍    | 1103/1407 [03:06<00:53,  5.68it/s, avg=4.04, loss=3.88]Epoch 2 [train]:  78%|████████████████▍    | 1104/1407 [03:06<00:53,  5.70it/s, avg=4.04, loss=3.88]Epoch 2 [train]:  78%|████████████████▍    | 1104/1407 [03:06<00:53,  5.70it/s, avg=4.04, loss=4.04]Epoch 2 [train]:  79%|████████████████▍    | 1105/1407 [03:06<00:55,  5.42it/s, avg=4.04, loss=4.04]Epoch 2 [train]:  79%|████████████████▍    | 1105/1407 [03:06<00:55,  5.42it/s, avg=4.04, loss=4.13]Epoch 2 [train]:  79%|████████████████▌    | 1106/1407 [03:06<00:55,  5.46it/s, avg=4.04, loss=4.13]Epoch 2 [train]:  79%|████████████████▌    | 1106/1407 [03:06<00:55,  5.46it/s, avg=4.04, loss=4.09]Epoch 2 [train]:  79%|████████████████▌    | 1107/1407 [03:06<00:52,  5.77it/s, avg=4.04, loss=4.09]Epoch 2 [train]:  79%|████████████████▌    | 1107/1407 [03:07<00:52,  5.77it/s, avg=4.04, loss=3.94]Epoch 2 [train]:  79%|████████████████▌    | 1108/1407 [03:07<00:47,  6.27it/s, avg=4.04, loss=3.94]Epoch 2 [train]:  79%|█████████████████▎    | 1108/1407 [03:07<00:47,  6.27it/s, avg=4.04, loss=4.2]Epoch 2 [train]:  79%|█████████████████▎    | 1109/1407 [03:07<00:47,  6.27it/s, avg=4.04, loss=4.2]Epoch 2 [train]:  79%|████████████████▌    | 1109/1407 [03:07<00:47,  6.27it/s, avg=4.04, loss=4.11]Epoch 2 [train]:  79%|████████████████▌    | 1110/1407 [03:07<00:49,  6.06it/s, avg=4.04, loss=4.11]Epoch 2 [train]:  79%|████████████████▌    | 1110/1407 [03:07<00:49,  6.06it/s, avg=4.04, loss=4.04]Epoch 2 [train]:  79%|████████████████▌    | 1111/1407 [03:07<00:49,  5.95it/s, avg=4.04, loss=4.04]Epoch 2 [train]:  79%|█████████████████▎    | 1111/1407 [03:07<00:49,  5.95it/s, avg=4.04, loss=3.8]Epoch 2 [train]:  79%|█████████████████▍    | 1112/1407 [03:07<00:49,  5.92it/s, avg=4.04, loss=3.8]Epoch 2 [train]:  79%|████████████████▌    | 1112/1407 [03:07<00:49,  5.92it/s, avg=4.04, loss=4.11]Epoch 2 [train]:  79%|████████████████▌    | 1113/1407 [03:07<00:50,  5.85it/s, avg=4.04, loss=4.11]Epoch 2 [train]:  79%|████████████████▌    | 1113/1407 [03:08<00:50,  5.85it/s, avg=4.04, loss=4.02]Epoch 2 [train]:  79%|████████████████▋    | 1114/1407 [03:08<00:51,  5.67it/s, avg=4.04, loss=4.02]Epoch 2 [train]:  79%|████████████████▋    | 1114/1407 [03:08<00:51,  5.67it/s, avg=4.04, loss=4.09]Epoch 2 [train]:  79%|████████████████▋    | 1115/1407 [03:08<00:48,  6.04it/s, avg=4.04, loss=4.09]Epoch 2 [train]:  79%|████████████████▋    | 1115/1407 [03:08<00:48,  6.04it/s, avg=4.04, loss=4.03]Epoch 2 [train]:  79%|████████████████▋    | 1116/1407 [03:08<00:46,  6.24it/s, avg=4.04, loss=4.03]Epoch 2 [train]:  79%|████████████████▋    | 1116/1407 [03:08<00:46,  6.24it/s, avg=4.04, loss=4.04]Epoch 2 [train]:  79%|████████████████▋    | 1117/1407 [03:08<00:45,  6.35it/s, avg=4.04, loss=4.04]Epoch 2 [train]:  79%|████████████████▋    | 1117/1407 [03:08<00:45,  6.35it/s, avg=4.04, loss=3.96]Epoch 2 [train]:  79%|████████████████▋    | 1118/1407 [03:08<00:46,  6.22it/s, avg=4.04, loss=3.96]Epoch 2 [train]:  79%|████████████████▋    | 1118/1407 [03:08<00:46,  6.22it/s, avg=4.04, loss=3.99]Epoch 2 [train]:  80%|████████████████▋    | 1119/1407 [03:08<00:46,  6.19it/s, avg=4.04, loss=3.99]Epoch 2 [train]:  80%|████████████████▋    | 1119/1407 [03:09<00:46,  6.19it/s, avg=4.04, loss=4.09]Epoch 2 [train]:  80%|████████████████▋    | 1120/1407 [03:09<00:47,  6.00it/s, avg=4.04, loss=4.09]Epoch 2 [train]:  80%|████████████████▋    | 1120/1407 [03:09<00:47,  6.00it/s, avg=4.04, loss=3.94]Epoch 2 [train]:  80%|████████████████▋    | 1121/1407 [03:09<00:52,  5.48it/s, avg=4.04, loss=3.94]Epoch 2 [train]:  80%|████████████████▋    | 1121/1407 [03:09<00:52,  5.48it/s, avg=4.04, loss=4.16]Epoch 2 [train]:  80%|████████████████▋    | 1122/1407 [03:09<00:48,  5.92it/s, avg=4.04, loss=4.16]Epoch 2 [train]:  80%|████████████████▋    | 1122/1407 [03:09<00:48,  5.92it/s, avg=4.04, loss=4.04]Epoch 2 [train]:  80%|████████████████▊    | 1123/1407 [03:09<00:47,  6.00it/s, avg=4.04, loss=4.04]Epoch 2 [train]:  80%|████████████████▊    | 1123/1407 [03:09<00:47,  6.00it/s, avg=4.04, loss=3.99]Epoch 2 [train]:  80%|████████████████▊    | 1124/1407 [03:09<00:51,  5.51it/s, avg=4.04, loss=3.99]Epoch 2 [train]:  80%|████████████████▊    | 1124/1407 [03:09<00:51,  5.51it/s, avg=4.04, loss=4.01]Epoch 2 [train]:  80%|████████████████▊    | 1125/1407 [03:09<00:49,  5.73it/s, avg=4.04, loss=4.01]Epoch 2 [train]:  80%|████████████████▊    | 1125/1407 [03:10<00:49,  5.73it/s, avg=4.04, loss=3.89]Epoch 2 [train]:  80%|████████████████▊    | 1126/1407 [03:10<00:48,  5.84it/s, avg=4.04, loss=3.89]Epoch 2 [train]:  80%|████████████████▊    | 1126/1407 [03:10<00:48,  5.84it/s, avg=4.04, loss=4.12]Epoch 2 [train]:  80%|████████████████▊    | 1127/1407 [03:10<00:49,  5.68it/s, avg=4.04, loss=4.12]Epoch 2 [train]:  80%|████████████████▊    | 1127/1407 [03:10<00:49,  5.68it/s, avg=4.04, loss=3.97]Epoch 2 [train]:  80%|████████████████▊    | 1128/1407 [03:10<00:47,  5.86it/s, avg=4.04, loss=3.97]Epoch 2 [train]:  80%|████████████████▊    | 1128/1407 [03:10<00:47,  5.86it/s, avg=4.04, loss=3.78]Epoch 2 [train]:  80%|████████████████▊    | 1129/1407 [03:10<00:49,  5.64it/s, avg=4.04, loss=3.78]Epoch 2 [train]:  80%|████████████████▊    | 1129/1407 [03:10<00:49,  5.64it/s, avg=4.04, loss=4.04]Epoch 2 [train]:  80%|████████████████▊    | 1130/1407 [03:10<00:45,  6.07it/s, avg=4.04, loss=4.04]Epoch 2 [train]:  80%|████████████████▊    | 1130/1407 [03:10<00:45,  6.07it/s, avg=4.04, loss=3.97]Epoch 2 [train]:  80%|████████████████▉    | 1131/1407 [03:10<00:44,  6.26it/s, avg=4.04, loss=3.97]Epoch 2 [train]:  80%|████████████████▉    | 1131/1407 [03:11<00:44,  6.26it/s, avg=4.04, loss=3.97]Epoch 2 [train]:  80%|████████████████▉    | 1132/1407 [03:11<00:42,  6.51it/s, avg=4.04, loss=3.97]Epoch 2 [train]:  80%|████████████████▉    | 1132/1407 [03:11<00:42,  6.51it/s, avg=4.04, loss=3.86]Epoch 2 [train]:  81%|████████████████▉    | 1133/1407 [03:11<00:40,  6.71it/s, avg=4.04, loss=3.86]Epoch 2 [train]:  81%|████████████████▉    | 1133/1407 [03:11<00:40,  6.71it/s, avg=4.04, loss=4.04]Epoch 2 [train]:  81%|████████████████▉    | 1134/1407 [03:11<00:40,  6.82it/s, avg=4.04, loss=4.04]Epoch 2 [train]:  81%|████████████████▉    | 1134/1407 [03:11<00:40,  6.82it/s, avg=4.04, loss=3.88]Epoch 2 [train]:  81%|████████████████▉    | 1135/1407 [03:11<00:41,  6.49it/s, avg=4.04, loss=3.88]Epoch 2 [train]:  81%|████████████████▉    | 1135/1407 [03:11<00:41,  6.49it/s, avg=4.04, loss=4.19]Epoch 2 [train]:  81%|████████████████▉    | 1136/1407 [03:11<00:44,  6.02it/s, avg=4.04, loss=4.19]Epoch 2 [train]:  81%|████████████████▉    | 1136/1407 [03:11<00:44,  6.02it/s, avg=4.04, loss=3.76]Epoch 2 [train]:  81%|████████████████▉    | 1137/1407 [03:11<00:45,  5.98it/s, avg=4.04, loss=3.76]Epoch 2 [train]:  81%|████████████████▉    | 1137/1407 [03:12<00:45,  5.98it/s, avg=4.04, loss=3.89]Epoch 2 [train]:  81%|████████████████▉    | 1138/1407 [03:12<00:41,  6.41it/s, avg=4.04, loss=3.89]Epoch 2 [train]:  81%|████████████████▉    | 1138/1407 [03:12<00:41,  6.41it/s, avg=4.04, loss=4.15]Epoch 2 [train]:  81%|█████████████████    | 1139/1407 [03:12<00:42,  6.35it/s, avg=4.04, loss=4.15]Epoch 2 [train]:  81%|█████████████████    | 1139/1407 [03:12<00:42,  6.35it/s, avg=4.04, loss=3.82]Epoch 2 [train]:  81%|█████████████████    | 1140/1407 [03:12<00:41,  6.36it/s, avg=4.04, loss=3.82]Epoch 2 [train]:  81%|█████████████████    | 1140/1407 [03:12<00:41,  6.36it/s, avg=4.04, loss=4.05]Epoch 2 [train]:  81%|█████████████████    | 1141/1407 [03:12<00:43,  6.08it/s, avg=4.04, loss=4.05]Epoch 2 [train]:  81%|█████████████████    | 1141/1407 [03:12<00:43,  6.08it/s, avg=4.04, loss=4.04]Epoch 2 [train]:  81%|█████████████████    | 1142/1407 [03:12<00:44,  5.95it/s, avg=4.04, loss=4.04]Epoch 2 [train]:  81%|█████████████████    | 1142/1407 [03:12<00:44,  5.95it/s, avg=4.04, loss=3.82]Epoch 2 [train]:  81%|█████████████████    | 1143/1407 [03:12<00:42,  6.20it/s, avg=4.04, loss=3.82]Epoch 2 [train]:  81%|█████████████████    | 1143/1407 [03:12<00:42,  6.20it/s, avg=4.04, loss=4.07]Epoch 2 [train]:  81%|█████████████████    | 1144/1407 [03:12<00:41,  6.33it/s, avg=4.04, loss=4.07]Epoch 2 [train]:  81%|█████████████████    | 1144/1407 [03:13<00:41,  6.33it/s, avg=4.04, loss=4.08]Epoch 2 [train]:  81%|█████████████████    | 1145/1407 [03:13<00:46,  5.62it/s, avg=4.04, loss=4.08]Epoch 2 [train]:  81%|█████████████████    | 1145/1407 [03:13<00:46,  5.62it/s, avg=4.04, loss=4.07]Epoch 2 [train]:  81%|█████████████████    | 1146/1407 [03:13<00:43,  6.06it/s, avg=4.04, loss=4.07]Epoch 2 [train]:  81%|█████████████████    | 1146/1407 [03:13<00:43,  6.06it/s, avg=4.04, loss=3.94]Epoch 2 [train]:  82%|█████████████████    | 1147/1407 [03:13<00:46,  5.55it/s, avg=4.04, loss=3.94]Epoch 2 [train]:  82%|█████████████████    | 1147/1407 [03:13<00:46,  5.55it/s, avg=4.04, loss=3.97]Epoch 2 [train]:  82%|█████████████████▏   | 1148/1407 [03:13<00:45,  5.66it/s, avg=4.04, loss=3.97]Epoch 2 [train]:  82%|█████████████████▏   | 1148/1407 [03:13<00:45,  5.66it/s, avg=4.04, loss=4.11]Epoch 2 [train]:  82%|█████████████████▏   | 1149/1407 [03:13<00:46,  5.58it/s, avg=4.04, loss=4.11]Epoch 2 [train]:  82%|█████████████████▏   | 1149/1407 [03:14<00:46,  5.58it/s, avg=4.04, loss=4.02]Epoch 2 [train]:  82%|█████████████████▏   | 1150/1407 [03:14<00:50,  5.12it/s, avg=4.04, loss=4.02]Epoch 2 [train]:  82%|█████████████████▏   | 1150/1407 [03:14<00:50,  5.12it/s, avg=4.04, loss=4.01]Epoch 2 [train]:  82%|█████████████████▏   | 1151/1407 [03:14<00:48,  5.25it/s, avg=4.04, loss=4.01]Epoch 2 [train]:  82%|█████████████████▏   | 1151/1407 [03:14<00:48,  5.25it/s, avg=4.04, loss=4.03]Epoch 2 [train]:  82%|█████████████████▏   | 1152/1407 [03:14<00:46,  5.47it/s, avg=4.04, loss=4.03]Epoch 2 [train]:  82%|█████████████████▏   | 1152/1407 [03:14<00:46,  5.47it/s, avg=4.04, loss=3.91]Epoch 2 [train]:  82%|█████████████████▏   | 1153/1407 [03:14<00:44,  5.75it/s, avg=4.04, loss=3.91]Epoch 2 [train]:  82%|█████████████████▏   | 1153/1407 [03:14<00:44,  5.75it/s, avg=4.04, loss=3.83]Epoch 2 [train]:  82%|█████████████████▏   | 1154/1407 [03:14<00:41,  6.13it/s, avg=4.04, loss=3.83]Epoch 2 [train]:  82%|██████████████████    | 1154/1407 [03:14<00:41,  6.13it/s, avg=4.04, loss=3.9]Epoch 2 [train]:  82%|██████████████████    | 1155/1407 [03:14<00:41,  6.01it/s, avg=4.04, loss=3.9]Epoch 2 [train]:  82%|█████████████████▏   | 1155/1407 [03:15<00:41,  6.01it/s, avg=4.04, loss=4.11]Epoch 2 [train]:  82%|█████████████████▎   | 1156/1407 [03:15<00:42,  5.98it/s, avg=4.04, loss=4.11]Epoch 2 [train]:  82%|█████████████████▎   | 1156/1407 [03:15<00:42,  5.98it/s, avg=4.04, loss=3.87]Epoch 2 [train]:  82%|█████████████████▎   | 1157/1407 [03:15<00:43,  5.75it/s, avg=4.04, loss=3.87]Epoch 2 [train]:  82%|█████████████████▎   | 1157/1407 [03:15<00:43,  5.75it/s, avg=4.04, loss=3.98]Epoch 2 [train]:  82%|█████████████████▎   | 1158/1407 [03:15<00:41,  5.96it/s, avg=4.04, loss=3.98]Epoch 2 [train]:  82%|█████████████████▎   | 1158/1407 [03:15<00:41,  5.96it/s, avg=4.04, loss=4.01]Epoch 2 [train]:  82%|█████████████████▎   | 1159/1407 [03:15<00:40,  6.05it/s, avg=4.04, loss=4.01]Epoch 2 [train]:  82%|█████████████████▎   | 1159/1407 [03:15<00:40,  6.05it/s, avg=4.04, loss=4.03]Epoch 2 [train]:  82%|█████████████████▎   | 1160/1407 [03:15<00:45,  5.39it/s, avg=4.04, loss=4.03]Epoch 2 [train]:  82%|██████████████████▏   | 1160/1407 [03:16<00:45,  5.39it/s, avg=4.04, loss=3.8]Epoch 2 [train]:  83%|██████████████████▏   | 1161/1407 [03:16<00:43,  5.67it/s, avg=4.04, loss=3.8]Epoch 2 [train]:  83%|██████████████████▏   | 1161/1407 [03:16<00:43,  5.67it/s, avg=4.04, loss=4.1]Epoch 2 [train]:  83%|██████████████████▏   | 1162/1407 [03:16<00:42,  5.71it/s, avg=4.04, loss=4.1]Epoch 2 [train]:  83%|█████████████████▎   | 1162/1407 [03:16<00:42,  5.71it/s, avg=4.04, loss=4.04]Epoch 2 [train]:  83%|█████████████████▎   | 1163/1407 [03:16<00:43,  5.67it/s, avg=4.04, loss=4.04]Epoch 2 [train]:  83%|█████████████████▎   | 1163/1407 [03:16<00:43,  5.67it/s, avg=4.04, loss=3.94]Epoch 2 [train]:  83%|█████████████████▎   | 1164/1407 [03:16<00:41,  5.91it/s, avg=4.04, loss=3.94]Epoch 2 [train]:  83%|█████████████████▎   | 1164/1407 [03:16<00:41,  5.91it/s, avg=4.04, loss=3.94]Epoch 2 [train]:  83%|█████████████████▍   | 1165/1407 [03:16<00:42,  5.65it/s, avg=4.04, loss=3.94]Epoch 2 [train]:  83%|█████████████████▍   | 1165/1407 [03:16<00:42,  5.65it/s, avg=4.04, loss=4.08]Epoch 2 [train]:  83%|█████████████████▍   | 1166/1407 [03:16<00:42,  5.71it/s, avg=4.04, loss=4.08]Epoch 2 [train]:  83%|█████████████████▍   | 1166/1407 [03:17<00:42,  5.71it/s, avg=4.04, loss=3.83]Epoch 2 [train]:  83%|█████████████████▍   | 1167/1407 [03:17<00:39,  6.06it/s, avg=4.04, loss=3.83]Epoch 2 [train]:  83%|█████████████████▍   | 1167/1407 [03:17<00:39,  6.06it/s, avg=4.04, loss=3.89]Epoch 2 [train]:  83%|█████████████████▍   | 1168/1407 [03:17<00:40,  5.88it/s, avg=4.04, loss=3.89]Epoch 2 [train]:  83%|█████████████████▍   | 1168/1407 [03:17<00:40,  5.88it/s, avg=4.04, loss=3.97]Epoch 2 [train]:  83%|█████████████████▍   | 1169/1407 [03:17<00:40,  5.89it/s, avg=4.04, loss=3.97]Epoch 2 [train]:  83%|█████████████████▍   | 1169/1407 [03:17<00:40,  5.89it/s, avg=4.04, loss=4.13]Epoch 2 [train]:  83%|█████████████████▍   | 1170/1407 [03:17<00:39,  5.97it/s, avg=4.04, loss=4.13]Epoch 2 [train]:  83%|█████████████████▍   | 1170/1407 [03:17<00:39,  5.97it/s, avg=4.04, loss=3.96]Epoch 2 [train]:  83%|█████████████████▍   | 1171/1407 [03:17<00:40,  5.86it/s, avg=4.04, loss=3.96]Epoch 2 [train]:  83%|█████████████████▍   | 1171/1407 [03:17<00:40,  5.86it/s, avg=4.04, loss=4.03]Epoch 2 [train]:  83%|█████████████████▍   | 1172/1407 [03:17<00:41,  5.72it/s, avg=4.04, loss=4.03]Epoch 2 [train]:  83%|█████████████████▍   | 1172/1407 [03:18<00:41,  5.72it/s, avg=4.04, loss=3.98]Epoch 2 [train]:  83%|█████████████████▌   | 1173/1407 [03:18<00:40,  5.80it/s, avg=4.04, loss=3.98]Epoch 2 [train]:  83%|█████████████████▌   | 1173/1407 [03:18<00:40,  5.80it/s, avg=4.04, loss=3.88]Epoch 2 [train]:  83%|█████████████████▌   | 1174/1407 [03:18<00:38,  6.04it/s, avg=4.04, loss=3.88]Epoch 2 [train]:  83%|████████████████████    | 1174/1407 [03:18<00:38,  6.04it/s, avg=4.04, loss=4]Epoch 2 [train]:  84%|████████████████████    | 1175/1407 [03:18<00:35,  6.49it/s, avg=4.04, loss=4]Epoch 2 [train]:  84%|█████████████████▌   | 1175/1407 [03:18<00:35,  6.49it/s, avg=4.04, loss=3.98]Epoch 2 [train]:  84%|█████████████████▌   | 1176/1407 [03:18<00:36,  6.36it/s, avg=4.04, loss=3.98]Epoch 2 [train]:  84%|██████████████████▍   | 1176/1407 [03:18<00:36,  6.36it/s, avg=4.04, loss=3.8]Epoch 2 [train]:  84%|██████████████████▍   | 1177/1407 [03:18<00:34,  6.66it/s, avg=4.04, loss=3.8]Epoch 2 [train]:  84%|█████████████████▌   | 1177/1407 [03:18<00:34,  6.66it/s, avg=4.04, loss=4.02]Epoch 2 [train]:  84%|█████████████████▌   | 1178/1407 [03:18<00:36,  6.19it/s, avg=4.04, loss=4.02]Epoch 2 [train]:  84%|█████████████████▌   | 1178/1407 [03:18<00:36,  6.19it/s, avg=4.04, loss=4.04]Epoch 2 [train]:  84%|█████████████████▌   | 1179/1407 [03:18<00:34,  6.60it/s, avg=4.04, loss=4.04]Epoch 2 [train]:  84%|█████████████████▌   | 1179/1407 [03:19<00:34,  6.60it/s, avg=4.04, loss=4.05]Epoch 2 [train]:  84%|█████████████████▌   | 1180/1407 [03:19<00:38,  5.90it/s, avg=4.04, loss=4.05]Epoch 2 [train]:  84%|█████████████████▌   | 1180/1407 [03:19<00:38,  5.90it/s, avg=4.04, loss=3.96]Epoch 2 [train]:  84%|█████████████████▋   | 1181/1407 [03:19<00:36,  6.17it/s, avg=4.04, loss=3.96]Epoch 2 [train]:  84%|█████████████████▋   | 1181/1407 [03:19<00:36,  6.17it/s, avg=4.03, loss=3.83]Epoch 2 [train]:  84%|█████████████████▋   | 1182/1407 [03:19<00:36,  6.23it/s, avg=4.03, loss=3.83]Epoch 2 [train]:  84%|█████████████████▋   | 1182/1407 [03:19<00:36,  6.23it/s, avg=4.03, loss=3.99]Epoch 2 [train]:  84%|█████████████████▋   | 1183/1407 [03:19<00:36,  6.15it/s, avg=4.03, loss=3.99]Epoch 2 [train]:  84%|██████████████████▍   | 1183/1407 [03:19<00:36,  6.15it/s, avg=4.03, loss=3.8]Epoch 2 [train]:  84%|██████████████████▌   | 1184/1407 [03:19<00:37,  6.01it/s, avg=4.03, loss=3.8]Epoch 2 [train]:  84%|██████████████████▌   | 1184/1407 [03:20<00:37,  6.01it/s, avg=4.03, loss=4.1]Epoch 2 [train]:  84%|██████████████████▌   | 1185/1407 [03:20<00:39,  5.58it/s, avg=4.03, loss=4.1]Epoch 2 [train]:  84%|█████████████████▋   | 1185/1407 [03:20<00:39,  5.58it/s, avg=4.03, loss=3.98]Epoch 2 [train]:  84%|█████████████████▋   | 1186/1407 [03:20<00:40,  5.46it/s, avg=4.03, loss=3.98]Epoch 2 [train]:  84%|█████████████████▋   | 1186/1407 [03:20<00:40,  5.46it/s, avg=4.03, loss=3.72]Epoch 2 [train]:  84%|█████████████████▋   | 1187/1407 [03:20<00:38,  5.72it/s, avg=4.03, loss=3.72]Epoch 2 [train]:  84%|█████████████████▋   | 1187/1407 [03:20<00:38,  5.72it/s, avg=4.03, loss=4.12]Epoch 2 [train]:  84%|█████████████████▋   | 1188/1407 [03:20<00:38,  5.70it/s, avg=4.03, loss=4.12]Epoch 2 [train]:  84%|█████████████████▋   | 1188/1407 [03:20<00:38,  5.70it/s, avg=4.03, loss=3.82]Epoch 2 [train]:  85%|█████████████████▋   | 1189/1407 [03:20<00:39,  5.58it/s, avg=4.03, loss=3.82]Epoch 2 [train]:  85%|█████████████████▋   | 1189/1407 [03:20<00:39,  5.58it/s, avg=4.03, loss=3.96]Epoch 2 [train]:  85%|█████████████████▊   | 1190/1407 [03:20<00:36,  5.89it/s, avg=4.03, loss=3.96]Epoch 2 [train]:  85%|█████████████████▊   | 1190/1407 [03:21<00:36,  5.89it/s, avg=4.03, loss=4.09]Epoch 2 [train]:  85%|█████████████████▊   | 1191/1407 [03:21<00:34,  6.20it/s, avg=4.03, loss=4.09]Epoch 2 [train]:  85%|█████████████████▊   | 1191/1407 [03:21<00:34,  6.20it/s, avg=4.03, loss=4.01]Epoch 2 [train]:  85%|█████████████████▊   | 1192/1407 [03:21<00:35,  6.11it/s, avg=4.03, loss=4.01]Epoch 2 [train]:  85%|█████████████████▊   | 1192/1407 [03:21<00:35,  6.11it/s, avg=4.03, loss=3.77]Epoch 2 [train]:  85%|█████████████████▊   | 1193/1407 [03:21<00:34,  6.25it/s, avg=4.03, loss=3.77]Epoch 2 [train]:  85%|█████████████████▊   | 1193/1407 [03:21<00:34,  6.25it/s, avg=4.03, loss=4.02]Epoch 2 [train]:  85%|█████████████████▊   | 1194/1407 [03:21<00:37,  5.63it/s, avg=4.03, loss=4.02]Epoch 2 [train]:  85%|█████████████████▊   | 1194/1407 [03:21<00:37,  5.63it/s, avg=4.03, loss=3.96]Epoch 2 [train]:  85%|█████████████████▊   | 1195/1407 [03:21<00:36,  5.85it/s, avg=4.03, loss=3.96]Epoch 2 [train]:  85%|█████████████████▊   | 1195/1407 [03:21<00:36,  5.85it/s, avg=4.03, loss=3.94]Epoch 2 [train]:  85%|█████████████████▊   | 1196/1407 [03:21<00:35,  5.95it/s, avg=4.03, loss=3.94]Epoch 2 [train]:  85%|█████████████████▊   | 1196/1407 [03:22<00:35,  5.95it/s, avg=4.03, loss=3.72]Epoch 2 [train]:  85%|█████████████████▊   | 1197/1407 [03:22<00:36,  5.81it/s, avg=4.03, loss=3.72]Epoch 2 [train]:  85%|█████████████████▊   | 1197/1407 [03:22<00:36,  5.81it/s, avg=4.03, loss=3.84]Epoch 2 [train]:  85%|█████████████████▉   | 1198/1407 [03:22<00:35,  5.93it/s, avg=4.03, loss=3.84]Epoch 2 [train]:  85%|█████████████████▉   | 1198/1407 [03:22<00:35,  5.93it/s, avg=4.03, loss=3.85]Epoch 2 [train]:  85%|█████████████████▉   | 1199/1407 [03:22<00:32,  6.31it/s, avg=4.03, loss=3.85][train] epoch=2 batch=1200/1407 loss=3.9735 avg=4.0333 gpu_mem=942MB
Epoch 2 [train]:  85%|█████████████████▉   | 1199/1407 [03:22<00:32,  6.31it/s, avg=4.03, loss=3.97]Epoch 2 [train]:  85%|█████████████████▉   | 1200/1407 [03:22<00:33,  6.22it/s, avg=4.03, loss=3.97]Epoch 2 [train]:  85%|█████████████████▉   | 1200/1407 [03:22<00:33,  6.22it/s, avg=4.03, loss=4.11]Epoch 2 [train]:  85%|█████████████████▉   | 1201/1407 [03:22<00:33,  6.17it/s, avg=4.03, loss=4.11]Epoch 2 [train]:  85%|█████████████████▉   | 1201/1407 [03:22<00:33,  6.17it/s, avg=4.03, loss=4.04]Epoch 2 [train]:  85%|█████████████████▉   | 1202/1407 [03:22<00:35,  5.70it/s, avg=4.03, loss=4.04]Epoch 2 [train]:  85%|██████████████████▊   | 1202/1407 [03:23<00:35,  5.70it/s, avg=4.03, loss=3.9]Epoch 2 [train]:  86%|██████████████████▊   | 1203/1407 [03:23<00:34,  5.87it/s, avg=4.03, loss=3.9]Epoch 2 [train]:  86%|█████████████████▉   | 1203/1407 [03:23<00:34,  5.87it/s, avg=4.03, loss=3.96]Epoch 2 [train]:  86%|█████████████████▉   | 1204/1407 [03:23<00:34,  5.89it/s, avg=4.03, loss=3.96]Epoch 2 [train]:  86%|█████████████████▉   | 1204/1407 [03:23<00:34,  5.89it/s, avg=4.03, loss=3.73]Epoch 2 [train]:  86%|█████████████████▉   | 1205/1407 [03:23<00:34,  5.88it/s, avg=4.03, loss=3.73]Epoch 2 [train]:  86%|█████████████████▉   | 1205/1407 [03:23<00:34,  5.88it/s, avg=4.03, loss=4.09]Epoch 2 [train]:  86%|██████████████████   | 1206/1407 [03:23<00:36,  5.44it/s, avg=4.03, loss=4.09]Epoch 2 [train]:  86%|██████████████████   | 1206/1407 [03:23<00:36,  5.44it/s, avg=4.03, loss=4.11]Epoch 2 [train]:  86%|██████████████████   | 1207/1407 [03:23<00:37,  5.31it/s, avg=4.03, loss=4.11]Epoch 2 [train]:  86%|██████████████████   | 1207/1407 [03:23<00:37,  5.31it/s, avg=4.03, loss=3.86]Epoch 2 [train]:  86%|██████████████████   | 1208/1407 [03:23<00:35,  5.57it/s, avg=4.03, loss=3.86]Epoch 2 [train]:  86%|██████████████████   | 1208/1407 [03:24<00:35,  5.57it/s, avg=4.03, loss=3.81]Epoch 2 [train]:  86%|██████████████████   | 1209/1407 [03:24<00:37,  5.24it/s, avg=4.03, loss=3.81]Epoch 2 [train]:  86%|██████████████████▉   | 1209/1407 [03:24<00:37,  5.24it/s, avg=4.03, loss=3.9]Epoch 2 [train]:  86%|██████████████████▉   | 1210/1407 [03:24<00:37,  5.20it/s, avg=4.03, loss=3.9]Epoch 2 [train]:  86%|██████████████████   | 1210/1407 [03:24<00:37,  5.20it/s, avg=4.03, loss=4.05]Epoch 2 [train]:  86%|██████████████████   | 1211/1407 [03:24<00:35,  5.49it/s, avg=4.03, loss=4.05]Epoch 2 [train]:  86%|██████████████████   | 1211/1407 [03:24<00:35,  5.49it/s, avg=4.03, loss=4.03]Epoch 2 [train]:  86%|██████████████████   | 1212/1407 [03:24<00:34,  5.65it/s, avg=4.03, loss=4.03]Epoch 2 [train]:  86%|██████████████████   | 1212/1407 [03:24<00:34,  5.65it/s, avg=4.03, loss=3.85]Epoch 2 [train]:  86%|██████████████████   | 1213/1407 [03:24<00:33,  5.72it/s, avg=4.03, loss=3.85]Epoch 2 [train]:  86%|██████████████████   | 1213/1407 [03:25<00:33,  5.72it/s, avg=4.03, loss=3.78]Epoch 2 [train]:  86%|██████████████████   | 1214/1407 [03:25<00:33,  5.73it/s, avg=4.03, loss=3.78]Epoch 2 [train]:  86%|██████████████████   | 1214/1407 [03:25<00:33,  5.73it/s, avg=4.03, loss=3.97]Epoch 2 [train]:  86%|██████████████████▏  | 1215/1407 [03:25<00:33,  5.81it/s, avg=4.03, loss=3.97]Epoch 2 [train]:  86%|██████████████████▏  | 1215/1407 [03:25<00:33,  5.81it/s, avg=4.03, loss=3.83]Epoch 2 [train]:  86%|██████████████████▏  | 1216/1407 [03:25<00:31,  6.02it/s, avg=4.03, loss=3.83]Epoch 2 [train]:  86%|██████████████████▏  | 1216/1407 [03:25<00:31,  6.02it/s, avg=4.03, loss=3.92]Epoch 2 [train]:  86%|██████████████████▏  | 1217/1407 [03:25<00:35,  5.41it/s, avg=4.03, loss=3.92]Epoch 2 [train]:  86%|██████████████████▏  | 1217/1407 [03:25<00:35,  5.41it/s, avg=4.03, loss=3.94]Epoch 2 [train]:  87%|██████████████████▏  | 1218/1407 [03:25<00:37,  5.00it/s, avg=4.03, loss=3.94]Epoch 2 [train]:  87%|██████████████████▏  | 1218/1407 [03:26<00:37,  5.00it/s, avg=4.03, loss=4.24]Epoch 2 [train]:  87%|██████████████████▏  | 1219/1407 [03:26<00:37,  5.08it/s, avg=4.03, loss=4.24]Epoch 2 [train]:  87%|██████████████████▏  | 1219/1407 [03:26<00:37,  5.08it/s, avg=4.03, loss=3.84]Epoch 2 [train]:  87%|██████████████████▏  | 1220/1407 [03:26<00:35,  5.27it/s, avg=4.03, loss=3.84]Epoch 2 [train]:  87%|██████████████████▏  | 1220/1407 [03:26<00:35,  5.27it/s, avg=4.03, loss=3.69]Epoch 2 [train]:  87%|██████████████████▏  | 1221/1407 [03:26<00:33,  5.60it/s, avg=4.03, loss=3.69]Epoch 2 [train]:  87%|██████████████████▏  | 1221/1407 [03:26<00:33,  5.60it/s, avg=4.03, loss=3.97]Epoch 2 [train]:  87%|██████████████████▏  | 1222/1407 [03:26<00:31,  5.92it/s, avg=4.03, loss=3.97]Epoch 2 [train]:  87%|██████████████████▏  | 1222/1407 [03:26<00:31,  5.92it/s, avg=4.03, loss=4.06]Epoch 2 [train]:  87%|██████████████████▎  | 1223/1407 [03:26<00:29,  6.25it/s, avg=4.03, loss=4.06]Epoch 2 [train]:  87%|██████████████████▎  | 1223/1407 [03:26<00:29,  6.25it/s, avg=4.03, loss=4.08]Epoch 2 [train]:  87%|██████████████████▎  | 1224/1407 [03:26<00:29,  6.14it/s, avg=4.03, loss=4.08]Epoch 2 [train]:  87%|███████████████████▏  | 1224/1407 [03:26<00:29,  6.14it/s, avg=4.03, loss=4.1]Epoch 2 [train]:  87%|███████████████████▏  | 1225/1407 [03:26<00:29,  6.23it/s, avg=4.03, loss=4.1]Epoch 2 [train]:  87%|██████████████████▎  | 1225/1407 [03:27<00:29,  6.23it/s, avg=4.03, loss=3.96]Epoch 2 [train]:  87%|██████████████████▎  | 1226/1407 [03:27<00:31,  5.79it/s, avg=4.03, loss=3.96]Epoch 2 [train]:  87%|██████████████████▎  | 1226/1407 [03:27<00:31,  5.79it/s, avg=4.03, loss=3.85]Epoch 2 [train]:  87%|██████████████████▎  | 1227/1407 [03:27<00:30,  5.99it/s, avg=4.03, loss=3.85]Epoch 2 [train]:  87%|██████████████████▎  | 1227/1407 [03:27<00:30,  5.99it/s, avg=4.03, loss=4.09]Epoch 2 [train]:  87%|██████████████████▎  | 1228/1407 [03:27<00:29,  6.09it/s, avg=4.03, loss=4.09]Epoch 2 [train]:  87%|██████████████████▎  | 1228/1407 [03:27<00:29,  6.09it/s, avg=4.03, loss=3.93]Epoch 2 [train]:  87%|██████████████████▎  | 1229/1407 [03:27<00:29,  6.01it/s, avg=4.03, loss=3.93]Epoch 2 [train]:  87%|██████████████████▎  | 1229/1407 [03:27<00:29,  6.01it/s, avg=4.03, loss=3.98]Epoch 2 [train]:  87%|██████████████████▎  | 1230/1407 [03:27<00:29,  6.02it/s, avg=4.03, loss=3.98]Epoch 2 [train]:  87%|██████████████████▎  | 1230/1407 [03:27<00:29,  6.02it/s, avg=4.03, loss=4.03]Epoch 2 [train]:  87%|██████████████████▎  | 1231/1407 [03:27<00:27,  6.33it/s, avg=4.03, loss=4.03]Epoch 2 [train]:  87%|██████████████████▎  | 1231/1407 [03:28<00:27,  6.33it/s, avg=4.03, loss=3.89]Epoch 2 [train]:  88%|██████████████████▍  | 1232/1407 [03:28<00:27,  6.29it/s, avg=4.03, loss=3.89]Epoch 2 [train]:  88%|██████████████████▍  | 1232/1407 [03:28<00:27,  6.29it/s, avg=4.03, loss=3.78]Epoch 2 [train]:  88%|██████████████████▍  | 1233/1407 [03:28<00:26,  6.49it/s, avg=4.03, loss=3.78]Epoch 2 [train]:  88%|██████████████████▍  | 1233/1407 [03:28<00:26,  6.49it/s, avg=4.03, loss=3.94]Epoch 2 [train]:  88%|██████████████████▍  | 1234/1407 [03:28<00:28,  6.12it/s, avg=4.03, loss=3.94]Epoch 2 [train]:  88%|██████████████████▍  | 1234/1407 [03:28<00:28,  6.12it/s, avg=4.03, loss=4.03]Epoch 2 [train]:  88%|██████████████████▍  | 1235/1407 [03:28<00:29,  5.84it/s, avg=4.03, loss=4.03]Epoch 2 [train]:  88%|███████████████████▎  | 1235/1407 [03:28<00:29,  5.84it/s, avg=4.03, loss=3.9]Epoch 2 [train]:  88%|███████████████████▎  | 1236/1407 [03:28<00:29,  5.79it/s, avg=4.03, loss=3.9]Epoch 2 [train]:  88%|██████████████████▍  | 1236/1407 [03:28<00:29,  5.79it/s, avg=4.03, loss=4.05]Epoch 2 [train]:  88%|██████████████████▍  | 1237/1407 [03:28<00:28,  5.94it/s, avg=4.03, loss=4.05]Epoch 2 [train]:  88%|██████████████████▍  | 1237/1407 [03:29<00:28,  5.94it/s, avg=4.03, loss=3.89]Epoch 2 [train]:  88%|██████████████████▍  | 1238/1407 [03:29<00:28,  5.89it/s, avg=4.03, loss=3.89]Epoch 2 [train]:  88%|██████████████████▍  | 1238/1407 [03:29<00:28,  5.89it/s, avg=4.03, loss=4.09]Epoch 2 [train]:  88%|██████████████████▍  | 1239/1407 [03:29<00:27,  6.19it/s, avg=4.03, loss=4.09]Epoch 2 [train]:  88%|██████████████████▍  | 1239/1407 [03:29<00:27,  6.19it/s, avg=4.03, loss=4.04]Epoch 2 [train]:  88%|██████████████████▌  | 1240/1407 [03:29<00:28,  5.92it/s, avg=4.03, loss=4.04]Epoch 2 [train]:  88%|██████████████████▌  | 1240/1407 [03:29<00:28,  5.92it/s, avg=4.03, loss=3.83]Epoch 2 [train]:  88%|██████████████████▌  | 1241/1407 [03:29<00:28,  5.87it/s, avg=4.03, loss=3.83]Epoch 2 [train]:  88%|██████████████████▌  | 1241/1407 [03:29<00:28,  5.87it/s, avg=4.03, loss=3.81]Epoch 2 [train]:  88%|██████████████████▌  | 1242/1407 [03:29<00:27,  5.97it/s, avg=4.03, loss=3.81]Epoch 2 [train]:  88%|██████████████████▌  | 1242/1407 [03:29<00:27,  5.97it/s, avg=4.03, loss=4.11]Epoch 2 [train]:  88%|██████████████████▌  | 1243/1407 [03:29<00:27,  6.00it/s, avg=4.03, loss=4.11]Epoch 2 [train]:  88%|███████████████████▍  | 1243/1407 [03:30<00:27,  6.00it/s, avg=4.03, loss=3.9]Epoch 2 [train]:  88%|███████████████████▍  | 1244/1407 [03:30<00:26,  6.20it/s, avg=4.03, loss=3.9]Epoch 2 [train]:  88%|██████████████████▌  | 1244/1407 [03:30<00:26,  6.20it/s, avg=4.03, loss=3.97]Epoch 2 [train]:  88%|██████████████████▌  | 1245/1407 [03:30<00:29,  5.47it/s, avg=4.03, loss=3.97]Epoch 2 [train]:  88%|██████████████████▌  | 1245/1407 [03:30<00:29,  5.47it/s, avg=4.03, loss=4.11]Epoch 2 [train]:  89%|██████████████████▌  | 1246/1407 [03:30<00:28,  5.67it/s, avg=4.03, loss=4.11]Epoch 2 [train]:  89%|██████████████████▌  | 1246/1407 [03:30<00:28,  5.67it/s, avg=4.03, loss=3.81]Epoch 2 [train]:  89%|██████████████████▌  | 1247/1407 [03:30<00:28,  5.58it/s, avg=4.03, loss=3.81]Epoch 2 [train]:  89%|██████████████████▌  | 1247/1407 [03:30<00:28,  5.58it/s, avg=4.03, loss=3.97]Epoch 2 [train]:  89%|██████████████████▋  | 1248/1407 [03:30<00:28,  5.56it/s, avg=4.03, loss=3.97]Epoch 2 [train]:  89%|██████████████████▋  | 1248/1407 [03:31<00:28,  5.56it/s, avg=4.03, loss=4.01]Epoch 2 [train]:  89%|██████████████████▋  | 1249/1407 [03:31<00:29,  5.30it/s, avg=4.03, loss=4.01]Epoch 2 [train]:  89%|██████████████████▋  | 1249/1407 [03:31<00:29,  5.30it/s, avg=4.03, loss=4.08]Epoch 2 [train]:  89%|██████████████████▋  | 1250/1407 [03:31<00:28,  5.46it/s, avg=4.03, loss=4.08]Epoch 2 [train]:  89%|██████████████████▋  | 1250/1407 [03:31<00:28,  5.46it/s, avg=4.03, loss=3.78]Epoch 2 [train]:  89%|██████████████████▋  | 1251/1407 [03:31<00:28,  5.44it/s, avg=4.03, loss=3.78]Epoch 2 [train]:  89%|██████████████████▋  | 1251/1407 [03:31<00:28,  5.44it/s, avg=4.03, loss=4.02]Epoch 2 [train]:  89%|██████████████████▋  | 1252/1407 [03:31<00:28,  5.37it/s, avg=4.03, loss=4.02]Epoch 2 [train]:  89%|██████████████████▋  | 1252/1407 [03:31<00:28,  5.37it/s, avg=4.03, loss=3.95]Epoch 2 [train]:  89%|██████████████████▋  | 1253/1407 [03:31<00:28,  5.36it/s, avg=4.03, loss=3.95]Epoch 2 [train]:  89%|█████████████████████▎  | 1253/1407 [03:31<00:28,  5.36it/s, avg=4.03, loss=4]Epoch 2 [train]:  89%|█████████████████████▍  | 1254/1407 [03:31<00:26,  5.76it/s, avg=4.03, loss=4]Epoch 2 [train]:  89%|██████████████████▋  | 1254/1407 [03:32<00:26,  5.76it/s, avg=4.03, loss=3.95]Epoch 2 [train]:  89%|██████████████████▋  | 1255/1407 [03:32<00:24,  6.10it/s, avg=4.03, loss=3.95]Epoch 2 [train]:  89%|██████████████████▋  | 1255/1407 [03:32<00:24,  6.10it/s, avg=4.03, loss=3.81]Epoch 2 [train]:  89%|██████████████████▋  | 1256/1407 [03:32<00:24,  6.27it/s, avg=4.03, loss=3.81]Epoch 2 [train]:  89%|██████████████████▋  | 1256/1407 [03:32<00:24,  6.27it/s, avg=4.03, loss=4.06]Epoch 2 [train]:  89%|██████████████████▊  | 1257/1407 [03:32<00:22,  6.66it/s, avg=4.03, loss=4.06]Epoch 2 [train]:  89%|██████████████████▊  | 1257/1407 [03:32<00:22,  6.66it/s, avg=4.03, loss=3.91]Epoch 2 [train]:  89%|██████████████████▊  | 1258/1407 [03:32<00:24,  6.11it/s, avg=4.03, loss=3.91]Epoch 2 [train]:  89%|██████████████████▊  | 1258/1407 [03:32<00:24,  6.11it/s, avg=4.03, loss=3.97]Epoch 2 [train]:  89%|██████████████████▊  | 1259/1407 [03:32<00:24,  6.15it/s, avg=4.03, loss=3.97]Epoch 2 [train]:  89%|██████████████████▊  | 1259/1407 [03:32<00:24,  6.15it/s, avg=4.03, loss=3.88]Epoch 2 [train]:  90%|██████████████████▊  | 1260/1407 [03:32<00:23,  6.15it/s, avg=4.03, loss=3.88]Epoch 2 [train]:  90%|██████████████████▊  | 1260/1407 [03:33<00:23,  6.15it/s, avg=4.03, loss=4.02]Epoch 2 [train]:  90%|██████████████████▊  | 1261/1407 [03:33<00:24,  6.05it/s, avg=4.03, loss=4.02]Epoch 2 [train]:  90%|██████████████████▊  | 1261/1407 [03:33<00:24,  6.05it/s, avg=4.03, loss=3.89]Epoch 2 [train]:  90%|██████████████████▊  | 1262/1407 [03:33<00:24,  5.88it/s, avg=4.03, loss=3.89]Epoch 2 [train]:  90%|██████████████████▊  | 1262/1407 [03:33<00:24,  5.88it/s, avg=4.03, loss=3.91]Epoch 2 [train]:  90%|██████████████████▊  | 1263/1407 [03:33<00:23,  6.14it/s, avg=4.03, loss=3.91]Epoch 2 [train]:  90%|██████████████████▊  | 1263/1407 [03:33<00:23,  6.14it/s, avg=4.03, loss=4.05]Epoch 2 [train]:  90%|██████████████████▊  | 1264/1407 [03:33<00:24,  5.82it/s, avg=4.03, loss=4.05]Epoch 2 [train]:  90%|██████████████████▊  | 1264/1407 [03:33<00:24,  5.82it/s, avg=4.03, loss=4.05]Epoch 2 [train]:  90%|██████████████████▉  | 1265/1407 [03:33<00:25,  5.51it/s, avg=4.03, loss=4.05]Epoch 2 [train]:  90%|██████████████████▉  | 1265/1407 [03:34<00:25,  5.51it/s, avg=4.03, loss=4.04]Epoch 2 [train]:  90%|██████████████████▉  | 1266/1407 [03:34<00:26,  5.25it/s, avg=4.03, loss=4.04]Epoch 2 [train]:  90%|██████████████████▉  | 1266/1407 [03:34<00:26,  5.25it/s, avg=4.03, loss=4.01]Epoch 2 [train]:  90%|██████████████████▉  | 1267/1407 [03:34<00:24,  5.76it/s, avg=4.03, loss=4.01]Epoch 2 [train]:  90%|██████████████████▉  | 1267/1407 [03:34<00:24,  5.76it/s, avg=4.03, loss=3.92]Epoch 2 [train]:  90%|██████████████████▉  | 1268/1407 [03:34<00:23,  5.85it/s, avg=4.03, loss=3.92]Epoch 2 [train]:  90%|██████████████████▉  | 1268/1407 [03:34<00:23,  5.85it/s, avg=4.03, loss=3.94]Epoch 2 [train]:  90%|██████████████████▉  | 1269/1407 [03:34<00:24,  5.65it/s, avg=4.03, loss=3.94]Epoch 2 [train]:  90%|██████████████████▉  | 1269/1407 [03:34<00:24,  5.65it/s, avg=4.03, loss=3.75]Epoch 2 [train]:  90%|██████████████████▉  | 1270/1407 [03:34<00:22,  6.09it/s, avg=4.03, loss=3.75]Epoch 2 [train]:  90%|██████████████████▉  | 1270/1407 [03:34<00:22,  6.09it/s, avg=4.03, loss=3.98]Epoch 2 [train]:  90%|██████████████████▉  | 1271/1407 [03:34<00:23,  5.75it/s, avg=4.03, loss=3.98]Epoch 2 [train]:  90%|██████████████████▉  | 1271/1407 [03:35<00:23,  5.75it/s, avg=4.03, loss=3.73]Epoch 2 [train]:  90%|██████████████████▉  | 1272/1407 [03:35<00:24,  5.60it/s, avg=4.03, loss=3.73]Epoch 2 [train]:  90%|██████████████████▉  | 1272/1407 [03:35<00:24,  5.60it/s, avg=4.03, loss=4.04]Epoch 2 [train]:  90%|███████████████████  | 1273/1407 [03:35<00:22,  6.00it/s, avg=4.03, loss=4.04]Epoch 2 [train]:  90%|███████████████████▉  | 1273/1407 [03:35<00:22,  6.00it/s, avg=4.03, loss=4.1]Epoch 2 [train]:  91%|███████████████████▉  | 1274/1407 [03:35<00:23,  5.70it/s, avg=4.03, loss=4.1]Epoch 2 [train]:  91%|███████████████████  | 1274/1407 [03:35<00:23,  5.70it/s, avg=4.03, loss=4.04]Epoch 2 [train]:  91%|███████████████████  | 1275/1407 [03:35<00:21,  6.20it/s, avg=4.03, loss=4.04]Epoch 2 [train]:  91%|███████████████████  | 1275/1407 [03:35<00:21,  6.20it/s, avg=4.03, loss=3.79]Epoch 2 [train]:  91%|███████████████████  | 1276/1407 [03:35<00:21,  6.16it/s, avg=4.03, loss=3.79]Epoch 2 [train]:  91%|███████████████████  | 1276/1407 [03:35<00:21,  6.16it/s, avg=4.03, loss=4.16]Epoch 2 [train]:  91%|███████████████████  | 1277/1407 [03:35<00:21,  6.09it/s, avg=4.03, loss=4.16]Epoch 2 [train]:  91%|███████████████████  | 1277/1407 [03:35<00:21,  6.09it/s, avg=4.03, loss=4.27]Epoch 2 [train]:  91%|███████████████████  | 1278/1407 [03:35<00:20,  6.16it/s, avg=4.03, loss=4.27]Epoch 2 [train]:  91%|███████████████████  | 1278/1407 [03:36<00:20,  6.16it/s, avg=4.03, loss=4.03]Epoch 2 [train]:  91%|███████████████████  | 1279/1407 [03:36<00:20,  6.10it/s, avg=4.03, loss=4.03]Epoch 2 [train]:  91%|███████████████████  | 1279/1407 [03:36<00:20,  6.10it/s, avg=4.03, loss=3.82]Epoch 2 [train]:  91%|███████████████████  | 1280/1407 [03:36<00:20,  6.20it/s, avg=4.03, loss=3.82]Epoch 2 [train]:  91%|███████████████████  | 1280/1407 [03:36<00:20,  6.20it/s, avg=4.03, loss=3.96]Epoch 2 [train]:  91%|███████████████████  | 1281/1407 [03:36<00:22,  5.65it/s, avg=4.03, loss=3.96]Epoch 2 [train]:  91%|████████████████████  | 1281/1407 [03:36<00:22,  5.65it/s, avg=4.03, loss=3.9]Epoch 2 [train]:  91%|████████████████████  | 1282/1407 [03:36<00:20,  6.09it/s, avg=4.03, loss=3.9]Epoch 2 [train]:  91%|███████████████████▏ | 1282/1407 [03:36<00:20,  6.09it/s, avg=4.03, loss=4.03]Epoch 2 [train]:  91%|███████████████████▏ | 1283/1407 [03:36<00:20,  6.09it/s, avg=4.03, loss=4.03]Epoch 2 [train]:  91%|███████████████████▏ | 1283/1407 [03:36<00:20,  6.09it/s, avg=4.03, loss=3.89]Epoch 2 [train]:  91%|███████████████████▏ | 1284/1407 [03:36<00:19,  6.46it/s, avg=4.03, loss=3.89]Epoch 2 [train]:  91%|███████████████████▏ | 1284/1407 [03:37<00:19,  6.46it/s, avg=4.03, loss=3.94]Epoch 2 [train]:  91%|███████████████████▏ | 1285/1407 [03:37<00:19,  6.41it/s, avg=4.03, loss=3.94]Epoch 2 [train]:  91%|███████████████████▏ | 1285/1407 [03:37<00:19,  6.41it/s, avg=4.03, loss=4.01]Epoch 2 [train]:  91%|███████████████████▏ | 1286/1407 [03:37<00:19,  6.25it/s, avg=4.03, loss=4.01]Epoch 2 [train]:  91%|███████████████████▏ | 1286/1407 [03:37<00:19,  6.25it/s, avg=4.03, loss=3.74]Epoch 2 [train]:  91%|███████████████████▏ | 1287/1407 [03:37<00:17,  6.73it/s, avg=4.03, loss=3.74]Epoch 2 [train]:  91%|███████████████████▏ | 1287/1407 [03:37<00:17,  6.73it/s, avg=4.03, loss=4.05]Epoch 2 [train]:  92%|███████████████████▏ | 1288/1407 [03:37<00:19,  6.26it/s, avg=4.03, loss=4.05]Epoch 2 [train]:  92%|███████████████████▏ | 1288/1407 [03:37<00:19,  6.26it/s, avg=4.03, loss=3.92]Epoch 2 [train]:  92%|███████████████████▏ | 1289/1407 [03:37<00:19,  6.14it/s, avg=4.03, loss=3.92]Epoch 2 [train]:  92%|███████████████████▏ | 1289/1407 [03:37<00:19,  6.14it/s, avg=4.03, loss=3.96]Epoch 2 [train]:  92%|███████████████████▎ | 1290/1407 [03:37<00:19,  6.09it/s, avg=4.03, loss=3.96]Epoch 2 [train]:  92%|███████████████████▎ | 1290/1407 [03:38<00:19,  6.09it/s, avg=4.03, loss=3.81]Epoch 2 [train]:  92%|███████████████████▎ | 1291/1407 [03:38<00:18,  6.20it/s, avg=4.03, loss=3.81]Epoch 2 [train]:  92%|███████████████████▎ | 1291/1407 [03:38<00:18,  6.20it/s, avg=4.03, loss=3.87]Epoch 2 [train]:  92%|███████████████████▎ | 1292/1407 [03:38<00:19,  5.88it/s, avg=4.03, loss=3.87]Epoch 2 [train]:  92%|███████████████████▎ | 1292/1407 [03:38<00:19,  5.88it/s, avg=4.03, loss=3.96]Epoch 2 [train]:  92%|███████████████████▎ | 1293/1407 [03:38<00:21,  5.42it/s, avg=4.03, loss=3.96]Epoch 2 [train]:  92%|███████████████████▎ | 1293/1407 [03:38<00:21,  5.42it/s, avg=4.03, loss=3.99]Epoch 2 [train]:  92%|███████████████████▎ | 1294/1407 [03:38<00:20,  5.64it/s, avg=4.03, loss=3.99]Epoch 2 [train]:  92%|███████████████████▎ | 1294/1407 [03:38<00:20,  5.64it/s, avg=4.03, loss=3.89]Epoch 2 [train]:  92%|███████████████████▎ | 1295/1407 [03:38<00:19,  5.74it/s, avg=4.03, loss=3.89]Epoch 2 [train]:  92%|███████████████████▎ | 1295/1407 [03:38<00:19,  5.74it/s, avg=4.03, loss=3.92]Epoch 2 [train]:  92%|███████████████████▎ | 1296/1407 [03:38<00:19,  5.78it/s, avg=4.03, loss=3.92]Epoch 2 [train]:  92%|███████████████████▎ | 1296/1407 [03:39<00:19,  5.78it/s, avg=4.03, loss=3.84]Epoch 2 [train]:  92%|███████████████████▎ | 1297/1407 [03:39<00:18,  5.96it/s, avg=4.03, loss=3.84]Epoch 2 [train]:  92%|███████████████████▎ | 1297/1407 [03:39<00:18,  5.96it/s, avg=4.03, loss=3.93]Epoch 2 [train]:  92%|███████████████████▎ | 1298/1407 [03:39<00:17,  6.21it/s, avg=4.03, loss=3.93]Epoch 2 [train]:  92%|███████████████████▎ | 1298/1407 [03:39<00:17,  6.21it/s, avg=4.03, loss=3.93]Epoch 2 [train]:  92%|███████████████████▍ | 1299/1407 [03:39<00:17,  6.02it/s, avg=4.03, loss=3.93][train] epoch=2 batch=1300/1407 loss=3.9327 avg=4.0271 gpu_mem=1026MB
Epoch 2 [train]:  92%|███████████████████▍ | 1299/1407 [03:39<00:17,  6.02it/s, avg=4.03, loss=3.93]Epoch 2 [train]:  92%|███████████████████▍ | 1300/1407 [03:39<00:19,  5.60it/s, avg=4.03, loss=3.93]Epoch 2 [train]:  92%|██████████████████████▏ | 1300/1407 [03:39<00:19,  5.60it/s, avg=4.03, loss=4]Epoch 2 [train]:  92%|██████████████████████▏ | 1301/1407 [03:39<00:18,  5.82it/s, avg=4.03, loss=4]Epoch 2 [train]:  92%|███████████████████▍ | 1301/1407 [03:39<00:18,  5.82it/s, avg=4.03, loss=3.99]Epoch 2 [train]:  93%|███████████████████▍ | 1302/1407 [03:39<00:17,  5.92it/s, avg=4.03, loss=3.99]Epoch 2 [train]:  93%|███████████████████▍ | 1302/1407 [03:40<00:17,  5.92it/s, avg=4.03, loss=4.04]Epoch 2 [train]:  93%|███████████████████▍ | 1303/1407 [03:40<00:17,  5.93it/s, avg=4.03, loss=4.04]Epoch 2 [train]:  93%|███████████████████▍ | 1303/1407 [03:40<00:17,  5.93it/s, avg=4.03, loss=4.07]Epoch 2 [train]:  93%|███████████████████▍ | 1304/1407 [03:40<00:16,  6.08it/s, avg=4.03, loss=4.07]Epoch 2 [train]:  93%|███████████████████▍ | 1304/1407 [03:40<00:16,  6.08it/s, avg=4.03, loss=4.09]Epoch 2 [train]:  93%|███████████████████▍ | 1305/1407 [03:40<00:16,  6.19it/s, avg=4.03, loss=4.09]Epoch 2 [train]:  93%|███████████████████▍ | 1305/1407 [03:40<00:16,  6.19it/s, avg=4.03, loss=4.09]Epoch 2 [train]:  93%|███████████████████▍ | 1306/1407 [03:40<00:17,  5.81it/s, avg=4.03, loss=4.09]Epoch 2 [train]:  93%|███████████████████▍ | 1306/1407 [03:40<00:17,  5.81it/s, avg=4.03, loss=4.07]Epoch 2 [train]:  93%|███████████████████▌ | 1307/1407 [03:40<00:18,  5.29it/s, avg=4.03, loss=4.07]Epoch 2 [train]:  93%|███████████████████▌ | 1307/1407 [03:41<00:18,  5.29it/s, avg=4.03, loss=4.09]Epoch 2 [train]:  93%|███████████████████▌ | 1308/1407 [03:41<00:18,  5.41it/s, avg=4.03, loss=4.09]Epoch 2 [train]:  93%|███████████████████▌ | 1308/1407 [03:41<00:18,  5.41it/s, avg=4.03, loss=3.87]Epoch 2 [train]:  93%|███████████████████▌ | 1309/1407 [03:41<00:17,  5.47it/s, avg=4.03, loss=3.87]Epoch 2 [train]:  93%|███████████████████▌ | 1309/1407 [03:41<00:17,  5.47it/s, avg=4.03, loss=3.94]Epoch 2 [train]:  93%|███████████████████▌ | 1310/1407 [03:41<00:16,  5.87it/s, avg=4.03, loss=3.94]Epoch 2 [train]:  93%|███████████████████▌ | 1310/1407 [03:41<00:16,  5.87it/s, avg=4.03, loss=3.75]Epoch 2 [train]:  93%|███████████████████▌ | 1311/1407 [03:41<00:16,  5.90it/s, avg=4.03, loss=3.75]Epoch 2 [train]:  93%|███████████████████▌ | 1311/1407 [03:41<00:16,  5.90it/s, avg=4.03, loss=3.87]Epoch 2 [train]:  93%|███████████████████▌ | 1312/1407 [03:41<00:15,  6.07it/s, avg=4.03, loss=3.87]Epoch 2 [train]:  93%|███████████████████▌ | 1312/1407 [03:41<00:15,  6.07it/s, avg=4.03, loss=3.71]Epoch 2 [train]:  93%|███████████████████▌ | 1313/1407 [03:41<00:14,  6.28it/s, avg=4.03, loss=3.71]Epoch 2 [train]:  93%|███████████████████▌ | 1313/1407 [03:42<00:14,  6.28it/s, avg=4.03, loss=3.72]Epoch 2 [train]:  93%|███████████████████▌ | 1314/1407 [03:42<00:15,  6.06it/s, avg=4.03, loss=3.72]Epoch 2 [train]:  93%|███████████████████▌ | 1314/1407 [03:42<00:15,  6.06it/s, avg=4.03, loss=3.93]Epoch 2 [train]:  93%|███████████████████▋ | 1315/1407 [03:42<00:14,  6.31it/s, avg=4.03, loss=3.93]Epoch 2 [train]:  93%|███████████████████▋ | 1315/1407 [03:42<00:14,  6.31it/s, avg=4.03, loss=3.83]Epoch 2 [train]:  94%|███████████████████▋ | 1316/1407 [03:42<00:15,  5.80it/s, avg=4.03, loss=3.83]Epoch 2 [train]:  94%|███████████████████▋ | 1316/1407 [03:42<00:15,  5.80it/s, avg=4.03, loss=3.97]Epoch 2 [train]:  94%|███████████████████▋ | 1317/1407 [03:42<00:15,  5.77it/s, avg=4.03, loss=3.97]Epoch 2 [train]:  94%|███████████████████▋ | 1317/1407 [03:42<00:15,  5.77it/s, avg=4.03, loss=3.93]Epoch 2 [train]:  94%|███████████████████▋ | 1318/1407 [03:42<00:16,  5.55it/s, avg=4.03, loss=3.93]Epoch 2 [train]:  94%|███████████████████▋ | 1318/1407 [03:42<00:16,  5.55it/s, avg=4.03, loss=3.96]Epoch 2 [train]:  94%|███████████████████▋ | 1319/1407 [03:42<00:14,  5.90it/s, avg=4.03, loss=3.96]Epoch 2 [train]:  94%|███████████████████▋ | 1319/1407 [03:43<00:14,  5.90it/s, avg=4.03, loss=3.98]Epoch 2 [train]:  94%|███████████████████▋ | 1320/1407 [03:43<00:14,  6.03it/s, avg=4.03, loss=3.98]Epoch 2 [train]:  94%|███████████████████▋ | 1320/1407 [03:43<00:14,  6.03it/s, avg=4.03, loss=3.81]Epoch 2 [train]:  94%|███████████████████▋ | 1321/1407 [03:43<00:14,  6.06it/s, avg=4.03, loss=3.81]Epoch 2 [train]:  94%|███████████████████▋ | 1321/1407 [03:43<00:14,  6.06it/s, avg=4.03, loss=3.85]Epoch 2 [train]:  94%|███████████████████▋ | 1322/1407 [03:43<00:13,  6.14it/s, avg=4.03, loss=3.85]Epoch 2 [train]:  94%|████████████████████▋ | 1322/1407 [03:43<00:13,  6.14it/s, avg=4.03, loss=3.9]Epoch 2 [train]:  94%|████████████████████▋ | 1323/1407 [03:43<00:14,  5.68it/s, avg=4.03, loss=3.9]Epoch 2 [train]:  94%|███████████████████▋ | 1323/1407 [03:43<00:14,  5.68it/s, avg=4.03, loss=3.62]Epoch 2 [train]:  94%|███████████████████▊ | 1324/1407 [03:43<00:14,  5.84it/s, avg=4.03, loss=3.62]Epoch 2 [train]:  94%|███████████████████▊ | 1324/1407 [03:43<00:14,  5.84it/s, avg=4.03, loss=3.95]Epoch 2 [train]:  94%|███████████████████▊ | 1325/1407 [03:43<00:13,  6.13it/s, avg=4.03, loss=3.95]Epoch 2 [train]:  94%|███████████████████▊ | 1325/1407 [03:44<00:13,  6.13it/s, avg=4.03, loss=4.09]Epoch 2 [train]:  94%|███████████████████▊ | 1326/1407 [03:44<00:14,  5.59it/s, avg=4.03, loss=4.09]Epoch 2 [train]:  94%|███████████████████▊ | 1326/1407 [03:44<00:14,  5.59it/s, avg=4.03, loss=3.86]Epoch 2 [train]:  94%|███████████████████▊ | 1327/1407 [03:44<00:13,  5.79it/s, avg=4.03, loss=3.86]Epoch 2 [train]:  94%|███████████████████▊ | 1327/1407 [03:44<00:13,  5.79it/s, avg=4.02, loss=3.79]Epoch 2 [train]:  94%|███████████████████▊ | 1328/1407 [03:44<00:13,  6.04it/s, avg=4.02, loss=3.79]Epoch 2 [train]:  94%|███████████████████▊ | 1328/1407 [03:44<00:13,  6.04it/s, avg=4.02, loss=3.79]Epoch 2 [train]:  94%|███████████████████▊ | 1329/1407 [03:44<00:12,  6.37it/s, avg=4.02, loss=3.79]Epoch 2 [train]:  94%|███████████████████▊ | 1329/1407 [03:44<00:12,  6.37it/s, avg=4.02, loss=3.97]Epoch 2 [train]:  95%|███████████████████▊ | 1330/1407 [03:44<00:11,  6.51it/s, avg=4.02, loss=3.97]Epoch 2 [train]:  95%|███████████████████▊ | 1330/1407 [03:44<00:11,  6.51it/s, avg=4.02, loss=3.95]Epoch 2 [train]:  95%|███████████████████▊ | 1331/1407 [03:44<00:11,  6.50it/s, avg=4.02, loss=3.95]Epoch 2 [train]:  95%|███████████████████▊ | 1331/1407 [03:45<00:11,  6.50it/s, avg=4.02, loss=3.97]Epoch 2 [train]:  95%|███████████████████▉ | 1332/1407 [03:45<00:12,  6.15it/s, avg=4.02, loss=3.97]Epoch 2 [train]:  95%|███████████████████▉ | 1332/1407 [03:45<00:12,  6.15it/s, avg=4.02, loss=3.94]Epoch 2 [train]:  95%|███████████████████▉ | 1333/1407 [03:45<00:12,  6.12it/s, avg=4.02, loss=3.94]Epoch 2 [train]:  95%|███████████████████▉ | 1333/1407 [03:45<00:12,  6.12it/s, avg=4.02, loss=4.01]Epoch 2 [train]:  95%|███████████████████▉ | 1334/1407 [03:45<00:11,  6.13it/s, avg=4.02, loss=4.01]Epoch 2 [train]:  95%|███████████████████▉ | 1334/1407 [03:45<00:11,  6.13it/s, avg=4.02, loss=3.82]Epoch 2 [train]:  95%|███████████████████▉ | 1335/1407 [03:45<00:11,  6.15it/s, avg=4.02, loss=3.82]Epoch 2 [train]:  95%|███████████████████▉ | 1335/1407 [03:45<00:11,  6.15it/s, avg=4.02, loss=3.83]Epoch 2 [train]:  95%|███████████████████▉ | 1336/1407 [03:45<00:11,  6.24it/s, avg=4.02, loss=3.83]Epoch 2 [train]:  95%|████████████████████▉ | 1336/1407 [03:45<00:11,  6.24it/s, avg=4.02, loss=3.8]Epoch 2 [train]:  95%|████████████████████▉ | 1337/1407 [03:45<00:10,  6.50it/s, avg=4.02, loss=3.8]Epoch 2 [train]:  95%|███████████████████▉ | 1337/1407 [03:45<00:10,  6.50it/s, avg=4.02, loss=3.64]Epoch 2 [train]:  95%|███████████████████▉ | 1338/1407 [03:45<00:11,  6.27it/s, avg=4.02, loss=3.64]Epoch 2 [train]:  95%|███████████████████▉ | 1338/1407 [03:46<00:11,  6.27it/s, avg=4.02, loss=3.75]Epoch 2 [train]:  95%|███████████████████▉ | 1339/1407 [03:46<00:11,  6.06it/s, avg=4.02, loss=3.75]Epoch 2 [train]:  95%|███████████████████▉ | 1339/1407 [03:46<00:11,  6.06it/s, avg=4.02, loss=4.01]Epoch 2 [train]:  95%|████████████████████ | 1340/1407 [03:46<00:11,  5.89it/s, avg=4.02, loss=4.01]Epoch 2 [train]:  95%|████████████████████ | 1340/1407 [03:46<00:11,  5.89it/s, avg=4.02, loss=4.03]Epoch 2 [train]:  95%|████████████████████ | 1341/1407 [03:46<00:11,  5.58it/s, avg=4.02, loss=4.03]Epoch 2 [train]:  95%|████████████████████▉ | 1341/1407 [03:46<00:11,  5.58it/s, avg=4.02, loss=3.7]Epoch 2 [train]:  95%|████████████████████▉ | 1342/1407 [03:46<00:11,  5.80it/s, avg=4.02, loss=3.7]Epoch 2 [train]:  95%|████████████████████ | 1342/1407 [03:46<00:11,  5.80it/s, avg=4.02, loss=4.15]Epoch 2 [train]:  95%|████████████████████ | 1343/1407 [03:46<00:11,  5.56it/s, avg=4.02, loss=4.15]Epoch 2 [train]:  95%|████████████████████ | 1343/1407 [03:47<00:11,  5.56it/s, avg=4.02, loss=3.87]Epoch 2 [train]:  96%|████████████████████ | 1344/1407 [03:47<00:11,  5.72it/s, avg=4.02, loss=3.87]Epoch 2 [train]:  96%|████████████████████ | 1344/1407 [03:47<00:11,  5.72it/s, avg=4.02, loss=3.67]Epoch 2 [train]:  96%|████████████████████ | 1345/1407 [03:47<00:10,  6.19it/s, avg=4.02, loss=3.67]Epoch 2 [train]:  96%|████████████████████ | 1345/1407 [03:47<00:10,  6.19it/s, avg=4.02, loss=3.96]Epoch 2 [train]:  96%|████████████████████ | 1346/1407 [03:47<00:10,  5.96it/s, avg=4.02, loss=3.96]Epoch 2 [train]:  96%|████████████████████ | 1346/1407 [03:47<00:10,  5.96it/s, avg=4.02, loss=3.74]Epoch 2 [train]:  96%|████████████████████ | 1347/1407 [03:47<00:09,  6.31it/s, avg=4.02, loss=3.74]Epoch 2 [train]:  96%|█████████████████████ | 1347/1407 [03:47<00:09,  6.31it/s, avg=4.02, loss=3.9]Epoch 2 [train]:  96%|█████████████████████ | 1348/1407 [03:47<00:09,  6.38it/s, avg=4.02, loss=3.9]Epoch 2 [train]:  96%|████████████████████ | 1348/1407 [03:47<00:09,  6.38it/s, avg=4.02, loss=3.86]Epoch 2 [train]:  96%|████████████████████▏| 1349/1407 [03:47<00:09,  6.31it/s, avg=4.02, loss=3.86]Epoch 2 [train]:  96%|████████████████████▏| 1349/1407 [03:47<00:09,  6.31it/s, avg=4.02, loss=3.82]Epoch 2 [train]:  96%|████████████████████▏| 1350/1407 [03:47<00:08,  6.34it/s, avg=4.02, loss=3.82]Epoch 2 [train]:  96%|████████████████████▏| 1350/1407 [03:48<00:08,  6.34it/s, avg=4.02, loss=3.93]Epoch 2 [train]:  96%|████████████████████▏| 1351/1407 [03:48<00:09,  5.98it/s, avg=4.02, loss=3.93]Epoch 2 [train]:  96%|████████████████████▏| 1351/1407 [03:48<00:09,  5.98it/s, avg=4.02, loss=3.99]Epoch 2 [train]:  96%|████████████████████▏| 1352/1407 [03:48<00:09,  5.84it/s, avg=4.02, loss=3.99]Epoch 2 [train]:  96%|████████████████████▏| 1352/1407 [03:48<00:09,  5.84it/s, avg=4.02, loss=4.06]Epoch 2 [train]:  96%|████████████████████▏| 1353/1407 [03:48<00:08,  6.11it/s, avg=4.02, loss=4.06]Epoch 2 [train]:  96%|████████████████████▏| 1353/1407 [03:48<00:08,  6.11it/s, avg=4.02, loss=4.01]Epoch 2 [train]:  96%|████████████████████▏| 1354/1407 [03:48<00:08,  6.30it/s, avg=4.02, loss=4.01]Epoch 2 [train]:  96%|████████████████████▏| 1354/1407 [03:48<00:08,  6.30it/s, avg=4.02, loss=3.83]Epoch 2 [train]:  96%|████████████████████▏| 1355/1407 [03:48<00:08,  5.96it/s, avg=4.02, loss=3.83]Epoch 2 [train]:  96%|████████████████████▏| 1355/1407 [03:48<00:08,  5.96it/s, avg=4.02, loss=3.94]Epoch 2 [train]:  96%|████████████████████▏| 1356/1407 [03:48<00:08,  6.10it/s, avg=4.02, loss=3.94]Epoch 2 [train]:  96%|█████████████████████▏| 1356/1407 [03:49<00:08,  6.10it/s, avg=4.02, loss=3.8]Epoch 2 [train]:  96%|█████████████████████▏| 1357/1407 [03:49<00:08,  6.15it/s, avg=4.02, loss=3.8]Epoch 2 [train]:  96%|████████████████████▎| 1357/1407 [03:49<00:08,  6.15it/s, avg=4.02, loss=3.78]Epoch 2 [train]:  97%|████████████████████▎| 1358/1407 [03:49<00:07,  6.30it/s, avg=4.02, loss=3.78]Epoch 2 [train]:  97%|████████████████████▎| 1358/1407 [03:49<00:07,  6.30it/s, avg=4.02, loss=3.99]Epoch 2 [train]:  97%|████████████████████▎| 1359/1407 [03:49<00:07,  6.02it/s, avg=4.02, loss=3.99]Epoch 2 [train]:  97%|████████████████████▎| 1359/1407 [03:49<00:07,  6.02it/s, avg=4.02, loss=3.65]Epoch 2 [train]:  97%|████████████████████▎| 1360/1407 [03:49<00:07,  5.89it/s, avg=4.02, loss=3.65]Epoch 2 [train]:  97%|████████████████████▎| 1360/1407 [03:49<00:07,  5.89it/s, avg=4.02, loss=3.89]Epoch 2 [train]:  97%|████████████████████▎| 1361/1407 [03:49<00:07,  6.21it/s, avg=4.02, loss=3.89]Epoch 2 [train]:  97%|████████████████████▎| 1361/1407 [03:49<00:07,  6.21it/s, avg=4.02, loss=4.09]Epoch 2 [train]:  97%|████████████████████▎| 1362/1407 [03:49<00:07,  6.27it/s, avg=4.02, loss=4.09]Epoch 2 [train]:  97%|████████████████████▎| 1362/1407 [03:50<00:07,  6.27it/s, avg=4.02, loss=3.99]Epoch 2 [train]:  97%|████████████████████▎| 1363/1407 [03:50<00:06,  6.51it/s, avg=4.02, loss=3.99]Epoch 2 [train]:  97%|████████████████████▎| 1363/1407 [03:50<00:06,  6.51it/s, avg=4.02, loss=4.02]Epoch 2 [train]:  97%|████████████████████▎| 1364/1407 [03:50<00:06,  6.75it/s, avg=4.02, loss=4.02]Epoch 2 [train]:  97%|████████████████████▎| 1364/1407 [03:50<00:06,  6.75it/s, avg=4.02, loss=3.79]Epoch 2 [train]:  97%|████████████████████▎| 1365/1407 [03:50<00:06,  6.86it/s, avg=4.02, loss=3.79]Epoch 2 [train]:  97%|████████████████████▎| 1365/1407 [03:50<00:06,  6.86it/s, avg=4.02, loss=3.83]Epoch 2 [train]:  97%|████████████████████▍| 1366/1407 [03:50<00:06,  6.57it/s, avg=4.02, loss=3.83]Epoch 2 [train]:  97%|████████████████████▍| 1366/1407 [03:50<00:06,  6.57it/s, avg=4.02, loss=3.99]Epoch 2 [train]:  97%|████████████████████▍| 1367/1407 [03:50<00:06,  6.45it/s, avg=4.02, loss=3.99]Epoch 2 [train]:  97%|████████████████████▍| 1367/1407 [03:50<00:06,  6.45it/s, avg=4.02, loss=4.07]Epoch 2 [train]:  97%|████████████████████▍| 1368/1407 [03:50<00:06,  5.60it/s, avg=4.02, loss=4.07]Epoch 2 [train]:  97%|████████████████████▍| 1368/1407 [03:51<00:06,  5.60it/s, avg=4.02, loss=3.96]Epoch 2 [train]:  97%|████████████████████▍| 1369/1407 [03:51<00:06,  5.50it/s, avg=4.02, loss=3.96]Epoch 2 [train]:  97%|████████████████████▍| 1369/1407 [03:51<00:06,  5.50it/s, avg=4.02, loss=4.03]Epoch 2 [train]:  97%|████████████████████▍| 1370/1407 [03:51<00:06,  5.65it/s, avg=4.02, loss=4.03]Epoch 2 [train]:  97%|████████████████████▍| 1370/1407 [03:51<00:06,  5.65it/s, avg=4.02, loss=3.78]Epoch 2 [train]:  97%|████████████████████▍| 1371/1407 [03:51<00:06,  5.63it/s, avg=4.02, loss=3.78]Epoch 2 [train]:  97%|████████████████████▍| 1371/1407 [03:51<00:06,  5.63it/s, avg=4.02, loss=3.99]Epoch 2 [train]:  98%|████████████████████▍| 1372/1407 [03:51<00:05,  6.01it/s, avg=4.02, loss=3.99]Epoch 2 [train]:  98%|████████████████████▍| 1372/1407 [03:51<00:05,  6.01it/s, avg=4.02, loss=3.77]Epoch 2 [train]:  98%|████████████████████▍| 1373/1407 [03:51<00:05,  5.88it/s, avg=4.02, loss=3.77]Epoch 2 [train]:  98%|████████████████████▍| 1373/1407 [03:51<00:05,  5.88it/s, avg=4.02, loss=4.15]Epoch 2 [train]:  98%|████████████████████▌| 1374/1407 [03:51<00:05,  5.66it/s, avg=4.02, loss=4.15]Epoch 2 [train]:  98%|████████████████████▌| 1374/1407 [03:52<00:05,  5.66it/s, avg=4.02, loss=4.02]Epoch 2 [train]:  98%|████████████████████▌| 1375/1407 [03:52<00:05,  6.03it/s, avg=4.02, loss=4.02]Epoch 2 [train]:  98%|████████████████████▌| 1375/1407 [03:52<00:05,  6.03it/s, avg=4.02, loss=3.89]Epoch 2 [train]:  98%|████████████████████▌| 1376/1407 [03:52<00:05,  5.62it/s, avg=4.02, loss=3.89]Epoch 2 [train]:  98%|████████████████████▌| 1376/1407 [03:52<00:05,  5.62it/s, avg=4.02, loss=3.87]Epoch 2 [train]:  98%|████████████████████▌| 1377/1407 [03:52<00:05,  5.67it/s, avg=4.02, loss=3.87]Epoch 2 [train]:  98%|████████████████████▌| 1377/1407 [03:52<00:05,  5.67it/s, avg=4.02, loss=3.88]Epoch 2 [train]:  98%|████████████████████▌| 1378/1407 [03:52<00:04,  5.90it/s, avg=4.02, loss=3.88]Epoch 2 [train]:  98%|████████████████████▌| 1378/1407 [03:52<00:04,  5.90it/s, avg=4.02, loss=3.97]Epoch 2 [train]:  98%|████████████████████▌| 1379/1407 [03:52<00:04,  5.87it/s, avg=4.02, loss=3.97]Epoch 2 [train]:  98%|███████████████████████▌| 1379/1407 [03:52<00:04,  5.87it/s, avg=4.02, loss=4]Epoch 2 [train]:  98%|███████████████████████▌| 1380/1407 [03:52<00:04,  5.82it/s, avg=4.02, loss=4]Epoch 2 [train]:  98%|████████████████████▌| 1380/1407 [03:53<00:04,  5.82it/s, avg=4.02, loss=4.07]Epoch 2 [train]:  98%|████████████████████▌| 1381/1407 [03:53<00:04,  5.26it/s, avg=4.02, loss=4.07]Epoch 2 [train]:  98%|█████████████████████▌| 1381/1407 [03:53<00:04,  5.26it/s, avg=4.02, loss=3.9]Epoch 2 [train]:  98%|█████████████████████▌| 1382/1407 [03:53<00:04,  5.29it/s, avg=4.02, loss=3.9]Epoch 2 [train]:  98%|████████████████████▋| 1382/1407 [03:53<00:04,  5.29it/s, avg=4.02, loss=4.03]Epoch 2 [train]:  98%|████████████████████▋| 1383/1407 [03:53<00:04,  5.25it/s, avg=4.02, loss=4.03]Epoch 2 [train]:  98%|████████████████████▋| 1383/1407 [03:53<00:04,  5.25it/s, avg=4.02, loss=3.78]Epoch 2 [train]:  98%|████████████████████▋| 1384/1407 [03:53<00:04,  5.42it/s, avg=4.02, loss=3.78]Epoch 2 [train]:  98%|████████████████████▋| 1384/1407 [03:53<00:04,  5.42it/s, avg=4.02, loss=3.82]Epoch 2 [train]:  98%|████████████████████▋| 1385/1407 [03:53<00:03,  5.62it/s, avg=4.02, loss=3.82]Epoch 2 [train]:  98%|████████████████████▋| 1385/1407 [03:54<00:03,  5.62it/s, avg=4.02, loss=3.93]Epoch 2 [train]:  99%|████████████████████▋| 1386/1407 [03:54<00:03,  5.39it/s, avg=4.02, loss=3.93]Epoch 2 [train]:  99%|████████████████████▋| 1386/1407 [03:54<00:03,  5.39it/s, avg=4.02, loss=3.91]Epoch 2 [train]:  99%|████████████████████▋| 1387/1407 [03:54<00:03,  5.70it/s, avg=4.02, loss=3.91]Epoch 2 [train]:  99%|█████████████████████▋| 1387/1407 [03:54<00:03,  5.70it/s, avg=4.02, loss=3.8]Epoch 2 [train]:  99%|█████████████████████▋| 1388/1407 [03:54<00:03,  5.73it/s, avg=4.02, loss=3.8]Epoch 2 [train]:  99%|███████████████████████▋| 1388/1407 [03:54<00:03,  5.73it/s, avg=4.02, loss=4]Epoch 2 [train]:  99%|███████████████████████▋| 1389/1407 [03:54<00:02,  6.07it/s, avg=4.02, loss=4]Epoch 2 [train]:  99%|████████████████████▋| 1389/1407 [03:54<00:02,  6.07it/s, avg=4.02, loss=3.81]Epoch 2 [train]:  99%|████████████████████▋| 1390/1407 [03:54<00:02,  6.13it/s, avg=4.02, loss=3.81]Epoch 2 [train]:  99%|████████████████████▋| 1390/1407 [03:54<00:02,  6.13it/s, avg=4.02, loss=4.02]Epoch 2 [train]:  99%|████████████████████▊| 1391/1407 [03:54<00:02,  6.44it/s, avg=4.02, loss=4.02]Epoch 2 [train]:  99%|████████████████████▊| 1391/1407 [03:55<00:02,  6.44it/s, avg=4.02, loss=4.13]Epoch 2 [train]:  99%|████████████████████▊| 1392/1407 [03:55<00:02,  5.59it/s, avg=4.02, loss=4.13]Epoch 2 [train]:  99%|████████████████████▊| 1392/1407 [03:55<00:02,  5.59it/s, avg=4.02, loss=3.97]Epoch 2 [train]:  99%|████████████████████▊| 1393/1407 [03:55<00:02,  6.02it/s, avg=4.02, loss=3.97]Epoch 2 [train]:  99%|████████████████████▊| 1393/1407 [03:55<00:02,  6.02it/s, avg=4.02, loss=3.88]Epoch 2 [train]:  99%|████████████████████▊| 1394/1407 [03:55<00:02,  5.90it/s, avg=4.02, loss=3.88]Epoch 2 [train]:  99%|████████████████████▊| 1394/1407 [03:55<00:02,  5.90it/s, avg=4.02, loss=3.95]Epoch 2 [train]:  99%|████████████████████▊| 1395/1407 [03:55<00:01,  6.28it/s, avg=4.02, loss=3.95]Epoch 2 [train]:  99%|████████████████████▊| 1395/1407 [03:55<00:01,  6.28it/s, avg=4.02, loss=3.84]Epoch 2 [train]:  99%|████████████████████▊| 1396/1407 [03:55<00:01,  6.23it/s, avg=4.02, loss=3.84]Epoch 2 [train]:  99%|████████████████████▊| 1396/1407 [03:55<00:01,  6.23it/s, avg=4.02, loss=3.96]Epoch 2 [train]:  99%|████████████████████▊| 1397/1407 [03:55<00:01,  6.28it/s, avg=4.02, loss=3.96]Epoch 2 [train]:  99%|████████████████████▊| 1397/1407 [03:56<00:01,  6.28it/s, avg=4.02, loss=3.95]Epoch 2 [train]:  99%|████████████████████▊| 1398/1407 [03:56<00:01,  6.27it/s, avg=4.02, loss=3.95]Epoch 2 [train]:  99%|████████████████████▊| 1398/1407 [03:56<00:01,  6.27it/s, avg=4.02, loss=3.96]Epoch 2 [train]:  99%|████████████████████▉| 1399/1407 [03:56<00:01,  6.47it/s, avg=4.02, loss=3.96][train] epoch=2 batch=1400/1407 loss=3.9088 avg=4.0191 gpu_mem=949MB
Epoch 2 [train]:  99%|████████████████████▉| 1399/1407 [03:56<00:01,  6.47it/s, avg=4.02, loss=3.91]Epoch 2 [train]: 100%|████████████████████▉| 1400/1407 [03:56<00:01,  6.50it/s, avg=4.02, loss=3.91]Epoch 2 [train]: 100%|█████████████████████▉| 1400/1407 [03:56<00:01,  6.50it/s, avg=4.02, loss=3.9]Epoch 2 [train]: 100%|█████████████████████▉| 1401/1407 [03:56<00:00,  6.64it/s, avg=4.02, loss=3.9]Epoch 2 [train]: 100%|█████████████████████▉| 1401/1407 [03:56<00:00,  6.64it/s, avg=4.02, loss=4.1]Epoch 2 [train]: 100%|█████████████████████▉| 1402/1407 [03:56<00:00,  6.22it/s, avg=4.02, loss=4.1]Epoch 2 [train]: 100%|████████████████████▉| 1402/1407 [03:56<00:00,  6.22it/s, avg=4.02, loss=3.73]Epoch 2 [train]: 100%|████████████████████▉| 1403/1407 [03:56<00:00,  5.94it/s, avg=4.02, loss=3.73]Epoch 2 [train]: 100%|█████████████████████▉| 1403/1407 [03:57<00:00,  5.94it/s, avg=4.02, loss=3.7]Epoch 2 [train]: 100%|█████████████████████▉| 1404/1407 [03:57<00:00,  6.01it/s, avg=4.02, loss=3.7]Epoch 2 [train]: 100%|████████████████████▉| 1404/1407 [03:57<00:00,  6.01it/s, avg=4.02, loss=3.98]Epoch 2 [train]: 100%|████████████████████▉| 1405/1407 [03:57<00:00,  6.01it/s, avg=4.02, loss=3.98]Epoch 2 [train]: 100%|████████████████████▉| 1405/1407 [03:57<00:00,  6.01it/s, avg=4.02, loss=3.93]Epoch 2 [train]: 100%|████████████████████▉| 1406/1407 [03:57<00:00,  6.07it/s, avg=4.02, loss=3.93][train] epoch=2 batch=1407/1407 loss=3.9661 avg=4.0185 gpu_mem=764MB
Epoch 2 [train]: 100%|████████████████████▉| 1406/1407 [03:57<00:00,  6.07it/s, avg=4.02, loss=3.97]Epoch 2 [train]: 100%|█████████████████████| 1407/1407 [03:57<00:00,  5.93it/s, avg=4.02, loss=3.97]
Epoch 2 [val]:   0%|                                                         | 0/79 [00:00<?, ?it/s]Epoch 2 [val]:   0%|                                    | 0/79 [00:00<?, ?it/s, avg=3.88, loss=3.88]Epoch 2 [val]:   0%|                                    | 0/79 [00:00<?, ?it/s, avg=3.83, loss=3.77]Epoch 2 [val]:   3%|▋                           | 2/79 [00:00<00:04, 17.80it/s, avg=3.83, loss=3.77]Epoch 2 [val]:   3%|▋                            | 2/79 [00:00<00:04, 17.80it/s, avg=3.82, loss=3.8]Epoch 2 [val]:   3%|▋                           | 2/79 [00:00<00:04, 17.80it/s, avg=3.85, loss=3.95]Epoch 2 [val]:   5%|█▍                          | 4/79 [00:00<00:04, 17.40it/s, avg=3.85, loss=3.95]Epoch 2 [val]:   5%|█▍                          | 4/79 [00:00<00:04, 17.40it/s, avg=3.81, loss=3.66]Epoch 2 [val]:   5%|█▍                          | 4/79 [00:00<00:04, 17.40it/s, avg=3.85, loss=4.05]Epoch 2 [val]:   8%|██▏                         | 6/79 [00:00<00:04, 16.01it/s, avg=3.85, loss=4.05]Epoch 2 [val]:   8%|██▏                         | 6/79 [00:00<00:04, 16.01it/s, avg=3.86, loss=3.94]Epoch 2 [val]:   8%|██▏                         | 6/79 [00:00<00:04, 16.01it/s, avg=3.86, loss=3.87]Epoch 2 [val]:  10%|██▊                         | 8/79 [00:00<00:04, 15.11it/s, avg=3.86, loss=3.87]Epoch 2 [val]:  10%|██▊                         | 8/79 [00:00<00:04, 15.11it/s, avg=3.87, loss=3.93]Epoch 2 [val]:  10%|██▊                         | 8/79 [00:00<00:04, 15.11it/s, avg=3.88, loss=3.93]Epoch 2 [val]:  13%|███▍                       | 10/79 [00:00<00:04, 15.85it/s, avg=3.88, loss=3.93]Epoch 2 [val]:  13%|███▌                        | 10/79 [00:00<00:04, 15.85it/s, avg=3.9, loss=4.11]Epoch 2 [val]:  13%|███▌                        | 10/79 [00:00<00:04, 15.85it/s, avg=3.9, loss=3.88]Epoch 2 [val]:  15%|████▎                       | 12/79 [00:00<00:04, 15.10it/s, avg=3.9, loss=3.88]Epoch 2 [val]:  15%|████▋                          | 12/79 [00:00<00:04, 15.10it/s, avg=3.9, loss=4]Epoch 2 [val]:  15%|████                       | 12/79 [00:00<00:04, 15.10it/s, avg=3.91, loss=4.04]Epoch 2 [val]:  18%|████▊                      | 14/79 [00:00<00:04, 15.63it/s, avg=3.91, loss=4.04]Epoch 2 [val]:  18%|████▊                      | 14/79 [00:00<00:04, 15.63it/s, avg=3.93, loss=4.09]Epoch 2 [val]:  18%|████▊                      | 14/79 [00:01<00:04, 15.63it/s, avg=3.93, loss=3.97]Epoch 2 [val]:  20%|█████▍                     | 16/79 [00:01<00:03, 16.03it/s, avg=3.93, loss=3.97]Epoch 2 [val]:  20%|█████▍                     | 16/79 [00:01<00:03, 16.03it/s, avg=3.93, loss=3.98]Epoch 2 [val]:  20%|█████▍                     | 16/79 [00:01<00:03, 16.03it/s, avg=3.93, loss=3.97]Epoch 2 [val]:  23%|██████▏                    | 18/79 [00:01<00:03, 16.86it/s, avg=3.93, loss=3.97]Epoch 2 [val]:  23%|██████▏                    | 18/79 [00:01<00:03, 16.86it/s, avg=3.93, loss=3.93]Epoch 2 [val]:  23%|██████▏                    | 18/79 [00:01<00:03, 16.86it/s, avg=3.93, loss=3.79]Epoch 2 [val]:  25%|██████▊                    | 20/79 [00:01<00:03, 15.85it/s, avg=3.93, loss=3.79]Epoch 2 [val]:  25%|██████▊                    | 20/79 [00:01<00:03, 15.85it/s, avg=3.93, loss=4.02]Epoch 2 [val]:  25%|███████▌                      | 20/79 [00:01<00:03, 15.85it/s, avg=3.93, loss=4]Epoch 2 [val]:  28%|████████▎                     | 22/79 [00:01<00:03, 15.99it/s, avg=3.93, loss=4]Epoch 2 [val]:  28%|███████▌                   | 22/79 [00:01<00:03, 15.99it/s, avg=3.93, loss=3.94]Epoch 2 [val]:  28%|███████▌                   | 22/79 [00:01<00:03, 15.99it/s, avg=3.93, loss=3.92]Epoch 2 [val]:  30%|████████▏                  | 24/79 [00:01<00:03, 16.21it/s, avg=3.93, loss=3.92]Epoch 2 [val]:  30%|████████▏                  | 24/79 [00:01<00:03, 16.21it/s, avg=3.93, loss=3.95]Epoch 2 [val]:  30%|████████▏                  | 24/79 [00:01<00:03, 16.21it/s, avg=3.94, loss=4.13]Epoch 2 [val]:  33%|████████▉                  | 26/79 [00:01<00:03, 16.39it/s, avg=3.94, loss=4.13]Epoch 2 [val]:  33%|█████████▏                  | 26/79 [00:01<00:03, 16.39it/s, avg=3.94, loss=3.9]Epoch 2 [val]:  33%|████████▉                  | 26/79 [00:01<00:03, 16.39it/s, avg=3.94, loss=3.99]Epoch 2 [val]:  35%|█████████▌                 | 28/79 [00:01<00:03, 16.04it/s, avg=3.94, loss=3.99]Epoch 2 [val]:  35%|█████████▌                 | 28/79 [00:01<00:03, 16.04it/s, avg=3.94, loss=4.01]Epoch 2 [val]:  35%|█████████▌                 | 28/79 [00:01<00:03, 16.04it/s, avg=3.94, loss=3.83]Epoch 2 [val]:  38%|██████████▎                | 30/79 [00:01<00:03, 15.65it/s, avg=3.94, loss=3.83]Epoch 2 [val]:  38%|██████████▎                | 30/79 [00:01<00:03, 15.65it/s, avg=3.95, loss=4.18]Epoch 2 [val]:  38%|██████████▎                | 30/79 [00:02<00:03, 15.65it/s, avg=3.95, loss=3.88]Epoch 2 [val]:  41%|██████████▉                | 32/79 [00:02<00:03, 15.59it/s, avg=3.95, loss=3.88]Epoch 2 [val]:  41%|██████████▉                | 32/79 [00:02<00:03, 15.59it/s, avg=3.94, loss=3.88]Epoch 2 [val]:  41%|██████████▉                | 32/79 [00:02<00:03, 15.59it/s, avg=3.95, loss=3.99]Epoch 2 [val]:  43%|███████████▌               | 34/79 [00:02<00:02, 15.83it/s, avg=3.95, loss=3.99]Epoch 2 [val]:  43%|███████████▌               | 34/79 [00:02<00:02, 15.83it/s, avg=3.94, loss=3.65]Epoch 2 [val]:  43%|███████████▌               | 34/79 [00:02<00:02, 15.83it/s, avg=3.94, loss=4.21]Epoch 2 [val]:  46%|████████████▎              | 36/79 [00:02<00:02, 15.75it/s, avg=3.94, loss=4.21]Epoch 2 [val]:  46%|████████████▎              | 36/79 [00:02<00:02, 15.75it/s, avg=3.94, loss=3.78]Epoch 2 [val]:  46%|████████████▎              | 36/79 [00:02<00:02, 15.75it/s, avg=3.94, loss=4.04]Epoch 2 [val]:  48%|████████████▉              | 38/79 [00:02<00:02, 16.19it/s, avg=3.94, loss=4.04]Epoch 2 [val]:  48%|████████████▉              | 38/79 [00:02<00:02, 16.19it/s, avg=3.94, loss=3.98]Epoch 2 [val]:  48%|████████████▉              | 38/79 [00:02<00:02, 16.19it/s, avg=3.95, loss=4.03]Epoch 2 [val]:  51%|█████████████▋             | 40/79 [00:02<00:02, 15.95it/s, avg=3.95, loss=4.03]Epoch 2 [val]:  51%|██████████████▏             | 40/79 [00:02<00:02, 15.95it/s, avg=3.94, loss=3.9]Epoch 2 [val]:  51%|█████████████▋             | 40/79 [00:02<00:02, 15.95it/s, avg=3.95, loss=4.05]Epoch 2 [val]:  53%|██████████████▎            | 42/79 [00:02<00:02, 15.13it/s, avg=3.95, loss=4.05]Epoch 2 [val]:  53%|██████████████▎            | 42/79 [00:02<00:02, 15.13it/s, avg=3.94, loss=3.81]Epoch 2 [val]:  53%|██████████████▎            | 42/79 [00:02<00:02, 15.13it/s, avg=3.94, loss=3.88]Epoch 2 [val]:  56%|███████████████            | 44/79 [00:02<00:02, 15.13it/s, avg=3.94, loss=3.88]Epoch 2 [val]:  56%|███████████████            | 44/79 [00:02<00:02, 15.13it/s, avg=3.94, loss=4.04]Epoch 2 [val]:  56%|███████████████            | 44/79 [00:02<00:02, 15.13it/s, avg=3.94, loss=3.75]Epoch 2 [val]:  58%|███████████████▋           | 46/79 [00:02<00:02, 16.13it/s, avg=3.94, loss=3.75]Epoch 2 [val]:  58%|███████████████▋           | 46/79 [00:02<00:02, 16.13it/s, avg=3.94, loss=3.91]Epoch 2 [val]:  58%|███████████████▋           | 46/79 [00:03<00:02, 16.13it/s, avg=3.94, loss=3.99]Epoch 2 [val]:  61%|████████████████▍          | 48/79 [00:03<00:01, 15.74it/s, avg=3.94, loss=3.99]Epoch 2 [val]:  61%|████████████████▍          | 48/79 [00:03<00:01, 15.74it/s, avg=3.94, loss=3.98]Epoch 2 [val]:  61%|████████████████▍          | 48/79 [00:03<00:01, 15.74it/s, avg=3.94, loss=3.98]Epoch 2 [val]:  63%|█████████████████          | 50/79 [00:03<00:01, 15.69it/s, avg=3.94, loss=3.98]Epoch 2 [val]:  63%|█████████████████▋          | 50/79 [00:03<00:01, 15.69it/s, avg=3.94, loss=3.8]Epoch 2 [val]:  63%|█████████████████          | 50/79 [00:03<00:01, 15.69it/s, avg=3.94, loss=3.85]Epoch 2 [val]:  66%|█████████████████▊         | 52/79 [00:03<00:01, 16.43it/s, avg=3.94, loss=3.85]Epoch 2 [val]:  66%|█████████████████▊         | 52/79 [00:03<00:01, 16.43it/s, avg=3.94, loss=3.78]Epoch 2 [val]:  66%|█████████████████▊         | 52/79 [00:03<00:01, 16.43it/s, avg=3.93, loss=3.75]Epoch 2 [val]:  68%|██████████████████▍        | 54/79 [00:03<00:01, 16.42it/s, avg=3.93, loss=3.75]Epoch 2 [val]:  68%|██████████████████▍        | 54/79 [00:03<00:01, 16.42it/s, avg=3.93, loss=3.83]Epoch 2 [val]:  68%|██████████████████▍        | 54/79 [00:03<00:01, 16.42it/s, avg=3.93, loss=3.84]Epoch 2 [val]:  71%|███████████████████▏       | 56/79 [00:03<00:01, 17.06it/s, avg=3.93, loss=3.84]Epoch 2 [val]:  71%|███████████████████▏       | 56/79 [00:03<00:01, 17.06it/s, avg=3.93, loss=3.79]Epoch 2 [val]:  71%|███████████████████▏       | 56/79 [00:03<00:01, 17.06it/s, avg=3.93, loss=4.12]Epoch 2 [val]:  73%|███████████████████▊       | 58/79 [00:03<00:01, 17.10it/s, avg=3.93, loss=4.12]Epoch 2 [val]:  73%|███████████████████▊       | 58/79 [00:03<00:01, 17.10it/s, avg=3.93, loss=3.74]Epoch 2 [val]:  73%|███████████████████▊       | 58/79 [00:03<00:01, 17.10it/s, avg=3.93, loss=3.93]Epoch 2 [val]:  76%|████████████████████▌      | 60/79 [00:03<00:01, 17.60it/s, avg=3.93, loss=3.93]Epoch 2 [val]:  76%|████████████████████▌      | 60/79 [00:03<00:01, 17.60it/s, avg=3.92, loss=3.73]Epoch 2 [val]:  76%|████████████████████▌      | 60/79 [00:03<00:01, 17.60it/s, avg=3.92, loss=3.81]Epoch 2 [val]:  78%|█████████████████████▏     | 62/79 [00:03<00:00, 17.08it/s, avg=3.92, loss=3.81]Epoch 2 [val]:  78%|█████████████████████▏     | 62/79 [00:03<00:00, 17.08it/s, avg=3.92, loss=4.03]Epoch 2 [val]:  78%|█████████████████████▏     | 62/79 [00:03<00:00, 17.08it/s, avg=3.92, loss=3.86]Epoch 2 [val]:  81%|█████████████████████▊     | 64/79 [00:03<00:00, 15.93it/s, avg=3.92, loss=3.86]Epoch 2 [val]:  81%|█████████████████████▊     | 64/79 [00:04<00:00, 15.93it/s, avg=3.92, loss=3.93]Epoch 2 [val]:  81%|████████████████████████▎     | 64/79 [00:04<00:00, 15.93it/s, avg=3.92, loss=4]Epoch 2 [val]:  84%|█████████████████████████     | 66/79 [00:04<00:00, 14.85it/s, avg=3.92, loss=4]Epoch 2 [val]:  84%|██████████████████████▌    | 66/79 [00:04<00:00, 14.85it/s, avg=3.93, loss=4.09]Epoch 2 [val]:  84%|██████████████████████▌    | 66/79 [00:04<00:00, 14.85it/s, avg=3.92, loss=3.86]Epoch 2 [val]:  86%|███████████████████████▏   | 68/79 [00:04<00:00, 15.24it/s, avg=3.92, loss=3.86]Epoch 2 [val]:  86%|███████████████████████▏   | 68/79 [00:04<00:00, 15.24it/s, avg=3.92, loss=3.73]Epoch 2 [val]:  86%|███████████████████████▏   | 68/79 [00:04<00:00, 15.24it/s, avg=3.92, loss=3.86]Epoch 2 [val]:  89%|███████████████████████▉   | 70/79 [00:04<00:00, 15.79it/s, avg=3.92, loss=3.86]Epoch 2 [val]:  89%|███████████████████████▉   | 70/79 [00:04<00:00, 15.79it/s, avg=3.92, loss=4.09]Epoch 2 [val]:  89%|███████████████████████▉   | 70/79 [00:04<00:00, 15.79it/s, avg=3.93, loss=4.13]Epoch 2 [val]:  91%|████████████████████████▌  | 72/79 [00:04<00:00, 15.49it/s, avg=3.93, loss=4.13]Epoch 2 [val]:  91%|████████████████████████▌  | 72/79 [00:04<00:00, 15.49it/s, avg=3.93, loss=3.94]Epoch 2 [val]:  91%|████████████████████████▌  | 72/79 [00:04<00:00, 15.49it/s, avg=3.92, loss=3.76]Epoch 2 [val]:  94%|█████████████████████████▎ | 74/79 [00:04<00:00, 15.07it/s, avg=3.92, loss=3.76]Epoch 2 [val]:  94%|█████████████████████████▎ | 74/79 [00:04<00:00, 15.07it/s, avg=3.92, loss=3.84]Epoch 2 [val]:  94%|█████████████████████████▎ | 74/79 [00:04<00:00, 15.07it/s, avg=3.92, loss=3.89]Epoch 2 [val]:  96%|█████████████████████████▉ | 76/79 [00:04<00:00, 14.91it/s, avg=3.92, loss=3.89]Epoch 2 [val]:  96%|████████████████████████████▊ | 76/79 [00:04<00:00, 14.91it/s, avg=3.92, loss=4]Epoch 2 [val]:  96%|█████████████████████████▉ | 76/79 [00:04<00:00, 14.91it/s, avg=3.92, loss=4.02]Epoch 2 [val]:  99%|██████████████████████████▋| 78/79 [00:04<00:00, 15.26it/s, avg=3.92, loss=4.02]Epoch 2 [val]:  99%|██████████████████████████▋| 78/79 [00:04<00:00, 15.26it/s, avg=3.93, loss=4.04]Epoch 2 [val]: 100%|███████████████████████████| 79/79 [00:04<00:00, 16.01it/s, avg=3.93, loss=4.04]
Epoch 2 [test]:   0%|                                                        | 0/79 [00:00<?, ?it/s]Epoch 2 [test]:   0%|                                   | 0/79 [00:00<?, ?it/s, avg=4.02, loss=4.02]Epoch 2 [test]:   0%|                                   | 0/79 [00:00<?, ?it/s, avg=3.99, loss=3.97]Epoch 2 [test]:   3%|▋                          | 2/79 [00:00<00:04, 16.25it/s, avg=3.99, loss=3.97]Epoch 2 [test]:   3%|▋                          | 2/79 [00:00<00:04, 16.25it/s, avg=3.95, loss=3.86]Epoch 2 [test]:   3%|▋                          | 2/79 [00:00<00:04, 16.25it/s, avg=3.96, loss=4.01]Epoch 2 [test]:   5%|█▎                         | 4/79 [00:00<00:04, 16.23it/s, avg=3.96, loss=4.01]Epoch 2 [test]:   5%|█▎                         | 4/79 [00:00<00:04, 16.23it/s, avg=3.95, loss=3.89]Epoch 2 [test]:   5%|█▍                          | 4/79 [00:00<00:04, 16.23it/s, avg=3.94, loss=3.9]Epoch 2 [test]:   8%|██▏                         | 6/79 [00:00<00:04, 15.92it/s, avg=3.94, loss=3.9]Epoch 2 [test]:   8%|██▎                           | 6/79 [00:00<00:04, 15.92it/s, avg=3.95, loss=4]Epoch 2 [test]:   8%|██                         | 6/79 [00:00<00:04, 15.92it/s, avg=3.89, loss=3.45]Epoch 2 [test]:  10%|██▋                        | 8/79 [00:00<00:04, 15.26it/s, avg=3.89, loss=3.45]Epoch 2 [test]:  10%|██▊                         | 8/79 [00:00<00:04, 15.26it/s, avg=3.91, loss=4.1]Epoch 2 [test]:  10%|██▊                         | 8/79 [00:00<00:04, 15.26it/s, avg=3.91, loss=3.9]Epoch 2 [test]:  13%|███▍                       | 10/79 [00:00<00:04, 15.89it/s, avg=3.91, loss=3.9]Epoch 2 [test]:  13%|███▎                      | 10/79 [00:00<00:04, 15.89it/s, avg=3.92, loss=4.08]Epoch 2 [test]:  13%|███▎                      | 10/79 [00:00<00:04, 15.89it/s, avg=3.93, loss=3.98]Epoch 2 [test]:  15%|███▉                      | 12/79 [00:00<00:03, 16.75it/s, avg=3.93, loss=3.98]Epoch 2 [test]:  15%|███▉                      | 12/79 [00:00<00:03, 16.75it/s, avg=3.94, loss=4.06]Epoch 2 [test]:  15%|███▉                      | 12/79 [00:00<00:03, 16.75it/s, avg=3.95, loss=4.06]Epoch 2 [test]:  18%|████▌                     | 14/79 [00:00<00:03, 16.87it/s, avg=3.95, loss=4.06]Epoch 2 [test]:  18%|████▌                     | 14/79 [00:00<00:03, 16.87it/s, avg=3.94, loss=3.88]Epoch 2 [test]:  18%|████▌                     | 14/79 [00:00<00:03, 16.87it/s, avg=3.92, loss=3.64]Epoch 2 [test]:  20%|█████▎                    | 16/79 [00:00<00:03, 15.79it/s, avg=3.92, loss=3.64]Epoch 2 [test]:  20%|█████▎                    | 16/79 [00:01<00:03, 15.79it/s, avg=3.93, loss=3.98]Epoch 2 [test]:  20%|█████▎                    | 16/79 [00:01<00:03, 15.79it/s, avg=3.92, loss=3.83]Epoch 2 [test]:  23%|█████▉                    | 18/79 [00:01<00:04, 14.95it/s, avg=3.92, loss=3.83]Epoch 2 [test]:  23%|██████▏                    | 18/79 [00:01<00:04, 14.95it/s, avg=3.92, loss=3.9]Epoch 2 [test]:  23%|█████▉                    | 18/79 [00:01<00:04, 14.95it/s, avg=3.92, loss=3.93]Epoch 2 [test]:  23%|█████▉                    | 18/79 [00:01<00:04, 14.95it/s, avg=3.93, loss=4.15]Epoch 2 [test]:  27%|██████▉                   | 21/79 [00:01<00:03, 16.57it/s, avg=3.93, loss=4.15]Epoch 2 [test]:  27%|██████▉                   | 21/79 [00:01<00:03, 16.57it/s, avg=3.95, loss=4.24]Epoch 2 [test]:  27%|██████▉                   | 21/79 [00:01<00:03, 16.57it/s, avg=3.95, loss=4.13]Epoch 2 [test]:  29%|███████▌                  | 23/79 [00:01<00:03, 16.43it/s, avg=3.95, loss=4.13]Epoch 2 [test]:  29%|███████▌                  | 23/79 [00:01<00:03, 16.43it/s, avg=3.95, loss=3.94]Epoch 2 [test]:  29%|███████▌                  | 23/79 [00:01<00:03, 16.43it/s, avg=3.96, loss=4.19]Epoch 2 [test]:  32%|████████▏                 | 25/79 [00:01<00:03, 15.70it/s, avg=3.96, loss=4.19]Epoch 2 [test]:  32%|████████▏                 | 25/79 [00:01<00:03, 15.70it/s, avg=3.96, loss=3.85]Epoch 2 [test]:  32%|████████▏                 | 25/79 [00:01<00:03, 15.70it/s, avg=3.96, loss=3.89]Epoch 2 [test]:  34%|████████▉                 | 27/79 [00:01<00:03, 15.76it/s, avg=3.96, loss=3.89]Epoch 2 [test]:  34%|████████▉                 | 27/79 [00:01<00:03, 15.76it/s, avg=3.96, loss=3.97]Epoch 2 [test]:  34%|████████▉                 | 27/79 [00:01<00:03, 15.76it/s, avg=3.96, loss=4.04]Epoch 2 [test]:  37%|█████████▌                | 29/79 [00:01<00:03, 16.31it/s, avg=3.96, loss=4.04]Epoch 2 [test]:  37%|█████████▌                | 29/79 [00:01<00:03, 16.31it/s, avg=3.96, loss=3.96]Epoch 2 [test]:  37%|█████████▌                | 29/79 [00:01<00:03, 16.31it/s, avg=3.97, loss=4.23]Epoch 2 [test]:  39%|██████████▏               | 31/79 [00:01<00:03, 14.89it/s, avg=3.97, loss=4.23]Epoch 2 [test]:  39%|██████████▏               | 31/79 [00:02<00:03, 14.89it/s, avg=3.97, loss=3.92]Epoch 2 [test]:  39%|██████████▌                | 31/79 [00:02<00:03, 14.89it/s, avg=3.96, loss=3.8]Epoch 2 [test]:  42%|███████████▎               | 33/79 [00:02<00:03, 14.60it/s, avg=3.96, loss=3.8]Epoch 2 [test]:  42%|██████████▊               | 33/79 [00:02<00:03, 14.60it/s, avg=3.96, loss=3.77]Epoch 2 [test]:  42%|██████████▊               | 33/79 [00:02<00:03, 14.60it/s, avg=3.96, loss=4.09]Epoch 2 [test]:  44%|███████████▌              | 35/79 [00:02<00:02, 15.14it/s, avg=3.96, loss=4.09]Epoch 2 [test]:  44%|███████████▌              | 35/79 [00:02<00:02, 15.14it/s, avg=3.96, loss=4.06]Epoch 2 [test]:  44%|███████████▌              | 35/79 [00:02<00:02, 15.14it/s, avg=3.96, loss=3.75]Epoch 2 [test]:  47%|████████████▏             | 37/79 [00:02<00:02, 15.92it/s, avg=3.96, loss=3.75]Epoch 2 [test]:  47%|████████████▏             | 37/79 [00:02<00:02, 15.92it/s, avg=3.96, loss=4.03]Epoch 2 [test]:  47%|████████████▏             | 37/79 [00:02<00:02, 15.92it/s, avg=3.96, loss=4.01]Epoch 2 [test]:  49%|████████████▊             | 39/79 [00:02<00:02, 16.68it/s, avg=3.96, loss=4.01]Epoch 2 [test]:  49%|████████████▊             | 39/79 [00:02<00:02, 16.68it/s, avg=3.95, loss=3.74]Epoch 2 [test]:  49%|██████████████▎              | 39/79 [00:02<00:02, 16.68it/s, avg=3.96, loss=4]Epoch 2 [test]:  52%|███████████████              | 41/79 [00:02<00:02, 17.23it/s, avg=3.96, loss=4]Epoch 2 [test]:  52%|█████████████▍            | 41/79 [00:02<00:02, 17.23it/s, avg=3.95, loss=3.92]Epoch 2 [test]:  52%|█████████████▍            | 41/79 [00:02<00:02, 17.23it/s, avg=3.96, loss=4.12]Epoch 2 [test]:  54%|██████████████▏           | 43/79 [00:02<00:02, 16.24it/s, avg=3.96, loss=4.12]Epoch 2 [test]:  54%|██████████████▏           | 43/79 [00:02<00:02, 16.24it/s, avg=3.96, loss=3.94]Epoch 2 [test]:  54%|██████████████▏           | 43/79 [00:02<00:02, 16.24it/s, avg=3.95, loss=3.78]Epoch 2 [test]:  57%|██████████████▊           | 45/79 [00:02<00:02, 16.57it/s, avg=3.95, loss=3.78]Epoch 2 [test]:  57%|██████████████▊           | 45/79 [00:02<00:02, 16.57it/s, avg=3.95, loss=3.96]Epoch 2 [test]:  57%|██████████████▊           | 45/79 [00:02<00:02, 16.57it/s, avg=3.95, loss=3.91]Epoch 2 [test]:  59%|███████████████▍          | 47/79 [00:02<00:01, 16.67it/s, avg=3.95, loss=3.91]Epoch 2 [test]:  59%|███████████████▍          | 47/79 [00:02<00:01, 16.67it/s, avg=3.95, loss=4.01]Epoch 2 [test]:  59%|███████████████▍          | 47/79 [00:03<00:01, 16.67it/s, avg=3.95, loss=3.87]Epoch 2 [test]:  62%|████████████████▏         | 49/79 [00:03<00:01, 16.46it/s, avg=3.95, loss=3.87]Epoch 2 [test]:  62%|████████████████▏         | 49/79 [00:03<00:01, 16.46it/s, avg=3.95, loss=3.82]Epoch 2 [test]:  62%|████████████████▏         | 49/79 [00:03<00:01, 16.46it/s, avg=3.95, loss=3.87]Epoch 2 [test]:  65%|████████████████▊         | 51/79 [00:03<00:01, 16.60it/s, avg=3.95, loss=3.87]Epoch 2 [test]:  65%|████████████████▊         | 51/79 [00:03<00:01, 16.60it/s, avg=3.95, loss=3.96]Epoch 2 [test]:  65%|████████████████▊         | 51/79 [00:03<00:01, 16.60it/s, avg=3.94, loss=3.65]Epoch 2 [test]:  67%|█████████████████▍        | 53/79 [00:03<00:01, 16.07it/s, avg=3.94, loss=3.65]Epoch 2 [test]:  67%|█████████████████▍        | 53/79 [00:03<00:01, 16.07it/s, avg=3.94, loss=3.89]Epoch 2 [test]:  67%|█████████████████▍        | 53/79 [00:03<00:01, 16.07it/s, avg=3.95, loss=4.15]Epoch 2 [test]:  70%|██████████████████        | 55/79 [00:03<00:01, 15.11it/s, avg=3.95, loss=4.15]Epoch 2 [test]:  70%|██████████████████▊        | 55/79 [00:03<00:01, 15.11it/s, avg=3.95, loss=3.9]Epoch 2 [test]:  70%|██████████████████        | 55/79 [00:03<00:01, 15.11it/s, avg=3.95, loss=4.07]Epoch 2 [test]:  72%|██████████████████▊       | 57/79 [00:03<00:01, 15.23it/s, avg=3.95, loss=4.07]Epoch 2 [test]:  72%|██████████████████▊       | 57/79 [00:03<00:01, 15.23it/s, avg=3.94, loss=3.73]Epoch 2 [test]:  72%|██████████████████▊       | 57/79 [00:03<00:01, 15.23it/s, avg=3.94, loss=3.85]Epoch 2 [test]:  75%|███████████████████▍      | 59/79 [00:03<00:01, 16.25it/s, avg=3.94, loss=3.85]Epoch 2 [test]:  75%|███████████████████▍      | 59/79 [00:03<00:01, 16.25it/s, avg=3.94, loss=3.91]Epoch 2 [test]:  75%|███████████████████▍      | 59/79 [00:03<00:01, 16.25it/s, avg=3.94, loss=3.89]Epoch 2 [test]:  77%|████████████████████      | 61/79 [00:03<00:01, 16.11it/s, avg=3.94, loss=3.89]Epoch 2 [test]:  77%|████████████████████      | 61/79 [00:03<00:01, 16.11it/s, avg=3.94, loss=3.77]Epoch 2 [test]:  77%|████████████████████      | 61/79 [00:03<00:01, 16.11it/s, avg=3.94, loss=3.92]Epoch 2 [test]:  80%|████████████████████▋     | 63/79 [00:03<00:00, 16.09it/s, avg=3.94, loss=3.92]Epoch 2 [test]:  80%|████████████████████▋     | 63/79 [00:04<00:00, 16.09it/s, avg=3.94, loss=3.86]Epoch 2 [test]:  80%|████████████████████▋     | 63/79 [00:04<00:00, 16.09it/s, avg=3.94, loss=4.09]Epoch 2 [test]:  82%|█████████████████████▍    | 65/79 [00:04<00:00, 15.24it/s, avg=3.94, loss=4.09]Epoch 2 [test]:  82%|█████████████████████▍    | 65/79 [00:04<00:00, 15.24it/s, avg=3.94, loss=4.08]Epoch 2 [test]:  82%|█████████████████████▍    | 65/79 [00:04<00:00, 15.24it/s, avg=3.94, loss=3.98]Epoch 2 [test]:  85%|██████████████████████    | 67/79 [00:04<00:00, 16.01it/s, avg=3.94, loss=3.98]Epoch 2 [test]:  85%|██████████████████████    | 67/79 [00:04<00:00, 16.01it/s, avg=3.94, loss=4.01]Epoch 2 [test]:  85%|██████████████████████    | 67/79 [00:04<00:00, 16.01it/s, avg=3.94, loss=4.05]Epoch 2 [test]:  87%|██████████████████████▋   | 69/79 [00:04<00:00, 16.20it/s, avg=3.94, loss=4.05]Epoch 2 [test]:  87%|██████████████████████▋   | 69/79 [00:04<00:00, 16.20it/s, avg=3.95, loss=4.08]Epoch 2 [test]:  87%|██████████████████████▋   | 69/79 [00:04<00:00, 16.20it/s, avg=3.95, loss=3.91]Epoch 2 [test]:  90%|███████████████████████▎  | 71/79 [00:04<00:00, 15.96it/s, avg=3.95, loss=3.91]Epoch 2 [test]:  90%|███████████████████████▎  | 71/79 [00:04<00:00, 15.96it/s, avg=3.95, loss=4.02]Epoch 2 [test]:  90%|███████████████████████▎  | 71/79 [00:04<00:00, 15.96it/s, avg=3.95, loss=3.96]Epoch 2 [test]:  92%|████████████████████████  | 73/79 [00:04<00:00, 16.07it/s, avg=3.95, loss=3.96]Epoch 2 [test]:  92%|████████████████████████  | 73/79 [00:04<00:00, 16.07it/s, avg=3.95, loss=4.04]Epoch 2 [test]:  92%|████████████████████████  | 73/79 [00:04<00:00, 16.07it/s, avg=3.95, loss=3.74]Epoch 2 [test]:  95%|████████████████████████▋ | 75/79 [00:04<00:00, 16.24it/s, avg=3.95, loss=3.74]Epoch 2 [test]:  95%|████████████████████████▋ | 75/79 [00:04<00:00, 16.24it/s, avg=3.94, loss=3.86]Epoch 2 [test]:  95%|████████████████████████▋ | 75/79 [00:04<00:00, 16.24it/s, avg=3.95, loss=4.05]Epoch 2 [test]:  97%|█████████████████████████▎| 77/79 [00:04<00:00, 15.24it/s, avg=3.95, loss=4.05]Epoch 2 [test]:  97%|█████████████████████████▎| 77/79 [00:04<00:00, 15.24it/s, avg=3.95, loss=3.91]Epoch 2 [test]:  97%|█████████████████████████▎| 77/79 [00:04<00:00, 15.24it/s, avg=3.95, loss=4.26]Epoch 2 [test]: 100%|██████████████████████████| 79/79 [00:04<00:00, 16.02it/s, avg=3.95, loss=4.26]
==> Epoch 2 DONE: train=4.0185 val=3.9264 test=3.9490
  ↳ New best model saved.
Epoch 3 [train]:   0%|                                                     | 0/1407 [00:00<?, ?it/s]Epoch 3 [train]:   0%|                                | 0/1407 [00:00<?, ?it/s, avg=3.66, loss=3.66]Epoch 3 [train]:   0%|                        | 1/1407 [00:00<06:17,  3.73it/s, avg=3.66, loss=3.66]Epoch 3 [train]:   0%|                        | 1/1407 [00:00<06:17,  3.73it/s, avg=3.68, loss=3.71]Epoch 3 [train]:   0%|                        | 2/1407 [00:00<05:34,  4.20it/s, avg=3.68, loss=3.71]Epoch 3 [train]:   0%|                        | 2/1407 [00:00<05:34,  4.20it/s, avg=3.67, loss=3.64]Epoch 3 [train]:   0%|                        | 3/1407 [00:00<05:16,  4.44it/s, avg=3.67, loss=3.64]Epoch 3 [train]:   0%|                        | 3/1407 [00:00<05:16,  4.44it/s, avg=3.64, loss=3.57]Epoch 3 [train]:   0%|                        | 4/1407 [00:00<04:47,  4.88it/s, avg=3.64, loss=3.57]Epoch 3 [train]:   0%|                        | 4/1407 [00:01<04:47,  4.88it/s, avg=3.65, loss=3.67]Epoch 3 [train]:   0%|                        | 5/1407 [00:01<04:35,  5.08it/s, avg=3.65, loss=3.67]Epoch 3 [train]:   0%|                         | 5/1407 [00:01<04:35,  5.08it/s, avg=3.67, loss=3.8]Epoch 3 [train]:   0%|                         | 6/1407 [00:01<04:37,  5.05it/s, avg=3.67, loss=3.8]Epoch 3 [train]:   0%|                        | 6/1407 [00:01<04:37,  5.05it/s, avg=3.67, loss=3.68]Epoch 3 [train]:   0%|                        | 7/1407 [00:01<04:13,  5.52it/s, avg=3.67, loss=3.68]Epoch 3 [train]:   0%|                        | 7/1407 [00:01<04:13,  5.52it/s, avg=3.68, loss=3.71]Epoch 3 [train]:   1%|▏                       | 8/1407 [00:01<03:54,  5.97it/s, avg=3.68, loss=3.71]Epoch 3 [train]:   1%|▏                       | 8/1407 [00:01<03:54,  5.97it/s, avg=3.66, loss=3.53]Epoch 3 [train]:   1%|▏                       | 9/1407 [00:01<03:51,  6.04it/s, avg=3.66, loss=3.53]Epoch 3 [train]:   1%|▏                       | 9/1407 [00:01<03:51,  6.04it/s, avg=3.66, loss=3.62]Epoch 3 [train]:   1%|▏                      | 10/1407 [00:01<03:44,  6.24it/s, avg=3.66, loss=3.62]Epoch 3 [train]:   1%|▏                      | 10/1407 [00:02<03:44,  6.24it/s, avg=3.65, loss=3.57]Epoch 3 [train]:   1%|▏                      | 11/1407 [00:02<03:51,  6.02it/s, avg=3.65, loss=3.57]Epoch 3 [train]:   1%|▏                      | 11/1407 [00:02<03:51,  6.02it/s, avg=3.66, loss=3.75]Epoch 3 [train]:   1%|▏                      | 12/1407 [00:02<04:01,  5.79it/s, avg=3.66, loss=3.75]Epoch 3 [train]:   1%|▏                      | 12/1407 [00:02<04:01,  5.79it/s, avg=3.66, loss=3.72]Epoch 3 [train]:   1%|▏                      | 13/1407 [00:02<04:03,  5.74it/s, avg=3.66, loss=3.72]Epoch 3 [train]:   1%|▏                      | 13/1407 [00:02<04:03,  5.74it/s, avg=3.67, loss=3.76]Epoch 3 [train]:   1%|▏                      | 14/1407 [00:02<04:01,  5.76it/s, avg=3.67, loss=3.76]Epoch 3 [train]:   1%|▏                      | 14/1407 [00:02<04:01,  5.76it/s, avg=3.66, loss=3.58]Epoch 3 [train]:   1%|▏                      | 15/1407 [00:02<03:57,  5.85it/s, avg=3.66, loss=3.58]Epoch 3 [train]:   1%|▎                       | 15/1407 [00:02<03:57,  5.85it/s, avg=3.67, loss=3.7]Epoch 3 [train]:   1%|▎                       | 16/1407 [00:02<04:08,  5.60it/s, avg=3.67, loss=3.7]Epoch 3 [train]:   1%|▎                      | 16/1407 [00:03<04:08,  5.60it/s, avg=3.66, loss=3.56]Epoch 3 [train]:   1%|▎                      | 17/1407 [00:03<03:45,  6.18it/s, avg=3.66, loss=3.56]Epoch 3 [train]:   1%|▎                      | 17/1407 [00:03<03:45,  6.18it/s, avg=3.66, loss=3.66]Epoch 3 [train]:   1%|▎                      | 18/1407 [00:03<03:52,  5.97it/s, avg=3.66, loss=3.66]Epoch 3 [train]:   1%|▎                      | 18/1407 [00:03<03:52,  5.97it/s, avg=3.66, loss=3.71]Epoch 3 [train]:   1%|▎                      | 19/1407 [00:03<03:55,  5.88it/s, avg=3.66, loss=3.71]Epoch 3 [train]:   1%|▎                      | 19/1407 [00:03<03:55,  5.88it/s, avg=3.66, loss=3.56]Epoch 3 [train]:   1%|▎                      | 20/1407 [00:03<03:49,  6.04it/s, avg=3.66, loss=3.56]Epoch 3 [train]:   1%|▎                      | 20/1407 [00:03<03:49,  6.04it/s, avg=3.65, loss=3.44]Epoch 3 [train]:   1%|▎                      | 21/1407 [00:03<03:43,  6.19it/s, avg=3.65, loss=3.44]Epoch 3 [train]:   1%|▎                       | 21/1407 [00:03<03:43,  6.19it/s, avg=3.65, loss=3.7]Epoch 3 [train]:   2%|▍                       | 22/1407 [00:03<03:50,  6.00it/s, avg=3.65, loss=3.7]Epoch 3 [train]:   2%|▎                      | 22/1407 [00:04<03:50,  6.00it/s, avg=3.65, loss=3.68]Epoch 3 [train]:   2%|▍                      | 23/1407 [00:04<04:17,  5.38it/s, avg=3.65, loss=3.68]Epoch 3 [train]:   2%|▍                      | 23/1407 [00:04<04:17,  5.38it/s, avg=3.65, loss=3.57]Epoch 3 [train]:   2%|▍                      | 24/1407 [00:04<04:27,  5.16it/s, avg=3.65, loss=3.57]Epoch 3 [train]:   2%|▍                      | 24/1407 [00:04<04:27,  5.16it/s, avg=3.65, loss=3.75]Epoch 3 [train]:   2%|▍                      | 25/1407 [00:04<04:30,  5.10it/s, avg=3.65, loss=3.75]Epoch 3 [train]:   2%|▍                      | 25/1407 [00:04<04:30,  5.10it/s, avg=3.66, loss=3.75]Epoch 3 [train]:   2%|▍                      | 26/1407 [00:04<04:18,  5.33it/s, avg=3.66, loss=3.75]Epoch 3 [train]:   2%|▍                      | 26/1407 [00:04<04:18,  5.33it/s, avg=3.66, loss=3.76]Epoch 3 [train]:   2%|▍                      | 27/1407 [00:04<04:30,  5.10it/s, avg=3.66, loss=3.76]Epoch 3 [train]:   2%|▍                      | 27/1407 [00:05<04:30,  5.10it/s, avg=3.66, loss=3.64]Epoch 3 [train]:   2%|▍                      | 28/1407 [00:05<04:45,  4.82it/s, avg=3.66, loss=3.64]Epoch 3 [train]:   2%|▍                      | 28/1407 [00:05<04:45,  4.82it/s, avg=3.66, loss=3.66]Epoch 3 [train]:   2%|▍                      | 29/1407 [00:05<04:25,  5.19it/s, avg=3.66, loss=3.66]Epoch 3 [train]:   2%|▍                      | 29/1407 [00:05<04:25,  5.19it/s, avg=3.66, loss=3.78]Epoch 3 [train]:   2%|▍                      | 30/1407 [00:05<04:28,  5.13it/s, avg=3.66, loss=3.78]Epoch 3 [train]:   2%|▍                      | 30/1407 [00:05<04:28,  5.13it/s, avg=3.66, loss=3.65]Epoch 3 [train]:   2%|▌                      | 31/1407 [00:05<04:24,  5.20it/s, avg=3.66, loss=3.65]Epoch 3 [train]:   2%|▌                      | 31/1407 [00:05<04:24,  5.20it/s, avg=3.66, loss=3.66]Epoch 3 [train]:   2%|▌                      | 32/1407 [00:05<04:02,  5.66it/s, avg=3.66, loss=3.66]Epoch 3 [train]:   2%|▌                      | 32/1407 [00:06<04:02,  5.66it/s, avg=3.66, loss=3.58]Epoch 3 [train]:   2%|▌                      | 33/1407 [00:06<03:59,  5.74it/s, avg=3.66, loss=3.58]Epoch 3 [train]:   2%|▌                      | 33/1407 [00:06<03:59,  5.74it/s, avg=3.66, loss=3.62]Epoch 3 [train]:   2%|▌                      | 34/1407 [00:06<04:03,  5.64it/s, avg=3.66, loss=3.62]Epoch 3 [train]:   2%|▌                      | 34/1407 [00:06<04:03,  5.64it/s, avg=3.66, loss=3.62]Epoch 3 [train]:   2%|▌                      | 35/1407 [00:06<03:49,  5.98it/s, avg=3.66, loss=3.62]Epoch 3 [train]:   2%|▌                      | 35/1407 [00:06<03:49,  5.98it/s, avg=3.66, loss=3.64]Epoch 3 [train]:   3%|▌                      | 36/1407 [00:06<03:47,  6.02it/s, avg=3.66, loss=3.64]Epoch 3 [train]:   3%|▌                      | 36/1407 [00:06<03:47,  6.02it/s, avg=3.66, loss=3.66]Epoch 3 [train]:   3%|▌                      | 37/1407 [00:06<04:15,  5.37it/s, avg=3.66, loss=3.66]Epoch 3 [train]:   3%|▌                      | 37/1407 [00:06<04:15,  5.37it/s, avg=3.66, loss=3.85]Epoch 3 [train]:   3%|▌                      | 38/1407 [00:06<03:57,  5.77it/s, avg=3.66, loss=3.85]Epoch 3 [train]:   3%|▌                      | 38/1407 [00:07<03:57,  5.77it/s, avg=3.66, loss=3.55]Epoch 3 [train]:   3%|▋                      | 39/1407 [00:07<03:50,  5.93it/s, avg=3.66, loss=3.55]Epoch 3 [train]:   3%|▋                      | 39/1407 [00:07<03:50,  5.93it/s, avg=3.66, loss=3.71]Epoch 3 [train]:   3%|▋                      | 40/1407 [00:07<03:58,  5.74it/s, avg=3.66, loss=3.71]Epoch 3 [train]:   3%|▋                      | 40/1407 [00:07<03:58,  5.74it/s, avg=3.66, loss=3.63]Epoch 3 [train]:   3%|▋                      | 41/1407 [00:07<04:21,  5.22it/s, avg=3.66, loss=3.63]Epoch 3 [train]:   3%|▋                      | 41/1407 [00:07<04:21,  5.22it/s, avg=3.66, loss=3.65]Epoch 3 [train]:   3%|▋                      | 42/1407 [00:07<04:11,  5.44it/s, avg=3.66, loss=3.65]Epoch 3 [train]:   3%|▋                      | 42/1407 [00:07<04:11,  5.44it/s, avg=3.66, loss=3.71]Epoch 3 [train]:   3%|▋                      | 43/1407 [00:07<04:12,  5.39it/s, avg=3.66, loss=3.71]Epoch 3 [train]:   3%|▋                      | 43/1407 [00:07<04:12,  5.39it/s, avg=3.66, loss=3.74]Epoch 3 [train]:   3%|▋                      | 44/1407 [00:07<03:57,  5.74it/s, avg=3.66, loss=3.74]Epoch 3 [train]:   3%|▋                      | 44/1407 [00:08<03:57,  5.74it/s, avg=3.66, loss=3.73]Epoch 3 [train]:   3%|▋                      | 45/1407 [00:08<04:01,  5.64it/s, avg=3.66, loss=3.73]Epoch 3 [train]:   3%|▋                      | 45/1407 [00:08<04:01,  5.64it/s, avg=3.66, loss=3.65]Epoch 3 [train]:   3%|▊                      | 46/1407 [00:08<04:13,  5.38it/s, avg=3.66, loss=3.65]Epoch 3 [train]:   3%|▊                      | 46/1407 [00:08<04:13,  5.38it/s, avg=3.67, loss=3.79]Epoch 3 [train]:   3%|▊                      | 47/1407 [00:08<04:00,  5.65it/s, avg=3.67, loss=3.79]Epoch 3 [train]:   3%|▊                      | 47/1407 [00:08<04:00,  5.65it/s, avg=3.67, loss=3.64]Epoch 3 [train]:   3%|▊                      | 48/1407 [00:08<03:46,  5.99it/s, avg=3.67, loss=3.64]Epoch 3 [train]:   3%|▊                      | 48/1407 [00:08<03:46,  5.99it/s, avg=3.66, loss=3.61]Epoch 3 [train]:   3%|▊                      | 49/1407 [00:08<03:38,  6.23it/s, avg=3.66, loss=3.61]Epoch 3 [train]:   3%|▊                      | 49/1407 [00:08<03:38,  6.23it/s, avg=3.66, loss=3.63]Epoch 3 [train]:   4%|▊                      | 50/1407 [00:08<03:45,  6.01it/s, avg=3.66, loss=3.63]Epoch 3 [train]:   4%|▊                       | 50/1407 [00:09<03:45,  6.01it/s, avg=3.66, loss=3.7]Epoch 3 [train]:   4%|▊                       | 51/1407 [00:09<03:44,  6.05it/s, avg=3.66, loss=3.7]Epoch 3 [train]:   4%|▊                      | 51/1407 [00:09<03:44,  6.05it/s, avg=3.67, loss=3.68]Epoch 3 [train]:   4%|▊                      | 52/1407 [00:09<03:45,  6.00it/s, avg=3.67, loss=3.68]Epoch 3 [train]:   4%|▊                      | 52/1407 [00:09<03:45,  6.00it/s, avg=3.67, loss=3.66]Epoch 3 [train]:   4%|▊                      | 53/1407 [00:09<04:11,  5.39it/s, avg=3.67, loss=3.66]Epoch 3 [train]:   4%|▊                      | 53/1407 [00:09<04:11,  5.39it/s, avg=3.66, loss=3.48]Epoch 3 [train]:   4%|▉                      | 54/1407 [00:09<03:50,  5.88it/s, avg=3.66, loss=3.48]Epoch 3 [train]:   4%|▉                      | 54/1407 [00:09<03:50,  5.88it/s, avg=3.66, loss=3.55]Epoch 3 [train]:   4%|▉                      | 55/1407 [00:09<04:09,  5.42it/s, avg=3.66, loss=3.55]Epoch 3 [train]:   4%|▉                      | 55/1407 [00:10<04:09,  5.42it/s, avg=3.66, loss=3.77]Epoch 3 [train]:   4%|▉                      | 56/1407 [00:10<04:01,  5.58it/s, avg=3.66, loss=3.77]Epoch 3 [train]:   4%|▉                      | 56/1407 [00:10<04:01,  5.58it/s, avg=3.66, loss=3.57]Epoch 3 [train]:   4%|▉                      | 57/1407 [00:10<03:59,  5.64it/s, avg=3.66, loss=3.57]Epoch 3 [train]:   4%|▉                      | 57/1407 [00:10<03:59,  5.64it/s, avg=3.66, loss=3.54]Epoch 3 [train]:   4%|▉                      | 58/1407 [00:10<03:51,  5.82it/s, avg=3.66, loss=3.54]Epoch 3 [train]:   4%|▉                      | 58/1407 [00:10<03:51,  5.82it/s, avg=3.66, loss=3.58]Epoch 3 [train]:   4%|▉                      | 59/1407 [00:10<04:16,  5.25it/s, avg=3.66, loss=3.58]Epoch 3 [train]:   4%|▉                      | 59/1407 [00:10<04:16,  5.25it/s, avg=3.66, loss=3.73]Epoch 3 [train]:   4%|▉                      | 60/1407 [00:10<04:06,  5.47it/s, avg=3.66, loss=3.73]Epoch 3 [train]:   4%|▉                      | 60/1407 [00:10<04:06,  5.47it/s, avg=3.66, loss=3.56]Epoch 3 [train]:   4%|▉                      | 61/1407 [00:10<04:07,  5.43it/s, avg=3.66, loss=3.56]Epoch 3 [train]:   4%|█                       | 61/1407 [00:11<04:07,  5.43it/s, avg=3.66, loss=3.6]Epoch 3 [train]:   4%|█                       | 62/1407 [00:11<03:45,  5.96it/s, avg=3.66, loss=3.6]Epoch 3 [train]:   4%|█                      | 62/1407 [00:11<03:45,  5.96it/s, avg=3.66, loss=3.87]Epoch 3 [train]:   4%|█                      | 63/1407 [00:11<03:34,  6.26it/s, avg=3.66, loss=3.87]Epoch 3 [train]:   4%|█                      | 63/1407 [00:11<03:34,  6.26it/s, avg=3.66, loss=3.59]Epoch 3 [train]:   5%|█                      | 64/1407 [00:11<03:25,  6.54it/s, avg=3.66, loss=3.59]Epoch 3 [train]:   5%|█                      | 64/1407 [00:11<03:25,  6.54it/s, avg=3.66, loss=3.75]Epoch 3 [train]:   5%|█                      | 65/1407 [00:11<03:24,  6.55it/s, avg=3.66, loss=3.75]Epoch 3 [train]:   5%|█                      | 65/1407 [00:11<03:24,  6.55it/s, avg=3.66, loss=3.52]Epoch 3 [train]:   5%|█                      | 66/1407 [00:11<03:25,  6.54it/s, avg=3.66, loss=3.52]Epoch 3 [train]:   5%|█                      | 66/1407 [00:11<03:25,  6.54it/s, avg=3.66, loss=3.68]Epoch 3 [train]:   5%|█                      | 67/1407 [00:11<03:27,  6.47it/s, avg=3.66, loss=3.68]Epoch 3 [train]:   5%|█                      | 67/1407 [00:12<03:27,  6.47it/s, avg=3.66, loss=3.81]Epoch 3 [train]:   5%|█                      | 68/1407 [00:12<03:44,  5.96it/s, avg=3.66, loss=3.81]Epoch 3 [train]:   5%|█                      | 68/1407 [00:12<03:44,  5.96it/s, avg=3.66, loss=3.45]Epoch 3 [train]:   5%|█▏                     | 69/1407 [00:12<03:40,  6.08it/s, avg=3.66, loss=3.45]Epoch 3 [train]:   5%|█▏                     | 69/1407 [00:12<03:40,  6.08it/s, avg=3.66, loss=3.78]Epoch 3 [train]:   5%|█▏                     | 70/1407 [00:12<03:40,  6.06it/s, avg=3.66, loss=3.78]Epoch 3 [train]:   5%|█▏                     | 70/1407 [00:12<03:40,  6.06it/s, avg=3.66, loss=3.73]Epoch 3 [train]:   5%|█▏                     | 71/1407 [00:12<03:37,  6.14it/s, avg=3.66, loss=3.73]Epoch 3 [train]:   5%|█▏                     | 71/1407 [00:12<03:37,  6.14it/s, avg=3.66, loss=3.56]Epoch 3 [train]:   5%|█▏                     | 72/1407 [00:12<03:44,  5.94it/s, avg=3.66, loss=3.56]Epoch 3 [train]:   5%|█▏                     | 72/1407 [00:12<03:44,  5.94it/s, avg=3.66, loss=3.67]Epoch 3 [train]:   5%|█▏                     | 73/1407 [00:12<03:34,  6.21it/s, avg=3.66, loss=3.67]Epoch 3 [train]:   5%|█▏                     | 73/1407 [00:12<03:34,  6.21it/s, avg=3.66, loss=3.71]Epoch 3 [train]:   5%|█▏                     | 74/1407 [00:12<03:31,  6.31it/s, avg=3.66, loss=3.71]Epoch 3 [train]:   5%|█▏                     | 74/1407 [00:13<03:31,  6.31it/s, avg=3.66, loss=3.58]Epoch 3 [train]:   5%|█▏                     | 75/1407 [00:13<03:26,  6.47it/s, avg=3.66, loss=3.58]Epoch 3 [train]:   5%|█▏                     | 75/1407 [00:13<03:26,  6.47it/s, avg=3.66, loss=3.79]Epoch 3 [train]:   5%|█▏                     | 76/1407 [00:13<03:48,  5.82it/s, avg=3.66, loss=3.79]Epoch 3 [train]:   5%|█▏                     | 76/1407 [00:13<03:48,  5.82it/s, avg=3.66, loss=3.68]Epoch 3 [train]:   5%|█▎                     | 77/1407 [00:13<03:34,  6.21it/s, avg=3.66, loss=3.68]Epoch 3 [train]:   5%|█▎                     | 77/1407 [00:13<03:34,  6.21it/s, avg=3.66, loss=3.65]Epoch 3 [train]:   6%|█▎                     | 78/1407 [00:13<03:39,  6.06it/s, avg=3.66, loss=3.65]Epoch 3 [train]:   6%|█▎                     | 78/1407 [00:13<03:39,  6.06it/s, avg=3.66, loss=3.62]Epoch 3 [train]:   6%|█▎                     | 79/1407 [00:13<03:48,  5.82it/s, avg=3.66, loss=3.62]Epoch 3 [train]:   6%|█▎                     | 79/1407 [00:14<03:48,  5.82it/s, avg=3.66, loss=3.59]Epoch 3 [train]:   6%|█▎                     | 80/1407 [00:14<03:38,  6.07it/s, avg=3.66, loss=3.59]Epoch 3 [train]:   6%|█▎                     | 80/1407 [00:14<03:38,  6.07it/s, avg=3.66, loss=3.65]Epoch 3 [train]:   6%|█▎                     | 81/1407 [00:14<03:46,  5.84it/s, avg=3.66, loss=3.65]Epoch 3 [train]:   6%|█▎                     | 81/1407 [00:14<03:46,  5.84it/s, avg=3.66, loss=3.67]Epoch 3 [train]:   6%|█▎                     | 82/1407 [00:14<03:42,  5.96it/s, avg=3.66, loss=3.67]Epoch 3 [train]:   6%|█▎                     | 82/1407 [00:14<03:42,  5.96it/s, avg=3.66, loss=3.74]Epoch 3 [train]:   6%|█▎                     | 83/1407 [00:14<03:45,  5.86it/s, avg=3.66, loss=3.74]Epoch 3 [train]:   6%|█▎                     | 83/1407 [00:14<03:45,  5.86it/s, avg=3.66, loss=3.82]Epoch 3 [train]:   6%|█▎                     | 84/1407 [00:14<03:34,  6.18it/s, avg=3.66, loss=3.82]Epoch 3 [train]:   6%|█▎                     | 84/1407 [00:14<03:34,  6.18it/s, avg=3.66, loss=3.63]Epoch 3 [train]:   6%|█▍                     | 85/1407 [00:14<03:28,  6.34it/s, avg=3.66, loss=3.63]Epoch 3 [train]:   6%|█▍                     | 85/1407 [00:14<03:28,  6.34it/s, avg=3.66, loss=3.53]Epoch 3 [train]:   6%|█▍                     | 86/1407 [00:14<03:36,  6.09it/s, avg=3.66, loss=3.53]Epoch 3 [train]:   6%|█▍                     | 86/1407 [00:15<03:36,  6.09it/s, avg=3.66, loss=3.79]Epoch 3 [train]:   6%|█▍                     | 87/1407 [00:15<03:52,  5.68it/s, avg=3.66, loss=3.79]Epoch 3 [train]:   6%|█▍                      | 87/1407 [00:15<03:52,  5.68it/s, avg=3.66, loss=3.8]Epoch 3 [train]:   6%|█▌                      | 88/1407 [00:15<03:31,  6.23it/s, avg=3.66, loss=3.8]Epoch 3 [train]:   6%|█▍                     | 88/1407 [00:15<03:31,  6.23it/s, avg=3.66, loss=3.69]Epoch 3 [train]:   6%|█▍                     | 89/1407 [00:15<03:42,  5.94it/s, avg=3.66, loss=3.69]Epoch 3 [train]:   6%|█▍                     | 89/1407 [00:15<03:42,  5.94it/s, avg=3.66, loss=3.67]Epoch 3 [train]:   6%|█▍                     | 90/1407 [00:15<03:36,  6.09it/s, avg=3.66, loss=3.67]Epoch 3 [train]:   6%|█▍                     | 90/1407 [00:15<03:36,  6.09it/s, avg=3.66, loss=3.86]Epoch 3 [train]:   6%|█▍                     | 91/1407 [00:15<03:48,  5.75it/s, avg=3.66, loss=3.86]Epoch 3 [train]:   6%|█▍                     | 91/1407 [00:16<03:48,  5.75it/s, avg=3.67, loss=3.69]Epoch 3 [train]:   7%|█▌                     | 92/1407 [00:16<03:47,  5.77it/s, avg=3.67, loss=3.69]Epoch 3 [train]:   7%|█▌                     | 92/1407 [00:16<03:47,  5.77it/s, avg=3.67, loss=3.73]Epoch 3 [train]:   7%|█▌                     | 93/1407 [00:16<03:51,  5.68it/s, avg=3.67, loss=3.73]Epoch 3 [train]:   7%|█▌                     | 93/1407 [00:16<03:51,  5.68it/s, avg=3.67, loss=3.73]Epoch 3 [train]:   7%|█▌                     | 94/1407 [00:16<04:09,  5.27it/s, avg=3.67, loss=3.73]Epoch 3 [train]:   7%|█▌                     | 94/1407 [00:16<04:09,  5.27it/s, avg=3.67, loss=3.84]Epoch 3 [train]:   7%|█▌                     | 95/1407 [00:16<03:58,  5.51it/s, avg=3.67, loss=3.84]Epoch 3 [train]:   7%|█▌                     | 95/1407 [00:16<03:58,  5.51it/s, avg=3.67, loss=3.52]Epoch 3 [train]:   7%|█▌                     | 96/1407 [00:16<03:51,  5.67it/s, avg=3.67, loss=3.52]Epoch 3 [train]:   7%|█▌                     | 96/1407 [00:16<03:51,  5.67it/s, avg=3.67, loss=3.57]Epoch 3 [train]:   7%|█▌                     | 97/1407 [00:16<03:37,  6.01it/s, avg=3.67, loss=3.57]Epoch 3 [train]:   7%|█▋                      | 97/1407 [00:17<03:37,  6.01it/s, avg=3.67, loss=3.8]Epoch 3 [train]:   7%|█▋                      | 98/1407 [00:17<03:30,  6.21it/s, avg=3.67, loss=3.8]Epoch 3 [train]:   7%|█▌                     | 98/1407 [00:17<03:30,  6.21it/s, avg=3.67, loss=3.54]Epoch 3 [train]:   7%|█▌                     | 99/1407 [00:17<03:22,  6.45it/s, avg=3.67, loss=3.54][train] epoch=3 batch=100/1407 loss=3.6617 avg=3.6658 gpu_mem=975MB
Epoch 3 [train]:   7%|█▌                     | 99/1407 [00:17<03:22,  6.45it/s, avg=3.67, loss=3.66]Epoch 3 [train]:   7%|█▌                    | 100/1407 [00:17<03:36,  6.03it/s, avg=3.67, loss=3.66]Epoch 3 [train]:   7%|█▌                    | 100/1407 [00:17<03:36,  6.03it/s, avg=3.67, loss=3.65]Epoch 3 [train]:   7%|█▌                    | 101/1407 [00:17<03:30,  6.21it/s, avg=3.67, loss=3.65]Epoch 3 [train]:   7%|█▌                    | 101/1407 [00:17<03:30,  6.21it/s, avg=3.66, loss=3.47]Epoch 3 [train]:   7%|█▌                    | 102/1407 [00:17<03:28,  6.25it/s, avg=3.66, loss=3.47]Epoch 3 [train]:   7%|█▌                    | 102/1407 [00:17<03:28,  6.25it/s, avg=3.66, loss=3.39]Epoch 3 [train]:   7%|█▌                    | 103/1407 [00:17<03:41,  5.88it/s, avg=3.66, loss=3.39]Epoch 3 [train]:   7%|█▌                    | 103/1407 [00:18<03:41,  5.88it/s, avg=3.66, loss=3.77]Epoch 3 [train]:   7%|█▋                    | 104/1407 [00:18<03:36,  6.03it/s, avg=3.66, loss=3.77]